1743183994.0446968,pressure,0.339493989944458
1743183995.0477061,pressure,0.3417165279388428
1743183996.0495973,pressure,0.33954334259033203
1743183997.0526311,pressure,0.3419530391693115
1743183998.0545688,pressure,0.343109130859375
1743183999.0563412,pressure,0.3443303108215332
1743184000.0576165,pressure,0.34022045135498047
1743184001.0587509,pressure,0.33847498893737793
1743184002.0602636,pressure,0.338395357131958
1743184002.0661128,pressure,0.34431910514831543
1743184003.0615323,pressure,0.335369348526001
1743184003.0675511,pressure,0.34139442443847656
1743184004.0640986,pressure,0.33632326126098633
1743184004.0692785,pressure,0.34151744842529297
1743184005.0654597,pressure,0.33627843856811523
1743184005.0704534,pressure,0.34131646156311035
1743184006.0672941,pressure,0.33675599098205566
1743184006.0717223,pressure,0.3412628173828125
1743184007.0700414,pressure,0.3348085880279541
1743184007.0730393,pressure,0.33782362937927246
1743184008.0728784,pressure,0.33465027809143066
1743184008.0741944,pressure,0.3361237049102783
1743184009.0747144,pressure,0.335491418838501
1743184009.0765512,pressure,0.33736205101013184
1743184010.077669,pressure,0.3348221778869629
1743184010.078429,pressure,0.3356945514678955
1743184011.0803568,pressure,0.3371751308441162
1743184011.0805821,pressure,0.33740735054016113
1743184011.2179306,pressure,0.4746983051300049
1743184012.0819113,pressure,0.336484432220459
1743184012.0824575,pressure,0.33712100982666016
1743184012.2197886,pressure,0.47449684143066406
1743184013.0834675,pressure,0.337024450302124
1743184013.08367,pressure,0.3372461795806885
1743184013.2214863,pressure,0.47501635551452637
1743184014.0846667,pressure,0.33650779724121094
1743184014.0857465,pressure,0.33766937255859375
1743184014.2237155,pressure,0.4756443500518799
1743184015.0859282,pressure,0.3359336853027344
1743184015.0869026,pressure,0.3369152545928955
1743184015.225741,pressure,0.4757397174835205
1743184016.087604,pressure,0.33472585678100586
1743184016.0883512,pressure,0.33548688888549805
1743184016.2272441,pressure,0.47434306144714355
1743184017.0886557,pressure,0.3349337577819824
1743184017.089408,pressure,0.33572888374328613
1743184017.228356,pressure,0.47470760345458984
1743184018.090881,pressure,0.3351325988769531
1743184018.0914023,pressure,0.3357055187225342
1743184018.2295094,pressure,0.47374534606933594
1743184019.093211,pressure,0.33669376373291016
1743184019.0933225,pressure,0.3368215560913086
1743184019.2311056,pressure,0.4744875431060791
1743184020.0982313,pressure,0.33889126777648926
1743184020.0984,pressure,0.3390333652496338
1743184020.233036,pressure,0.4736669063568115
1743184021.101313,pressure,0.34098148345947266
1743184021.1016917,pressure,0.34128785133361816
1743184021.2342377,pressure,0.4739115238189697
1743184022.1034532,pressure,0.3379359245300293
1743184022.1046622,pressure,0.3391239643096924
1743184022.2358744,pressure,0.4704170227050781
1743184023.1060672,pressure,0.3349788188934326
1743184023.1067064,pressure,0.3357260227203369
1743184023.2367914,pressure,0.46588134765625
1743184024.1076224,pressure,0.3331410884857178
1743184024.108927,pressure,0.3341710567474365
1743184024.2380571,pressure,0.46354079246520996
1743184025.1090121,pressure,0.33160972595214844
1743184025.1105611,pressure,0.3332846164703369
1743184025.239256,pressure,0.46197986602783203
1743184026.110156,pressure,0.3317420482635498
1743184026.1119642,pressure,0.3336312770843506
1743184026.240668,pressure,0.4623899459838867
1743184027.1135879,pressure,0.33294200897216797
1743184027.113646,pressure,0.33306431770324707
1743184027.2422607,pressure,0.46182751655578613
1743184028.116376,pressure,0.33258819580078125
1743184028.1173368,pressure,0.3334779739379883
1743184028.243012,pressure,0.4591977596282959
1743184029.118356,pressure,0.3336920738220215
1743184029.119188,pressure,0.33455443382263184
1743184029.2457597,pressure,0.4611375331878662
1743184030.1231737,pressure,0.33669424057006836
1743184030.1232655,pressure,0.3367807865142822
1743184030.2472484,pressure,0.46071553230285645
1743184031.1246252,pressure,0.33685302734375
1743184031.125784,pressure,0.33795642852783203
1743184031.2484088,pressure,0.460646390914917
1743184032.1281283,pressure,0.3391597270965576
1743184032.1284802,pressure,0.33949995040893555
1743184032.2495024,pressure,0.4605989456176758
1743184033.1314178,pressure,0.34124326705932617
1743184033.1314552,pressure,0.3413820266723633
1743184033.2508657,pressure,0.4608194828033447
1743184034.1343837,pressure,0.3425767421722412
1743184034.1344304,pressure,0.3426227569580078
1743184034.251927,pressure,0.46002721786499023
1743184035.1367898,pressure,0.3414182662963867
1743184035.1368492,pressure,0.3414762020111084
1743184035.2548666,pressure,0.45917248725891113
1743184036.138479,pressure,0.34177160263061523
1743184036.1395345,pressure,0.3426244258880615
1743184036.2593982,pressure,0.46256065368652344
1743184037.1403115,pressure,0.3430016040802002
1743184037.1410365,pressure,0.34373998641967773
1743184037.2612925,pressure,0.4640049934387207
1743184038.1424608,pressure,0.34267377853393555
1743184038.1424658,pressure,0.342724084854126
1743184038.2625098,pressure,0.46280717849731445
1743184039.1439106,pressure,0.34166455268859863
1743184039.1444829,pressure,0.3423328399658203
1743184039.266143,pressure,0.4637939929962158
1743184040.1463242,pressure,0.34015607833862305
1743184040.1466885,pressure,0.3403763771057129
1743184040.2676048,pressure,0.461414098739624
1743184041.148176,pressure,0.33904075622558594
1743184041.14874,pressure,0.3395242691040039
1743184041.2689624,pressure,0.45976781845092773
1743184042.149441,pressure,0.3365061283111572
1743184042.1503713,pressure,0.33739781379699707
1743184042.27049,pressure,0.4575767517089844
1743184043.1520567,pressure,0.33799052238464355
1743184043.1530986,pressure,0.3389928340911865
1743184043.271413,pressure,0.4575181007385254
1743184044.1532397,pressure,0.3385460376739502
1743184044.1546524,pressure,0.33983612060546875
1743184044.2722158,pressure,0.45767641067504883
1743184045.1564384,pressure,0.33907628059387207
1743184045.157669,pressure,0.34023332595825195
1743184045.2735202,pressure,0.4561021327972412
1743184046.1585395,pressure,0.3373987674713135
1743184046.1597147,pressure,0.338397741317749
1743184046.2754889,pressure,0.4543192386627197
1743184047.161023,pressure,0.33879733085632324
1743184047.1619925,pressure,0.3396275043487549
1743184047.2773912,pressure,0.4553260803222656
1743184048.1641421,pressure,0.3373270034790039
1743184048.1644132,pressure,0.33762454986572266
1743184048.2788677,pressure,0.451977014541626
1743184049.1663191,pressure,0.33890533447265625
1743184049.167384,pressure,0.33997464179992676
1743184049.2805076,pressure,0.453092098236084
1743184050.1700966,pressure,0.34227705001831055
1743184050.171581,pressure,0.3436086177825928
1743184050.2825105,pressure,0.4546542167663574
1743184051.174297,pressure,0.34519267082214355
1743184051.1746833,pressure,0.345501184463501
1743184051.2850275,pressure,0.4559516906738281
1743184052.175724,pressure,0.3453853130340576
1743184052.176769,pressure,0.3464090824127197
1743184052.2874043,pressure,0.45687294006347656
1743184053.1772127,pressure,0.3455479145050049
1743184053.1780832,pressure,0.3464329242706299
1743184053.2887297,pressure,0.457136869430542
1743184054.1790416,pressure,0.3466346263885498
1743184054.1794832,pressure,0.34708428382873535
1743184054.290446,pressure,0.4581170082092285
1743184055.1841924,pressure,0.3472011089324951
1743184055.184673,pressure,0.34778857231140137
1743184055.291998,pressure,0.45503807067871094
1743184056.1890006,pressure,0.34735679626464844
1743184056.1900578,pressure,0.34836578369140625
1743184056.2929626,pressure,0.45157480239868164
1743184057.1926148,pressure,0.3502624034881592
1743184057.192993,pressure,0.35063982009887695
1743184057.2947602,pressure,0.4522285461425781
1743184058.196177,pressure,0.3532679080963135
1743184058.1964338,pressure,0.35352587699890137
1743184058.2960892,pressure,0.453244686126709
1743184059.1982524,pressure,0.3540658950805664
1743184059.1984334,pressure,0.3542921543121338
1743184059.2973366,pressure,0.45291948318481445
1743184060.2002416,pressure,0.3554246425628662
1743184060.2003613,pressure,0.35554003715515137
1743184060.2993054,pressure,0.4545021057128906
1743184061.2013829,pressure,0.35596132278442383
1743184061.2017262,pressure,0.3562483787536621
1743184061.3003101,pressure,0.454866886138916
1743184062.2024066,pressure,0.35643815994262695
1743184062.204028,pressure,0.3574528694152832
1743184062.302257,pressure,0.4563100337982178
1743184063.2060683,pressure,0.3594474792480469
1743184063.2065015,pressure,0.3599255084991455
1743184063.3033466,pressure,0.45682692527770996
1743184064.20826,pressure,0.3607356548309326
1743184064.208313,pressure,0.3607313632965088
1743184064.3050408,pressure,0.4574589729309082
1743184065.2101898,pressure,0.35939478874206543
1743184065.2104685,pressure,0.3597085475921631
1743184065.3068924,pressure,0.45606064796447754
1743184066.2125301,pressure,0.3609654903411865
1743184066.2134054,pressure,0.3618149757385254
1743184066.307623,pressure,0.45612072944641113
1743184067.2134633,pressure,0.35866856575012207
1743184067.2143202,pressure,0.3596227169036865
1743184067.309967,pressure,0.4551258087158203
1743184068.2162218,pressure,0.35804080963134766
1743184068.2164419,pressure,0.3582785129547119
1743184068.3110206,pressure,0.45293235778808594
1743184069.2180107,pressure,0.35901665687561035
1743184069.218899,pressure,0.359694242477417
1743184069.3122234,pressure,0.4530487060546875
1743184070.2214582,pressure,0.3619070053100586
1743184070.2227848,pressure,0.36297106742858887
1743184070.3150575,pressure,0.45540475845336914
1743184071.223545,pressure,0.3622140884399414
1743184071.2242348,pressure,0.36294102668762207
1743184071.317124,pressure,0.45588159561157227
1743184072.2246099,pressure,0.3610560894012451
1743184072.225396,pressure,0.36188173294067383
1743184072.3182447,pressure,0.4546949863433838
1743184073.2284725,pressure,0.3636636734008789
1743184073.2289383,pressure,0.36348485946655273
1743184073.3201256,pressure,0.4553642272949219
1743184074.2329726,pressure,0.36710047721862793
1743184074.2333362,pressure,0.3672640323638916
1743184074.321666,pressure,0.4560966491699219
1743184075.2356074,pressure,0.3694305419921875
1743184075.2356071,pressure,0.36942386627197266
1743184075.3239686,pressure,0.4578402042388916
1743184076.2376406,pressure,0.3707141876220703
1743184076.2386193,pressure,0.37178707122802734
1743184076.3251517,pressure,0.45839953422546387
1743184077.2392678,pressure,0.37125253677368164
1743184077.2413747,pressure,0.37335777282714844
1743184077.3269951,pressure,0.45880866050720215
1743184078.2407405,pressure,0.37196826934814453
1743184078.242158,pressure,0.3734714984893799
1743184078.3279777,pressure,0.459186315536499
1743184079.2422323,pressure,0.3725919723510742
1743184079.243171,pressure,0.3735992908477783
1743184079.3292828,pressure,0.45972466468811035
1743184080.2466998,pressure,0.37622880935668945
1743184080.2475257,pressure,0.3770256042480469
1743184080.331316,pressure,0.46077704429626465
1743184081.2486444,pressure,0.37726664543151855
1743184081.2494814,pressure,0.37804722785949707
1743184081.332716,pressure,0.46139025688171387
1743184082.2501888,pressure,0.3781416416168213
1743184082.2515564,pressure,0.3795304298400879
1743184082.3336248,pressure,0.461467981338501
1743184083.2520192,pressure,0.3782646656036377
1743184083.2523549,pressure,0.3786766529083252
1743184083.3359463,pressure,0.4622046947479248
1743184084.2534304,pressure,0.3787953853607178
1743184084.2544858,pressure,0.3797330856323242
1743184084.3381414,pressure,0.46341872215270996
1743184085.2570806,pressure,0.38183045387268066
1743184085.2574356,pressure,0.38228702545166016
1743184085.340451,pressure,0.46527886390686035
1743184086.2593548,pressure,0.381730318069458
1743184086.2597518,pressure,0.38208580017089844
1743184086.342292,pressure,0.4646637439727783
1743184087.260285,pressure,0.3797006607055664
1743184087.2611332,pressure,0.38060450553894043
1743184087.3434665,pressure,0.46291327476501465
1743184088.2611938,pressure,0.37877893447875977
1743184088.2629645,pressure,0.38017821311950684
1743184088.3442512,pressure,0.4619333744049072
1743184089.2675054,pressure,0.38424015045166016
1743184089.267773,pressure,0.3845245838165283
1743184089.3465016,pressure,0.4632878303527832
1743184090.268962,pressure,0.38478851318359375
1743184090.2690256,pressure,0.38485217094421387
1743184090.3485107,pressure,0.4641304016113281
1743184091.2700458,pressure,0.38529086112976074
1743184091.2704742,pressure,0.3857235908508301
1743184091.3500986,pressure,0.4653432369232178
1743184092.2711642,pressure,0.3848872184753418
1743184092.27251,pressure,0.3861353397369385
1743184092.3517816,pressure,0.4654269218444824
1743184093.2729683,pressure,0.38544750213623047
1743184093.274464,pressure,0.3868560791015625
1743184093.3528554,pressure,0.46549415588378906
1743184094.275179,pressure,0.3871781826019287
1743184094.2760975,pressure,0.38806939125061035
1743184094.3541117,pressure,0.46613144874572754
1743184095.2766292,pressure,0.38809633255004883
1743184095.2777333,pressure,0.3890233039855957
1743184095.355365,pressure,0.46683454513549805
1743184096.2790127,pressure,0.38840293884277344
1743184096.2790647,pressure,0.3881385326385498
1743184096.3564227,pressure,0.46586084365844727
1743184097.280846,pressure,0.3885986804962158
1743184097.2815833,pressure,0.38939332962036133
1743184097.3575099,pressure,0.4653208255767822
1743184098.2829583,pressure,0.3892695903778076
1743184098.2839818,pressure,0.39002442359924316
1743184098.359072,pressure,0.4655747413635254
1743184099.2842007,pressure,0.38872790336608887
1743184099.2871144,pressure,0.39142513275146484
1743184099.3605726,pressure,0.4650888442993164
1743184100.2863958,pressure,0.3902475833892822
1743184100.2888684,pressure,0.3926661014556885
1743184100.3621671,pressure,0.465925931930542
1743184101.287284,pressure,0.3895120620727539
1743184101.2899513,pressure,0.3921504020690918
1743184101.365619,pressure,0.4677407741546631
1743184102.2887864,pressure,0.3875102996826172
1743184102.2911696,pressure,0.38980531692504883
1743184102.3672123,pressure,0.46587538719177246
1743184103.2913828,pressure,0.38903331756591797
1743184103.2931702,pressure,0.3907008171081543
1743184103.3682787,pressure,0.465939998626709
1743184104.295673,pressure,0.39185619354248047
1743184104.2958012,pressure,0.39194154739379883
1743184104.3694246,pressure,0.46562623977661133
1743184105.2983441,pressure,0.39226841926574707
1743184105.2998636,pressure,0.39344048500061035
1743184105.3711255,pressure,0.4649691581726074
1743184106.2991757,pressure,0.39139866828918457
1743184106.3012102,pressure,0.3933084011077881
1743184106.3732724,pressure,0.46534276008605957
1743184107.301583,pressure,0.3897578716278076
1743184107.3033576,pressure,0.39153385162353516
1743184107.3753986,pressure,0.46351027488708496
1743184108.3027632,pressure,0.38773298263549805
1743184108.3043904,pressure,0.3893756866455078
1743184108.3771977,pressure,0.4621129035949707
1743184109.3078911,pressure,0.3903019428253174
1743184109.3087108,pressure,0.39116883277893066
1743184109.3783417,pressure,0.4609076976776123
1743184110.3087637,pressure,0.38991308212280273
1743184110.3098564,pressure,0.39098358154296875
1743184110.3794045,pressure,0.46045780181884766
1743184111.3097754,pressure,0.38792943954467773
1743184111.3107898,pressure,0.3889350891113281
1743184111.38148,pressure,0.459338903427124
1743184112.313056,pressure,0.3894987106323242
1743184112.3132176,pressure,0.3899867534637451
1743184112.3831713,pressure,0.4599916934967041
1743184113.3142464,pressure,0.3900315761566162
1743184113.314316,pressure,0.39016056060791016
1743184113.3846307,pressure,0.46044206619262695
1743184114.3166704,pressure,0.39186882972717285
1743184114.317693,pressure,0.3926992416381836
1743184114.3859382,pressure,0.46103405952453613
1743184115.3180065,pressure,0.3900487422943115
1743184115.3194332,pressure,0.39157533645629883
1743184115.3886933,pressure,0.46079134941101074
1743184116.3194857,pressure,0.3900306224822998
1743184116.3204706,pressure,0.391063928604126
1743184116.3899245,pressure,0.46033477783203125
1743184117.3224232,pressure,0.39119958877563477
1743184117.3229163,pressure,0.3913083076477051
1743184117.3933113,pressure,0.46207427978515625
1743184118.3235471,pressure,0.39048051834106445
1743184118.3242767,pressure,0.3912210464477539
1743184118.3953836,pressure,0.4622523784637451
1743184119.3246999,pressure,0.39046335220336914
1743184119.3254907,pressure,0.3912525177001953
1743184119.3969533,pressure,0.462618350982666
1743184120.3265598,pressure,0.39144325256347656
1743184120.3271687,pressure,0.39208197593688965
1743184120.3992465,pressure,0.464174747467041
1743184121.3277185,pressure,0.39184045791625977
1743184121.3281057,pressure,0.3922550678253174
1743184121.4006147,pressure,0.4646766185760498
1743184122.329141,pressure,0.3925168514251709
1743184122.3300838,pressure,0.3934187889099121
1743184122.4026735,pressure,0.4659578800201416
1743184123.3305905,pressure,0.39159560203552246
1743184123.3316054,pressure,0.3926088809967041
1743184123.4044373,pressure,0.46538257598876953
1743184124.3325484,pressure,0.39051055908203125
1743184124.3335395,pressure,0.39144110679626465
1743184124.405902,pressure,0.4637598991394043
1743184125.3334284,pressure,0.39073610305786133
1743184125.3350894,pressure,0.39224767684936523
1743184125.4073558,pressure,0.4646773338317871
1743184126.3346443,pressure,0.3910980224609375
1743184126.3367116,pressure,0.39311814308166504
1743184126.409204,pressure,0.4655570983886719
1743184127.335728,pressure,0.3913154602050781
1743184127.3387032,pressure,0.3942596912384033
1743184127.4121785,pressure,0.46770405769348145
1743184128.3367918,pressure,0.3904726505279541
1743184128.340325,pressure,0.39398646354675293
1743184128.4137988,pressure,0.4670703411102295
1743184129.3377566,pressure,0.39057350158691406
1743184129.3422325,pressure,0.39501047134399414
1743184129.415563,pressure,0.46816349029541016
1743184130.33866,pressure,0.39054059982299805
1743184130.3437023,pressure,0.39559364318847656
1743184130.4171164,pressure,0.46894407272338867
1743184131.3402026,pressure,0.3913142681121826
1743184131.3455837,pressure,0.3964204788208008
1743184131.418791,pressure,0.4698638916015625
1743184132.3416872,pressure,0.39232444763183594
1743184132.346688,pressure,0.39741015434265137
1743184132.421468,pressure,0.47206878662109375
1743184133.3426127,pressure,0.39243459701538086
1743184133.347931,pressure,0.3977642059326172
1743184133.423138,pressure,0.47255444526672363
1743184134.3444834,pressure,0.39338135719299316
1743184134.349227,pressure,0.39814305305480957
1743184134.4249954,pressure,0.4738335609436035
1743184135.3454254,pressure,0.39327001571655273
1743184135.3510303,pressure,0.3987917900085449
1743184135.4268856,pressure,0.47461605072021484
1743184136.3473408,pressure,0.39308619499206543
1743184136.352545,pressure,0.3983340263366699
1743184136.4287517,pressure,0.47428035736083984
1743184137.3487134,pressure,0.39296388626098633
1743184137.353242,pressure,0.39749836921691895
1743184137.430514,pressure,0.47452378273010254
1743184138.3501077,pressure,0.39301133155822754
1743184138.3543868,pressure,0.39716148376464844
1743184138.4324174,pressure,0.475222110748291
1743184139.3516586,pressure,0.3934814929962158
1743184139.3554761,pressure,0.39739537239074707
1743184139.4339483,pressure,0.47580838203430176
1743184140.356394,pressure,0.39754652976989746
1743184140.35646,pressure,0.3976249694824219
1743184140.4356413,pressure,0.47667646408081055
1743184141.358649,pressure,0.398512601852417
1743184141.3596814,pressure,0.3995075225830078
1743184141.4368856,pressure,0.4766998291015625
1743184142.3596296,pressure,0.39787840843200684
1743184142.3605742,pressure,0.398878812789917
1743184142.4385087,pressure,0.47664546966552734
1743184143.3621345,pressure,0.3998289108276367
1743184143.3621824,pressure,0.3998076915740967
1743184143.4403276,pressure,0.47777247428894043
1743184144.3636127,pressure,0.39942073822021484
1743184144.363939,pressure,0.39966726303100586
1743184144.443084,pressure,0.4789907932281494
1743184145.365251,pressure,0.4006001949310303
1743184145.366188,pressure,0.40152978897094727
1743184145.4455414,pressure,0.48085618019104004
1743184146.3666642,pressure,0.3995981216430664
1743184146.3676298,pressure,0.40054798126220703
1743184146.4469833,pressure,0.479856014251709
1743184147.3675554,pressure,0.3994870185852051
1743184147.3686159,pressure,0.40056753158569336
1743184147.4483604,pressure,0.48024988174438477
1743184148.3682585,pressure,0.39788007736206055
1743184148.369728,pressure,0.39917707443237305
1743184148.449742,pressure,0.47934746742248535
1743184149.3700044,pressure,0.3968961238861084
1743184149.370908,pressure,0.3978402614593506
1743184149.4510605,pressure,0.4779994487762451
1743184150.3709915,pressure,0.39706873893737793
1743184150.3720136,pressure,0.3980879783630371
1743184150.4524832,pressure,0.47863316535949707
1743184151.3736856,pressure,0.39764952659606934
1743184151.3744903,pressure,0.3984503746032715
1743184151.453651,pressure,0.47750163078308105
1743184152.3755455,pressure,0.39762425422668457
1743184152.3757067,pressure,0.39774465560913086
1743184152.4554791,pressure,0.4774599075317383
1743184153.3764753,pressure,0.3965628147125244
1743184153.3765202,pressure,0.3965907096862793
1743184153.4578629,pressure,0.47753381729125977
1743184154.3774035,pressure,0.3945803642272949
1743184154.3787146,pressure,0.3950779438018799
1743184154.4594076,pressure,0.4764699935913086
1743184155.3783877,pressure,0.3950517177581787
1743184155.3803859,pressure,0.39705395698547363
1743184155.461226,pressure,0.47783970832824707
1743184156.3794734,pressure,0.3957524299621582
1743184156.381533,pressure,0.3977851867675781
1743184156.4634826,pressure,0.47971582412719727
1743184157.3806071,pressure,0.3948197364807129
1743184157.38327,pressure,0.397402286529541
1743184157.4653862,pressure,0.47963976860046387
1743184158.3820333,pressure,0.3954765796661377
1743184158.3842666,pressure,0.3977470397949219
1743184158.4665978,pressure,0.4798872470855713
1743184159.3832066,pressure,0.39513659477233887
1743184159.3854473,pressure,0.39722585678100586
1743184159.4681077,pressure,0.4799773693084717
1743184160.3875546,pressure,0.39893412590026855
1743184160.388332,pressure,0.39971208572387695
1743184160.4697626,pressure,0.48094940185546875
1743184161.389334,pressure,0.3969841003417969
1743184161.3897645,pressure,0.3972635269165039
1743184161.4720435,pressure,0.4795389175415039
1743184162.3906398,pressure,0.39725303649902344
1743184162.3911562,pressure,0.3974893093109131
1743184162.473713,pressure,0.4802520275115967
1743184163.3923638,pressure,0.39773106575012207
1743184163.3929715,pressure,0.3983309268951416
1743184163.475538,pressure,0.480790376663208
1743184164.393499,pressure,0.39819812774658203
1743184164.395269,pressure,0.39949750900268555
1743184164.4773593,pressure,0.48201751708984375
1743184165.394447,pressure,0.39856648445129395
1743184165.397255,pressure,0.40138697624206543
1743184165.4792051,pressure,0.48328256607055664
1743184166.3966968,pressure,0.4002559185028076
1743184166.3988035,pressure,0.40236520767211914
1743184166.4809551,pressure,0.48441243171691895
1743184167.3991623,pressure,0.4009742736816406
1743184167.4003348,pressure,0.4020853042602539
1743184167.4823632,pressure,0.48412656784057617
1743184168.4015763,pressure,0.40268564224243164
1743184168.4021106,pressure,0.4030721187591553
1743184168.4835792,pressure,0.4848153591156006
1743184169.4027143,pressure,0.4022865295410156
1743184169.4032586,pressure,0.40285539627075195
1743184169.4847698,pressure,0.48428893089294434
1743184170.4039567,pressure,0.40252208709716797
1743184170.4047203,pressure,0.4036228656768799
1743184170.4861634,pressure,0.4850623607635498
1743184171.4057124,pressure,0.4042091369628906
1743184171.4064543,pressure,0.40493106842041016
1743184171.4877234,pressure,0.48616600036621094
1743184172.4072618,pressure,0.4050278663635254
1743184172.408243,pressure,0.4059560298919678
1743184172.489041,pressure,0.4867265224456787
1743184173.4085245,pressure,0.40427279472351074
1743184173.4094706,pressure,0.40528178215026855
1743184173.4904604,pressure,0.4862029552459717
1743184174.4106355,pressure,0.40546178817749023
1743184174.410761,pressure,0.4055190086364746
1743184174.4920533,pressure,0.48685264587402344
1743184175.4119842,pressure,0.40616393089294434
1743184175.4124267,pressure,0.40668773651123047
1743184175.4936872,pressure,0.4878578186035156
1743184176.4173763,pressure,0.4110276699066162
1743184176.418067,pressure,0.4115264415740967
1743184176.4956636,pressure,0.4893207550048828
1743184177.4197357,pressure,0.41211867332458496
1743184177.4200208,pressure,0.41245532035827637
1743184177.4974093,pressure,0.4896268844604492
1743184178.4221218,pressure,0.4131889343261719
1743184178.422438,pressure,0.4132225513458252
1743184178.49937,pressure,0.4904024600982666
1743184179.4237812,pressure,0.4141502380371094
1743184179.4241319,pressure,0.41443777084350586
1743184179.5003433,pressure,0.49072265625
1743184180.4255161,pressure,0.4151740074157715
1743184180.4261005,pressure,0.415802001953125
1743184180.5027678,pressure,0.4924795627593994
1743184181.4276383,pressure,0.4165184497833252
1743184181.428236,pressure,0.4168262481689453
1743184181.5052397,pressure,0.49413466453552246
1743184182.4313824,pressure,0.41873717308044434
1743184182.4314013,pressure,0.4188530445098877
1743184182.5071325,pressure,0.4945068359375
1743184183.4327707,pressure,0.41933560371398926
1743184183.4334345,pressure,0.4199981689453125
1743184183.5083432,pressure,0.49468994140625
1743184184.4343019,pressure,0.419696569442749
1743184184.4348385,pressure,0.4201509952545166
1743184184.5113738,pressure,0.4966871738433838
1743184185.4373603,pressure,0.42119693756103516
1743184185.437548,pressure,0.4213078022003174
1743184185.5130417,pressure,0.4969501495361328
1743184186.4391046,pressure,0.42232322692871094
1743184186.4395216,pressure,0.42273807525634766
1743184186.5147567,pressure,0.49797749519348145
1743184187.4417949,pressure,0.42397212982177734
1743184187.442897,pressure,0.42467808723449707
1743184187.5166616,pressure,0.49884605407714844
1743184188.4454489,pressure,0.42697811126708984
1743184188.4456835,pressure,0.42714500427246094
1743184188.5193088,pressure,0.5007493495941162
1743184189.446448,pressure,0.4270298480987549
1743184189.4472957,pressure,0.427811861038208
1743184189.5205643,pressure,0.5011482238769531
1743184190.4489138,pressure,0.42870521545410156
1743184190.4494812,pressure,0.4293229579925537
1743184190.5230122,pressure,0.5028016567230225
1743184191.452591,pressure,0.43184351921081543
1743184191.4530208,pressure,0.4321868419647217
1743184191.5242462,pressure,0.5034496784210205
1743184192.4549658,pressure,0.4331033229827881
1743184192.455545,pressure,0.433699369430542
1743184192.5255353,pressure,0.5037186145782471
1743184193.4566977,pressure,0.43270301818847656
1743184193.4575326,pressure,0.4335191249847412
1743184193.5274017,pressure,0.5034053325653076
1743184194.4581432,pressure,0.43334531784057617
1743184194.458941,pressure,0.43416285514831543
1743184194.53018,pressure,0.5054106712341309
1743184195.4605193,pressure,0.4334232807159424
1743184195.4613693,pressure,0.4342474937438965
1743184195.5326254,pressure,0.5055131912231445
1743184196.4627538,pressure,0.43436241149902344
1743184196.4642665,pressure,0.4359266757965088
1743184196.535609,pressure,0.507230281829834
1743184197.4650805,pressure,0.43280625343322754
1743184197.4659522,pressure,0.43368029594421387
1743184197.5371404,pressure,0.5049049854278564
1743184198.4685047,pressure,0.43199777603149414
1743184198.468998,pressure,0.4325680732727051
1743184198.5391407,pressure,0.5026850700378418
1743184199.4710507,pressure,0.43340468406677246
1743184199.4717276,pressure,0.4339866638183594
1743184199.5405195,pressure,0.502932071685791
1743184200.4742935,pressure,0.43494462966918945
1743184200.4751203,pressure,0.4353959560394287
1743184200.5426657,pressure,0.5033078193664551
1743184201.4797986,pressure,0.4366774559020996
1743184201.4810264,pressure,0.4378535747528076
1743184201.5449514,pressure,0.5018084049224854
1743184202.483384,pressure,0.4381520748138428
1743184202.483521,pressure,0.43833351135253906
1743184202.546443,pressure,0.5012867450714111
1743184203.4863555,pressure,0.43671560287475586
1743184203.4868822,pressure,0.43691539764404297
1743184203.547939,pressure,0.4983217716217041
1743184204.4883873,pressure,0.4375286102294922
1743184204.4884615,pressure,0.4376256465911865
1743184204.5500684,pressure,0.4991168975830078
1743184205.4913995,pressure,0.43871450424194336
1743184205.4916992,pressure,0.43896913528442383
1743184205.551957,pressure,0.4991903305053711
1743184206.493011,pressure,0.43935251235961914
1743184206.4938943,pressure,0.4401988983154297
1743184206.553883,pressure,0.5001571178436279
1743184207.4963987,pressure,0.4418647289276123
1743184207.49732,pressure,0.4426262378692627
1743184207.5562463,pressure,0.5017738342285156
1743184208.5002046,pressure,0.44448018074035645
1743184208.500493,pressure,0.4447643756866455
1743184208.5574548,pressure,0.5017545223236084
1743184209.5018685,pressure,0.4447453022003174
1743184209.5019033,pressure,0.44475245475769043
1743184209.559373,pressure,0.5022940635681152
1743184210.5033884,pressure,0.44501447677612305
1743184210.503475,pressure,0.44501495361328125
1743184210.561321,pressure,0.5029618740081787
1743184211.5055332,pressure,0.44667959213256836
1743184211.5064878,pressure,0.4476346969604492
1743184211.5623386,pressure,0.5034973621368408
1743184212.5070477,pressure,0.4471869468688965
1743184212.5079372,pressure,0.44782209396362305
1743184212.5637167,pressure,0.5038681030273438
1743184213.5095372,pressure,0.44895148277282715
1743184213.5104141,pressure,0.44983696937561035
1743184213.5658555,pressure,0.505122184753418
1743184214.5109243,pressure,0.44969964027404785
1743184214.511466,pressure,0.4503319263458252
1743184214.5677454,pressure,0.5065491199493408
1743184215.5131392,pressure,0.4510374069213867
1743184215.5136514,pressure,0.45149803161621094
1743184215.5693183,pressure,0.5072202682495117
1743184216.5147896,pressure,0.4494142532348633
1743184216.515217,pressure,0.44968104362487793
1743184216.5710442,pressure,0.5056359767913818
1743184217.516269,pressure,0.4501230716705322
1743184217.5168574,pressure,0.4506106376647949
1743184217.5723984,pressure,0.506270170211792
1743184218.5192819,pressure,0.4499094486236572
1743184218.5201478,pressure,0.4506199359893799
1743184218.5737493,pressure,0.5043351650238037
1743184219.5205538,pressure,0.45018792152404785
1743184219.5219603,pressure,0.45137667655944824
1743184219.575108,pressure,0.5047268867492676
1743184220.5231402,pressure,0.44966912269592285
1743184220.5236876,pressure,0.45015430450439453
1743184220.5772552,pressure,0.5037291049957275
1743184221.5255473,pressure,0.4511129856109619
1743184221.5265753,pressure,0.45212388038635254
1743184221.57834,pressure,0.5039150714874268
1743184222.5280786,pressure,0.45279979705810547
1743184222.5286155,pressure,0.4533834457397461
1743184222.581912,pressure,0.5066947937011719
1743184223.5296762,pressure,0.45252418518066406
1743184223.5299814,pressure,0.45276832580566406
1743184223.5837407,pressure,0.5065600872039795
1743184224.5308895,pressure,0.45020174980163574
1743184224.5316598,pressure,0.45094776153564453
1743184224.5855467,pressure,0.5046951770782471
1743184225.535058,pressure,0.45316624641418457
1743184225.5359893,pressure,0.4539163112640381
1743184225.5899749,pressure,0.5079178810119629
1743184226.5379221,pressure,0.4527888298034668
1743184226.5384722,pressure,0.45334768295288086
1743184226.5940554,pressure,0.508864164352417
1743184227.5390522,pressure,0.45127320289611816
1743184227.5398748,pressure,0.45212292671203613
1743184227.5955863,pressure,0.507868766784668
1743184228.5411339,pressure,0.45133304595947266
1743184228.5414186,pressure,0.45163512229919434
1743184228.5970278,pressure,0.5071861743927002
1743184229.543148,pressure,0.4514343738555908
1743184229.5442142,pressure,0.45224595069885254
1743184229.5988472,pressure,0.5070765018463135
1743184230.5468624,pressure,0.4537360668182373
1743184230.547694,pressure,0.45456695556640625
1743184230.6006353,pressure,0.5075175762176514
1743184231.5491478,pressure,0.4548518657684326
1743184231.5495255,pressure,0.4552600383758545
1743184231.6022122,pressure,0.5079262256622314
1743184232.551236,pressure,0.45555830001831055
1743184232.5516574,pressure,0.45574045181274414
1743184232.6057484,pressure,0.5100188255310059
1743184233.553774,pressure,0.45749783515930176
1743184233.5544512,pressure,0.4581468105316162
1743184233.6072922,pressure,0.5109710693359375
1743184234.555699,pressure,0.4587211608886719
1743184234.5556984,pressure,0.45873451232910156
1743184234.6087039,pressure,0.511681079864502
1743184235.5583184,pressure,0.4604213237762451
1743184235.5587847,pressure,0.4608650207519531
1743184235.6097734,pressure,0.511932373046875
1743184236.5601954,pressure,0.4615769386291504
1743184236.5609484,pressure,0.4620380401611328
1743184236.6113286,pressure,0.5124790668487549
1743184237.5618978,pressure,0.46018123626708984
1743184237.562401,pressure,0.4607272148132324
1743184237.6142087,pressure,0.5121781826019287
1743184238.5654054,pressure,0.46186113357543945
1743184238.5655358,pressure,0.46196866035461426
1743184238.6162632,pressure,0.5126051902770996
1743184239.5676575,pressure,0.4636235237121582
1743184239.5682452,pressure,0.46414923667907715
1743184239.6179388,pressure,0.5138177871704102
1743184240.5706773,pressure,0.46514081954956055
1743184240.5713038,pressure,0.4656381607055664
1743184240.6196058,pressure,0.5140981674194336
1743184241.5724685,pressure,0.46454358100891113
1743184241.572579,pressure,0.4646339416503906
1743184241.622205,pressure,0.5143616199493408
1743184242.575309,pressure,0.46573543548583984
1743184242.5757446,pressure,0.4661216735839844
1743184242.6236875,pressure,0.5140657424926758
1743184243.57824,pressure,0.46716761589050293
1743184243.578466,pressure,0.4673800468444824
1743184243.6255145,pressure,0.5144445896148682
1743184244.5803106,pressure,0.4680500030517578
1743184244.5804098,pressure,0.4681529998779297
1743184244.6269965,pressure,0.5146253108978271
1743184245.581757,pressure,0.46866607666015625
1743184245.5818827,pressure,0.46872782707214355
1743184245.6286466,pressure,0.5155375003814697
1743184246.5833228,pressure,0.4695470333099365
1743184246.5833724,pressure,0.46959972381591797
1743184246.6320896,pressure,0.5183374881744385
1743184247.5847404,pressure,0.4699277877807617
1743184247.5854144,pressure,0.4705524444580078
1743184247.6343338,pressure,0.5194690227508545
1743184248.5860567,pressure,0.46836137771606445
1743184248.5864384,pressure,0.46883273124694824
1743184248.6367016,pressure,0.5190157890319824
1743184249.587099,pressure,0.4680156707763672
1743184249.588125,pressure,0.46900177001953125
1743184249.6421132,pressure,0.5229618549346924
1743184250.5892704,pressure,0.46920180320739746
1743184250.5903857,pressure,0.4701273441314697
1743184250.643516,pressure,0.5233757495880127
1743184251.5919344,pressure,0.46903109550476074
1743184251.5927808,pressure,0.46994829177856445
1743184251.64535,pressure,0.5225739479064941
1743184252.5929792,pressure,0.4689602851867676
1743184252.594315,pressure,0.4699826240539551
1743184252.6469884,pressure,0.5229182243347168
1743184253.5971963,pressure,0.4714469909667969
1743184253.597918,pressure,0.4720640182495117
1743184253.6480112,pressure,0.5222253799438477
1743184254.60063,pressure,0.4736313819885254
1743184254.6006422,pressure,0.47361326217651367
1743184254.6490543,pressure,0.5220479965209961
1743184255.603418,pressure,0.4750654697418213
1743184255.6036007,pressure,0.4751708507537842
1743184255.650723,pressure,0.5223071575164795
1743184256.604629,pressure,0.4738154411315918
1743184256.6054106,pressure,0.4746131896972656
1743184256.6523376,pressure,0.5215272903442383
1743184257.60787,pressure,0.475811243057251
1743184257.6090033,pressure,0.47691845893859863
1743184257.6535118,pressure,0.5216836929321289
1743184258.6088583,pressure,0.474484920501709
1743184258.610544,pressure,0.4762296676635742
1743184258.6551178,pressure,0.520714282989502
1743184259.6113918,pressure,0.47527098655700684
1743184259.6124578,pressure,0.47636985778808594
1743184259.6569157,pressure,0.5207417011260986
1743184260.612878,pressure,0.4760556221008301
1743184260.6133196,pressure,0.47664976119995117
1743184260.658546,pressure,0.5218243598937988
1743184261.6147332,pressure,0.47596096992492676
1743184261.615073,pressure,0.4763317108154297
1743184261.6594453,pressure,0.5207211971282959
1743184262.6162407,pressure,0.47678661346435547
1743184262.6165938,pressure,0.477139949798584
1743184262.6602364,pressure,0.5209100246429443
1743184263.6174319,pressure,0.4752671718597412
1743184263.6183848,pressure,0.476163387298584
1743184263.6624944,pressure,0.5201394557952881
1743184264.6216705,pressure,0.478684663772583
1743184264.6217897,pressure,0.4788355827331543
1743184264.6655812,pressure,0.5224647521972656
1743184265.6233912,pressure,0.4798314571380615
1743184265.6235845,pressure,0.47998046875
1743184265.6673179,pressure,0.5237669944763184
1743184266.6243982,pressure,0.4788696765899658
1743184266.6265464,pressure,0.48073434829711914
1743184266.6694682,pressure,0.523932933807373
1743184267.627112,pressure,0.4806184768676758
1743184267.6281674,pressure,0.4817521572113037
1743184267.6708846,pressure,0.5243813991546631
1743184268.6283758,pressure,0.48102807998657227
1743184268.6292703,pressure,0.48192334175109863
1743184268.6723225,pressure,0.5249826908111572
1743184269.639454,pressure,0.4913926124572754
1743184269.6395354,pressure,0.49141907691955566
1743184269.6746771,pressure,0.5265963077545166
1743184270.641202,pressure,0.4923243522644043
1743184270.6414387,pressure,0.4927959442138672
1743184270.6773636,pressure,0.5287392139434814
1743184271.642334,pressure,0.4927234649658203
1743184271.6426637,pressure,0.4930989742279053
1743184271.6785963,pressure,0.528956413269043
1743184272.6434941,pressure,0.4931654930114746
1743184272.6439557,pressure,0.4935948848724365
1743184272.6798804,pressure,0.5294909477233887
1743184273.6449738,pressure,0.4935779571533203
1743184273.6450772,pressure,0.4936187267303467
1743184273.6813884,pressure,0.5300378799438477
1743184274.64591,pressure,0.49206995964050293
1743184274.6467686,pressure,0.49291157722473145
1743184274.68254,pressure,0.5286891460418701
1743184275.6470966,pressure,0.49197936058044434
1743184275.6478736,pressure,0.49289488792419434
1743184275.6856766,pressure,0.5307056903839111
1743184276.6486251,pressure,0.49271059036254883
1743184276.6498911,pressure,0.4940011501312256
1743184276.6880183,pressure,0.5321223735809326
1743184277.6512265,pressure,0.4943115711212158
1743184277.6516762,pressure,0.49453091621398926
1743184277.689468,pressure,0.5327417850494385
1743184278.654979,pressure,0.4954807758331299
1743184278.6554253,pressure,0.495985746383667
1743184278.6910589,pressure,0.5315170288085938
1743184279.6571126,pressure,0.49430155754089355
1743184279.6576705,pressure,0.49480128288269043
1743184279.6930287,pressure,0.5300881862640381
1743184280.6585443,pressure,0.49267101287841797
1743184280.6600087,pressure,0.4939851760864258
1743184280.6962261,pressure,0.5300672054290771
1743184281.6595025,pressure,0.4927065372467041
1743184281.6615186,pressure,0.49471163749694824
1743184281.698451,pressure,0.5316636562347412
1743184282.6629004,pressure,0.4944281578063965
1743184282.663407,pressure,0.4953446388244629
1743184282.699658,pressure,0.5316543579101562
1743184283.6649718,pressure,0.493849515914917
1743184283.6655726,pressure,0.49448418617248535
1743184283.7031133,pressure,0.5320184230804443
1743184284.667184,pressure,0.4954490661621094
1743184284.6677732,pressure,0.49607419967651367
1743184284.7067857,pressure,0.5350797176361084
1743184285.6701894,pressure,0.49721789360046387
1743184285.6707032,pressure,0.4974212646484375
1743184285.7082715,pressure,0.5355331897735596
1743184286.6710987,pressure,0.49779558181762695
1743184286.671749,pressure,0.4984092712402344
1743184286.709419,pressure,0.5361049175262451
1743184287.6723435,pressure,0.495607852935791
1743184287.673943,pressure,0.4969618320465088
1743184287.7120686,pressure,0.5353662967681885
1743184288.6741838,pressure,0.4942610263824463
1743184288.6754408,pressure,0.4956192970275879
1743184288.713636,pressure,0.5338308811187744
1743184289.676525,pressure,0.49605751037597656
1743184289.6770597,pressure,0.4965977668762207
1743184289.7175732,pressure,0.5371553897857666
1743184290.6799502,pressure,0.4981973171234131
1743184290.6809585,pressure,0.49900197982788086
1743184290.719138,pressure,0.5374391078948975
1743184291.6810439,pressure,0.4968101978302002
1743184291.6821806,pressure,0.4980287551879883
1743184291.721518,pressure,0.5372846126556396
1743184292.6825664,pressure,0.49733829498291016
1743184292.6833403,pressure,0.4981212615966797
1743184292.7230477,pressure,0.5377097129821777
1743184293.6843898,pressure,0.4969172477722168
1743184293.684456,pressure,0.49725890159606934
1743184293.7256262,pressure,0.5383250713348389
1743184294.6857245,pressure,0.49771547317504883
1743184294.6861582,pressure,0.49807214736938477
1743184294.7276022,pressure,0.5394713878631592
1743184295.6870737,pressure,0.4981064796447754
1743184295.6877398,pressure,0.49877429008483887
1743184295.7311552,pressure,0.542224645614624
1743184296.6881042,pressure,0.4985048770904541
1743184296.6885448,pressure,0.49898767471313477
1743184296.7324286,pressure,0.5427675247192383
1743184297.6889381,pressure,0.49879956245422363
1743184297.6899168,pressure,0.49954652786254883
1743184297.7362428,pressure,0.5460455417633057
1743184298.693641,pressure,0.5027475357055664
1743184298.6945875,pressure,0.5034840106964111
1743184298.7374895,pressure,0.5465388298034668
1743184299.697042,pressure,0.5048177242279053
1743184299.6982937,pressure,0.5058417320251465
1743184299.7393863,pressure,0.547184944152832
1743184300.6982496,pressure,0.5050637722015381
1743184300.7003715,pressure,0.5071752071380615
1743184300.741562,pressure,0.5483496189117432
1743184301.7003355,pressure,0.506169319152832
1743184301.701764,pressure,0.5075950622558594
1743184301.7455065,pressure,0.5513119697570801
1743184302.7016745,pressure,0.5069267749786377
1743184302.7027354,pressure,0.5079963207244873
1743184302.7468634,pressure,0.5519888401031494
1743184303.7080743,pressure,0.5124344825744629
1743184303.7082481,pressure,0.5126078128814697
1743184303.7515802,pressure,0.5559823513031006
1743184304.709388,pressure,0.5132441520690918
1743184304.7101965,pressure,0.513991117477417
1743184304.755304,pressure,0.5590922832489014
1743184305.7106519,pressure,0.5134437084197998
1743184305.7122934,pressure,0.514758825302124
1743184305.760574,pressure,0.5633227825164795
1743184306.7143838,pressure,0.5167665481567383
1743184306.7147796,pressure,0.51717209815979
1743184306.764239,pressure,0.5666112899780273
1743184307.7160397,pressure,0.5177915096282959
1743184307.7174773,pressure,0.5192451477050781
1743184307.7654448,pressure,0.5672025680541992
1743184308.718892,pressure,0.5196430683135986
1743184308.7193756,pressure,0.5202145576477051
1743184308.7686656,pressure,0.5694477558135986
1743184309.722152,pressure,0.5221030712127686
1743184309.7225368,pressure,0.522564172744751
1743184309.7703478,pressure,0.5703485012054443
1743184310.725324,pressure,0.5247437953948975
1743184310.7257864,pressure,0.5251433849334717
1743184310.7736485,pressure,0.5730090141296387
1743184311.7267177,pressure,0.5250718593597412
1743184311.7276511,pressure,0.5259513854980469
1743184311.7754486,pressure,0.573789119720459
1743184312.7287908,pressure,0.5260083675384521
1743184312.7304504,pressure,0.5272822380065918
1743184312.7766726,pressure,0.573897123336792
1743184313.7301762,pressure,0.5264451503753662
1743184313.7321103,pressure,0.5278816223144531
1743184313.7782426,pressure,0.5744929313659668
1743184314.7335107,pressure,0.5287907123565674
1743184314.7344286,pressure,0.5295307636260986
1743184314.7825027,pressure,0.5778412818908691
1743184315.734564,pressure,0.5289547443389893
1743184315.736011,pressure,0.530407190322876
1743184315.785786,pressure,0.5801599025726318
1743184316.7358615,pressure,0.529721736907959
1743184316.7369149,pressure,0.5307736396789551
1743184316.7877238,pressure,0.5809767246246338
1743184317.7398524,pressure,0.5324580669403076
1743184317.7406955,pressure,0.5333378314971924
1743184317.7893105,pressure,0.581526517868042
1743184318.7416213,pressure,0.5329031944274902
1743184318.741857,pressure,0.5331408977508545
1743184318.7911112,pressure,0.5822694301605225
1743184319.7433357,pressure,0.5339977741241455
1743184319.7434921,pressure,0.5342233180999756
1743184319.7934449,pressure,0.5841610431671143
1743184320.744902,pressure,0.5350022315979004
1743184320.746081,pressure,0.5359752178192139
1743184320.7964103,pressure,0.586517333984375
1743184321.7472866,pressure,0.53647780418396
1743184321.74812,pressure,0.5370118618011475
1743184321.8002398,pressure,0.5894432067871094
1743184322.7485955,pressure,0.537109375
1743184322.7495656,pressure,0.5380229949951172
1743184322.8021078,pressure,0.5903980731964111
1743184323.7502286,pressure,0.5381824970245361
1743184323.7512813,pressure,0.5390827655792236
1743184323.803989,pressure,0.5918426513671875
1743184324.7513623,pressure,0.538776159286499
1743184324.7530143,pressure,0.5403213500976562
1743184324.8071978,pressure,0.5946269035339355
1743184325.7543178,pressure,0.5409634113311768
1743184325.7543786,pressure,0.5412354469299316
1743184325.8087046,pressure,0.5955483913421631
1743184326.7554483,pressure,0.5410664081573486
1743184326.756376,pressure,0.5416371822357178
1743184326.8102288,pressure,0.5958223342895508
1743184327.7564182,pressure,0.5398571491241455
1743184327.7580395,pressure,0.5411491394042969
1743184327.812151,pressure,0.5955061912536621
1743184328.7576203,pressure,0.5394902229309082
1743184328.759299,pressure,0.5411789417266846
1743184328.8136818,pressure,0.5955066680908203
1743184329.7600312,pressure,0.5413529872894287
1743184329.7609656,pressure,0.5422348976135254
1743184329.8146904,pressure,0.5960052013397217
1743184330.7617376,pressure,0.5411410331726074
1743184330.7630186,pressure,0.5421838760375977
1743184330.8159878,pressure,0.5953328609466553
1743184331.7632558,pressure,0.5416643619537354
1743184331.764548,pressure,0.5427911281585693
1743184331.8171134,pressure,0.5955359935760498
1743184332.7643518,pressure,0.5418150424957275
1743184332.7663262,pressure,0.5434021949768066
1743184332.8187637,pressure,0.5959696769714355
1743184333.767838,pressure,0.5438530445098877
1743184333.7680829,pressure,0.5441126823425293
1743184333.82042,pressure,0.5965065956115723
1743184334.7698405,pressure,0.544104814529419
1743184334.7701647,pressure,0.5445075035095215
1743184334.8216832,pressure,0.596062183380127
1743184335.7718885,pressure,0.5449998378753662
1743184335.772108,pressure,0.5452744960784912
1743184335.8234131,pressure,0.5965220928192139
1743184336.7733696,pressure,0.5442495346069336
1743184336.773484,pressure,0.5443880558013916
1743184336.8252294,pressure,0.5960488319396973
1743184337.7752643,pressure,0.5453550815582275
1743184337.7753015,pressure,0.5454003810882568
1743184337.8269348,pressure,0.5969197750091553
1743184338.777683,pressure,0.5471792221069336
1743184338.7787385,pressure,0.5481820106506348
1743184338.8284712,pressure,0.5979573726654053
1743184339.7811754,pressure,0.549067497253418
1743184339.7815104,pressure,0.5494487285614014
1743184339.8304524,pressure,0.5983593463897705
1743184340.7854881,pressure,0.552781343460083
1743184340.7857478,pressure,0.5530421733856201
1743184340.8351417,pressure,0.602358341217041
1743184341.7873986,pressure,0.5538039207458496
1743184341.7882643,pressure,0.5544242858886719
1743184341.8388739,pressure,0.6049604415893555
1743184342.79099,pressure,0.5564427375793457
1743184342.7914999,pressure,0.5569322109222412
1743184342.8426828,pressure,0.608083963394165
1743184343.7952561,pressure,0.5601861476898193
1743184343.7956264,pressure,0.5605425834655762
1743184343.8470538,pressure,0.6118533611297607
1743184344.7970362,pressure,0.5612759590148926
1743184344.797611,pressure,0.5618391036987305
1743184344.8501906,pressure,0.6142256259918213
1743184345.799238,pressure,0.562340497970581
1743184345.7998672,pressure,0.5629692077636719
1743184345.8520672,pressure,0.6149249076843262
1743184346.8030791,pressure,0.5648772716522217
1743184346.803769,pressure,0.5656294822692871
1743184346.856131,pressure,0.6177496910095215
1743184347.8042386,pressure,0.5652434825897217
1743184347.8050723,pressure,0.5662219524383545
1743184347.8574827,pressure,0.6186208724975586
1743184348.8055737,pressure,0.5652737617492676
1743184348.8064368,pressure,0.566307783126831
1743184348.8585906,pressure,0.6184425354003906
1743184349.8077762,pressure,0.5664644241333008
1743184349.8091562,pressure,0.5675694942474365
1743184349.8619475,pressure,0.6205875873565674
1743184350.8118548,pressure,0.5699214935302734
1743184350.8124323,pressure,0.5705606937408447
1743184350.8667548,pressure,0.6248841285705566
1743184351.8167539,pressure,0.574167013168335
1743184351.8176854,pressure,0.5751383304595947
1743184351.868229,pressure,0.6256394386291504
1743184352.819963,pressure,0.5766139030456543
1743184352.8213274,pressure,0.5778558254241943
1743184352.871681,pressure,0.6282763481140137
1743184353.8213544,pressure,0.5774176120758057
1743184353.823276,pressure,0.5793514251708984
1743184353.8775628,pressure,0.6337621212005615
1743184354.8233616,pressure,0.5785841941833496
1743184354.8246987,pressure,0.5798807144165039
1743184354.879458,pressure,0.6346225738525391
1743184355.8248677,pressure,0.5789592266082764
1743184355.8263762,pressure,0.5804967880249023
1743184355.8820078,pressure,0.6361258029937744
1743184356.8282907,pressure,0.581683874130249
1743184356.8285873,pressure,0.5820417404174805
1743184356.8862774,pressure,0.6397652626037598
1743184357.830403,pressure,0.5831863880157471
1743184357.830765,pressure,0.5834949016571045
1743184357.887782,pressure,0.6406829357147217
1743184358.831576,pressure,0.5838415622711182
1743184358.8326528,pressure,0.5848710536956787
1743184358.8898938,pressure,0.6412463188171387
1743184359.8329964,pressure,0.5844838619232178
1743184359.8341966,pressure,0.5854761600494385
1743184359.8934746,pressure,0.6450166702270508
1743184360.8340247,pressure,0.5846724510192871
1743184360.8356962,pressure,0.5864522457122803
1743184360.895714,pressure,0.6464109420776367
1743184361.835286,pressure,0.585024356842041
1743184361.8366957,pressure,0.5864548683166504
1743184361.8977106,pressure,0.6474697589874268
1743184362.8365123,pressure,0.5853550434112549
1743184362.8378575,pressure,0.5866315364837646
1743184362.8996465,pressure,0.6485030651092529
1743184363.8380573,pressure,0.5856344699859619
1743184363.8395796,pressure,0.5872199535369873
1743184363.9004123,pressure,0.6481873989105225
1743184364.8397834,pressure,0.5865888595581055
1743184364.841303,pressure,0.5880975723266602
1743184364.902663,pressure,0.6494572162628174
1743184365.841214,pressure,0.5874905586242676
1743184365.842416,pressure,0.5886695384979248
1743184365.9051006,pressure,0.6513471603393555
1743184366.8423457,pressure,0.5878138542175293
1743184366.8437335,pressure,0.5891590118408203
1743184366.9083288,pressure,0.6537981033325195
1743184367.8436198,pressure,0.5882258415222168
1743184367.8450234,pressure,0.5895578861236572
1743184367.9116747,pressure,0.656219482421875
1743184368.8451493,pressure,0.5892424583435059
1743184368.8465793,pressure,0.5906476974487305
1743184368.9132829,pressure,0.6572742462158203
1743184369.8478556,pressure,0.5912632942199707
1743184369.8487914,pressure,0.5921978950500488
1743184369.9156227,pressure,0.6590275764465332
1743184370.849162,pressure,0.5913350582122803
1743184370.850736,pressure,0.5928909778594971
1743184370.9189875,pressure,0.661099910736084
1743184371.8506067,pressure,0.5915577411651611
1743184371.851671,pressure,0.592620849609375
1743184371.920436,pressure,0.6612198352813721
1743184372.8522537,pressure,0.592329740524292
1743184372.8534544,pressure,0.5935463905334473
1743184372.923264,pressure,0.6633341312408447
1743184373.853777,pressure,0.592660665512085
1743184373.8547375,pressure,0.5935823917388916
1743184373.9244728,pressure,0.6634039878845215
1743184374.8554542,pressure,0.5937445163726807
1743184374.856615,pressure,0.5948503017425537
1743184374.926421,pressure,0.6647183895111084
1743184375.8568935,pressure,0.5930495262145996
1743184375.8583405,pressure,0.5944998264312744
1743184375.9285176,pressure,0.6647140979766846
1743184376.8582494,pressure,0.593782901763916
1743184376.8597822,pressure,0.5953209400177002
1743184376.9306648,pressure,0.6661388874053955
1743184377.8611445,pressure,0.5958771705627441
1743184377.8615267,pressure,0.5963330268859863
1743184377.9324248,pressure,0.6671700477600098
1743184378.863689,pressure,0.5975449085235596
1743184378.8636892,pressure,0.5975556373596191
1743184378.9339173,pressure,0.6677532196044922
1743184379.8646877,pressure,0.5978219509124756
1743184379.8647919,pressure,0.5979242324829102
1743184379.9353948,pressure,0.668433427810669
1743184380.869556,pressure,0.6009931564331055
1743184380.8699384,pressure,0.6013433933258057
1743184380.9373767,pressure,0.6688492298126221
1743184381.871067,pressure,0.6013011932373047
1743184381.8710728,pressure,0.6013092994689941
1743184381.939673,pressure,0.6700105667114258
1743184382.8720937,pressure,0.6006777286529541
1743184382.8722134,pressure,0.600837230682373
1743184382.9419298,pressure,0.670508623123169
1743184383.8732538,pressure,0.6011381149291992
1743184383.8743098,pressure,0.6018388271331787
1743184383.943707,pressure,0.671381950378418
1743184384.8743496,pressure,0.6012742519378662
1743184384.8756208,pressure,0.602550745010376
1743184384.9449265,pressure,0.6718869209289551
1743184385.8753731,pressure,0.6012966632843018
1743184385.8769004,pressure,0.6026210784912109
1743184385.9473975,pressure,0.6732439994812012
1743184386.8795629,pressure,0.6049489974975586
1743184386.879853,pressure,0.6051969528198242
1743184386.951658,pressure,0.6770608425140381
1743184387.880894,pressure,0.6050455570220947
1743184387.8816884,pressure,0.6058557033538818
1743184387.9544094,pressure,0.6784675121307373
1743184388.8818548,pressure,0.6053776741027832
1743184388.883076,pressure,0.6065382957458496
1743184388.956015,pressure,0.6795730590820312
1743184389.8856382,pressure,0.6087009906768799
1743184389.88637,pressure,0.6094896793365479
1743184389.9571533,pressure,0.680142879486084
1743184390.8894603,pressure,0.611544132232666
1743184390.8895588,pressure,0.6116681098937988
1743184390.9587224,pressure,0.6808116436004639
1743184391.8904674,pressure,0.6116909980773926
1743184391.8904884,pressure,0.6116816997528076
1743184391.9604967,pressure,0.6817030906677246
1743184392.8922884,pressure,0.6120834350585938
1743184392.892439,pressure,0.6123733520507812
1743184392.9639928,pressure,0.6838119029998779
1743184393.8936372,pressure,0.6124346256256104
1743184393.895234,pressure,0.6140196323394775
1743184393.9676313,pressure,0.6865119934082031
1743184394.900599,pressure,0.6188004016876221
1743184394.900599,pressure,0.6187596321105957
1743184394.9701338,pressure,0.6883678436279297
1743184395.9024858,pressure,0.6197590827941895
1743184395.9025688,pressure,0.6197865009307861
1743184395.972074,pressure,0.6892580986022949
1743184396.9043896,pressure,0.6209902763366699
1743184396.9059298,pressure,0.6224818229675293
1743184396.9773972,pressure,0.693960428237915
1743184397.9061506,pressure,0.6210353374481201
1743184397.9073548,pressure,0.622255802154541
1743184397.9804053,pressure,0.695336103439331
1743184398.907113,pressure,0.6215250492095947
1743184398.9081872,pressure,0.6225194931030273
1743184398.9813457,pressure,0.6957314014434814
1743184399.9091904,pressure,0.6229519844055176
1743184399.909362,pressure,0.6231513023376465
1743184399.9839067,pressure,0.6976592540740967
1743184400.9107423,pressure,0.6239125728607178
1743184400.9115608,pressure,0.6247611045837402
1743184400.9853148,pressure,0.6984975337982178
1743184401.9126666,pressure,0.6244194507598877
1743184401.9132624,pressure,0.6252760887145996
1743184401.988605,pressure,0.7006595134735107
1743184402.9143782,pressure,0.6252627372741699
1743184402.9154365,pressure,0.6262943744659424
1743184402.9923222,pressure,0.7031002044677734
1743184403.915348,pressure,0.6253538131713867
1743184403.9166584,pressure,0.6266903877258301
1743184403.9939482,pressure,0.703798770904541
1743184404.916298,pressure,0.625103235244751
1743184404.9175234,pressure,0.6263535022735596
1743184404.995929,pressure,0.7046833038330078
1743184405.9177165,pressure,0.6257317066192627
1743184405.9185975,pressure,0.6265838146209717
1743184405.9969437,pressure,0.7049150466918945
1743184406.919264,pressure,0.62508225440979
1743184406.919607,pressure,0.6254503726959229
1743184406.9985998,pressure,0.7043571472167969
1743184407.9207244,pressure,0.6240792274475098
1743184407.9216723,pressure,0.6249411106109619
1743184408.0005338,pressure,0.7038171291351318
1743184408.9218981,pressure,0.62278151512146
1743184408.9227445,pressure,0.6236743927001953
1743184409.002016,pressure,0.702796220779419
1743184409.9229763,pressure,0.621753454208374
1743184409.9258845,pressure,0.6247007846832275
1743184410.0046525,pressure,0.7034409046173096
1743184410.924564,pressure,0.621429443359375
1743184410.9270504,pressure,0.6238560676574707
1743184411.00592,pressure,0.7027416229248047
1743184411.9263537,pressure,0.6226294040679932
1743184411.9284341,pressure,0.6247014999389648
1743184412.0071197,pressure,0.7034294605255127
1743184412.9286542,pressure,0.6242914199829102
1743184412.929752,pressure,0.6254532337188721
1743184413.0096064,pressure,0.7051477432250977
1743184413.9303694,pressure,0.624666690826416
1743184413.9332547,pressure,0.6267926692962646
1743184414.0114381,pressure,0.7056393623352051
1743184414.9336748,pressure,0.6261379718780518
1743184414.9348705,pressure,0.6272788047790527
1743184415.012394,pressure,0.7049036026000977
1743184415.9357243,pressure,0.6261026859283447
1743184415.9367375,pressure,0.627070426940918
1743184416.0135322,pressure,0.703864574432373
1743184416.937767,pressure,0.6268529891967773
1743184416.9382832,pressure,0.6274092197418213
1743184417.0156512,pressure,0.704272985458374
1743184417.9399521,pressure,0.6284699440002441
1743184417.9403284,pressure,0.6288330554962158
1743184418.0167866,pressure,0.7053675651550293
1743184418.9407089,pressure,0.6265161037445068
1743184418.9419851,pressure,0.6277120113372803
1743184419.0186727,pressure,0.7043349742889404
1743184419.9418647,pressure,0.626732587814331
1743184419.9435446,pressure,0.6283767223358154
1743184420.0204272,pressure,0.705087423324585
1743184420.943178,pressure,0.6269023418426514
1743184420.944536,pressure,0.6283218860626221
1743184421.0224795,pressure,0.7060556411743164
1743184421.9444306,pressure,0.6263198852539062
1743184421.9454606,pressure,0.62735915184021
1743184422.0240679,pressure,0.7059688568115234
1743184422.9457808,pressure,0.626312255859375
1743184422.9470751,pressure,0.6276628971099854
1743184423.025319,pressure,0.7058401107788086
1743184423.9471335,pressure,0.6260843276977539
1743184423.9479096,pressure,0.6268265247344971
1743184424.0266974,pressure,0.705582857131958
1743184424.9488742,pressure,0.6258032321929932
1743184424.949736,pressure,0.6263184547424316
1743184425.0291145,pressure,0.7054243087768555
1743184425.9501133,pressure,0.6257915496826172
1743184425.9515994,pressure,0.6272516250610352
1743184426.0306728,pressure,0.70633864402771
1743184426.9511433,pressure,0.6255288124084473
1743184426.953301,pressure,0.6276991367340088
1743184427.0322027,pressure,0.7065351009368896
1743184427.9521132,pressure,0.6257555484771729
1743184427.954453,pressure,0.6280825138092041
1743184428.033423,pressure,0.7070326805114746
1743184428.9529197,pressure,0.6255183219909668
1743184428.9560473,pressure,0.6284511089324951
1743184429.0346665,pressure,0.7071874141693115
1743184429.9545665,pressure,0.6261627674102783
1743184429.957884,pressure,0.6296672821044922
1743184430.035583,pressure,0.7074892520904541
1743184430.956209,pressure,0.6271378993988037
1743184430.9592335,pressure,0.6301040649414062
1743184431.03708,pressure,0.7079970836639404
1743184431.9572382,pressure,0.6270389556884766
1743184431.9613278,pressure,0.6308779716491699
1743184432.038156,pressure,0.7079095840454102
1743184432.9597716,pressure,0.6290566921234131
1743184432.963188,pressure,0.6324827671051025
1743184433.039343,pressure,0.7086362838745117
1743184433.9610794,pressure,0.6293563842773438
1743184433.9645495,pressure,0.6327195167541504
1743184434.0403945,pressure,0.7086873054504395
1743184434.9623191,pressure,0.6295552253723145
1743184434.9661613,pressure,0.6336581707000732
1743184435.0413814,pressure,0.7088842391967773
1743184435.9637954,pressure,0.6300227642059326
1743184435.9674218,pressure,0.6336257457733154
1743184436.0427027,pressure,0.7088935375213623
1743184436.9661267,pressure,0.631129264831543
1743184436.9686892,pressure,0.6337499618530273
1743184437.0439534,pressure,0.7089836597442627
1743184437.967949,pressure,0.632465124130249
1743184437.9701056,pressure,0.6345653533935547
1743184438.0455267,pressure,0.7099652290344238
1743184438.9703412,pressure,0.6341795921325684
1743184438.9716406,pressure,0.635582685470581
1743184439.048922,pressure,0.71217942237854
1743184439.9717405,pressure,0.6345481872558594
1743184439.9729402,pressure,0.635716438293457
1743184440.0505745,pressure,0.7134215831756592
1743184440.9734113,pressure,0.6350445747375488
1743184440.9738698,pressure,0.6354739665985107
1743184441.0516427,pressure,0.7132453918457031
1743184441.9750662,pressure,0.6355171203613281
1743184441.9756117,pressure,0.6361443996429443
1743184442.0535295,pressure,0.7140171527862549
1743184442.9760575,pressure,0.6360063552856445
1743184442.9767404,pressure,0.6366734504699707
1743184443.0546205,pressure,0.7145900726318359
1743184443.978061,pressure,0.6373434066772461
1743184443.9781704,pressure,0.6374783515930176
1743184444.0555196,pressure,0.7149357795715332
1743184444.9792953,pressure,0.636101245880127
1743184444.979873,pressure,0.6366093158721924
1743184445.0562603,pressure,0.7131655216217041
1743184445.9813724,pressure,0.6372754573822021
1743184445.982005,pressure,0.6378424167633057
1743184446.057472,pressure,0.7134287357330322
1743184446.9824405,pressure,0.6373386383056641
1743184446.9837003,pressure,0.6383993625640869
1743184447.0590856,pressure,0.7138502597808838
1743184447.984079,pressure,0.6377520561218262
1743184447.9850974,pressure,0.6390078067779541
1743184448.0617511,pressure,0.715599536895752
1743184448.9865618,pressure,0.6400918960571289
1743184448.9868345,pressure,0.6399719715118408
1743184449.063068,pressure,0.716580867767334
1743184449.9879556,pressure,0.6403465270996094
1743184449.9889946,pressure,0.6411871910095215
1743184450.0645025,pressure,0.7169880867004395
1743184450.98925,pressure,0.6397323608398438
1743184450.9903464,pressure,0.6407849788665771
1743184451.0651639,pressure,0.7156999111175537
1743184451.990454,pressure,0.6399369239807129
1743184451.991723,pressure,0.6412444114685059
1743184452.0669374,pressure,0.7162008285522461
1743184452.9919086,pressure,0.6400613784790039
1743184452.9928763,pressure,0.6411383152008057
1743184453.0694873,pressure,0.7176985740661621
1743184453.9929116,pressure,0.6405248641967773
1743184453.9936697,pressure,0.6413350105285645
1743184454.0705647,pressure,0.7182366847991943
1743184454.9954185,pressure,0.6413748264312744
1743184454.9961355,pressure,0.6421108245849609
1743184455.071926,pressure,0.7178471088409424
1743184455.9981253,pressure,0.6423659324645996
1743184455.9984832,pressure,0.6425685882568359
1743184456.072565,pressure,0.717210054397583
1743184457.0005403,pressure,0.6442162990570068
1743184457.0009847,pressure,0.6445045471191406
1743184457.0736399,pressure,0.7172660827636719
1743184458.0017855,pressure,0.6441361904144287
1743184458.001989,pressure,0.6443741321563721
1743184458.0756276,pressure,0.7180263996124268
1743184459.0041518,pressure,0.6449685096740723
1743184459.0043848,pressure,0.6448304653167725
1743184459.077414,pressure,0.7179675102233887
1743184460.0055075,pressure,0.6456480026245117
1743184460.0067945,pressure,0.6468987464904785
1743184460.0797353,pressure,0.7198886871337891
1743184461.0085576,pressure,0.6474497318267822
1743184461.0100045,pressure,0.6486659049987793
1743184461.0813065,pressure,0.7202179431915283
1743184462.012743,pressure,0.6508793830871582
1743184462.0143623,pressure,0.6525657176971436
1743184462.0834885,pressure,0.7216067314147949
1743184463.0143564,pressure,0.6518573760986328
1743184463.0160074,pressure,0.653383731842041
1743184463.0851061,pressure,0.7226178646087646
1743184464.017228,pressure,0.6538395881652832
1743184464.0175745,pressure,0.6542634963989258
1743184464.0881817,pressure,0.7248082160949707
1743184465.0187614,pressure,0.6542932987213135
1743184465.019032,pressure,0.6545956134796143
1743184465.0916584,pressure,0.7271597385406494
1743184466.0208783,pressure,0.6530590057373047
1743184466.0213072,pressure,0.6534481048583984
1743184466.0933247,pressure,0.7255556583404541
1743184467.022332,pressure,0.6531391143798828
1743184467.0227797,pressure,0.6535029411315918
1743184467.0969584,pressure,0.7276630401611328
1743184468.024354,pressure,0.6540884971618652
1743184468.0248945,pressure,0.6545979976654053
1743184468.1005712,pressure,0.7303073406219482
1743184469.0267742,pressure,0.6555418968200684
1743184469.0272532,pressure,0.6559677124023438
1743184469.1018755,pressure,0.7305765151977539
1743184470.028277,pressure,0.6560368537902832
1743184470.0291018,pressure,0.656928300857544
1743184470.1040807,pressure,0.7317049503326416
1743184471.0297859,pressure,0.654425859451294
1743184471.0300844,pressure,0.6547915935516357
1743184471.1052961,pressure,0.7300150394439697
1743184472.0311177,pressure,0.6543571949005127
1743184472.0316434,pressure,0.6548247337341309
1743184472.1068811,pressure,0.729844331741333
1743184473.0321386,pressure,0.6550066471099854
1743184473.033375,pressure,0.6561987400054932
1743184473.1087317,pressure,0.7316203117370605
1743184474.0331495,pressure,0.6551809310913086
1743184474.0350604,pressure,0.6570100784301758
1743184474.1097558,pressure,0.7318019866943359
1743184475.0341432,pressure,0.6542634963989258
1743184475.0368855,pressure,0.6565539836883545
1743184475.1124325,pressure,0.7324793338775635
1743184476.035237,pressure,0.6539859771728516
1743184476.0380971,pressure,0.6566371917724609
1743184476.1146228,pressure,0.7333517074584961
1743184477.0363932,pressure,0.6540317535400391
1743184477.0400198,pressure,0.6575777530670166
1743184477.116519,pressure,0.734067440032959
1743184478.0378833,pressure,0.6539630889892578
1743184478.041279,pressure,0.6575782299041748
1743184478.1177752,pressure,0.7340953350067139
1743184479.0396512,pressure,0.6532769203186035
1743184479.0427842,pressure,0.6565208435058594
1743184479.119246,pressure,0.732978105545044
1743184480.0412312,pressure,0.6537022590637207
1743184480.043974,pressure,0.6564533710479736
1743184480.1204867,pressure,0.7330243587493896
1743184481.043222,pressure,0.654224157333374
1743184481.0454834,pressure,0.6564934253692627
1743184481.121966,pressure,0.7329151630401611
1743184482.0451343,pressure,0.6549932956695557
1743184482.0473754,pressure,0.6569290161132812
1743184482.123192,pressure,0.7330782413482666
1743184483.046192,pressure,0.6552157402038574
1743184483.0491824,pressure,0.6582274436950684
1743184483.1242092,pressure,0.7332394123077393
1743184484.0479162,pressure,0.6554629802703857
1743184484.0505378,pressure,0.658104419708252
1743184484.1251569,pressure,0.7327611446380615
1743184485.0489116,pressure,0.6552667617797852
1743184485.0514693,pressure,0.6578645706176758
1743184485.12639,pressure,0.7326614856719971
1743184486.0504816,pressure,0.6560337543487549
1743184486.0524092,pressure,0.6579952239990234
1743184486.1277037,pressure,0.7333352565765381
1743184487.052458,pressure,0.6573383808135986
1743184487.0537484,pressure,0.6586997509002686
1743184487.129365,pressure,0.7340950965881348
1743184488.0549,pressure,0.6589739322662354
1743184488.0554793,pressure,0.6595871448516846
1743184488.1310863,pressure,0.7351541519165039
1743184489.0565324,pressure,0.6602365970611572
1743184489.0574505,pressure,0.6611340045928955
1743184489.1327636,pressure,0.7364406585693359
1743184490.0574927,pressure,0.66036057472229
1743184490.058271,pressure,0.6611993312835693
1743184490.1341934,pressure,0.7370717525482178
1743184491.0584562,pressure,0.6606936454772949
1743184491.0593472,pressure,0.6615080833435059
1743184491.1419082,pressure,0.7440202236175537
1743184492.061522,pressure,0.6627073287963867
1743184492.0621102,pressure,0.6633858680725098
1743184492.1431308,pressure,0.7444756031036377
1743184493.0650206,pressure,0.665320634841919
1743184493.0654361,pressure,0.6654865741729736
1743184493.1441453,pressure,0.7447357177734375
1743184494.0671926,pressure,0.6663529872894287
1743184494.0684922,pressure,0.6672251224517822
1743184494.1454756,pressure,0.7446017265319824
1743184495.0684764,pressure,0.6669836044311523
1743184495.0702322,pressure,0.6688170433044434
1743184495.1470215,pressure,0.7455203533172607
1743184496.0696647,pressure,0.667539119720459
1743184496.0710979,pressure,0.6689610481262207
1743184496.147971,pressure,0.7457146644592285
1743184497.0713978,pressure,0.6684591770172119
1743184497.072356,pressure,0.6695947647094727
1743184497.1490505,pressure,0.7462835311889648
1743184498.073375,pressure,0.6701381206512451
1743184498.0750449,pressure,0.6717524528503418
1743184498.150328,pressure,0.746955394744873
1743184499.0746794,pressure,0.6708507537841797
1743184499.076493,pressure,0.6727263927459717
1743184499.1516619,pressure,0.7478582859039307
1743184500.0761135,pressure,0.6715793609619141
1743184500.0776603,pressure,0.6730093955993652
1743184500.1535602,pressure,0.7486739158630371
1743184501.0775208,pressure,0.6722588539123535
1743184501.079236,pressure,0.6740217208862305
1743184501.154849,pressure,0.7495343685150146
1743184502.079475,pressure,0.6735796928405762
1743184502.0813184,pressure,0.6753487586975098
1743184502.1560261,pressure,0.7500948905944824
1743184503.081694,pressure,0.6751704216003418
1743184503.0833158,pressure,0.676577091217041
1743184503.1575665,pressure,0.751105785369873
1743184504.0837677,pressure,0.6768937110900879
1743184504.0843687,pressure,0.6774961948394775
1743184504.160631,pressure,0.7533226013183594
1743184505.0860918,pressure,0.678400993347168
1743184505.0864313,pressure,0.6785757541656494
1743184505.1634853,pressure,0.756009578704834
1743184506.0893247,pressure,0.6811580657958984
1743184506.0902133,pressure,0.68180251121521
1743184506.1648622,pressure,0.7565996646881104
1743184507.0906434,pressure,0.6816120147705078
1743184507.091778,pressure,0.6827876567840576
1743184507.166292,pressure,0.7572898864746094
1743184508.0925803,pressure,0.682481050491333
1743184508.0929685,pressure,0.6828799247741699
1743184508.1681235,pressure,0.7580127716064453
1743184509.0939388,pressure,0.6834511756896973
1743184509.0941894,pressure,0.6836988925933838
1743184509.1700616,pressure,0.7596075534820557
1743184510.095117,pressure,0.6836907863616943
1743184510.0952196,pressure,0.6838202476501465
1743184510.1712036,pressure,0.7598071098327637
1743184511.0965457,pressure,0.6834468841552734
1743184511.0966842,pressure,0.6837437152862549
1743184511.1730242,pressure,0.7599895000457764
1743184512.097857,pressure,0.6832232475280762
1743184512.0983832,pressure,0.6835510730743408
1743184512.1744912,pressure,0.7597935199737549
1743184513.0991733,pressure,0.6831521987915039
1743184513.1006515,pressure,0.6843976974487305
1743184513.1773827,pressure,0.7612769603729248
1743184514.1020503,pressure,0.6849212646484375
1743184514.1035557,pressure,0.6862349510192871
1743184514.1785831,pressure,0.7615022659301758
1743184515.1035771,pressure,0.6859111785888672
1743184515.1045709,pressure,0.6869583129882812
1743184515.1813848,pressure,0.7635889053344727
1743184516.105587,pressure,0.6869847774505615
1743184516.105899,pressure,0.6872026920318604
1743184516.1839044,pressure,0.765202522277832
1743184517.1070557,pressure,0.6875977516174316
1743184517.1071174,pressure,0.6876776218414307
1743184517.185692,pressure,0.766204833984375
1743184518.108451,pressure,0.6877427101135254
1743184518.1086295,pressure,0.6878964900970459
1743184518.187326,pressure,0.7665286064147949
1743184519.1097713,pressure,0.6884031295776367
1743184519.1108363,pressure,0.6891448497772217
1743184519.1891139,pressure,0.7677755355834961
1743184520.114855,pressure,0.6923975944519043
1743184520.1156003,pressure,0.6931376457214355
1743184520.1913853,pressure,0.7689261436462402
1743184521.1170802,pressure,0.6933627128601074
1743184521.1174943,pressure,0.6938636302947998
1743184521.1944957,pressure,0.7707314491271973
1743184522.118727,pressure,0.6939435005187988
1743184522.1187267,pressure,0.6940536499023438
1743184522.197399,pressure,0.7726893424987793
1743184523.1200697,pressure,0.6947312355041504
1743184523.120588,pressure,0.6952674388885498
1743184523.1993196,pressure,0.7739403247833252
1743184524.121385,pressure,0.6953339576721191
1743184524.1220737,pressure,0.6961121559143066
1743184524.2013144,pressure,0.7751984596252441
1743184525.122545,pressure,0.6962049007415771
1743184525.1236727,pressure,0.6973285675048828
1743184525.2023335,pressure,0.775970458984375
1743184526.123758,pressure,0.6970336437225342
1743184526.1247706,pressure,0.6980118751525879
1743184526.2037451,pressure,0.7769768238067627
1743184527.1251848,pressure,0.6975851058959961
1743184527.1264412,pressure,0.6987643241882324
1743184527.2055383,pressure,0.7779865264892578
1743184528.1262763,pressure,0.6978225708007812
1743184528.127985,pressure,0.699453592300415
1743184528.207272,pressure,0.7787587642669678
1743184529.1273394,pressure,0.6983609199523926
1743184529.1289322,pressure,0.6999034881591797
1743184529.2088783,pressure,0.779801607131958
1743184530.1288497,pressure,0.6984508037567139
1743184530.1301298,pressure,0.6998496055603027
1743184530.210523,pressure,0.7802507877349854
1743184531.130662,pressure,0.6988987922668457
1743184531.13158,pressure,0.6998913288116455
1743184531.212228,pressure,0.7804625034332275
1743184532.132507,pressure,0.699934720993042
1743184532.1330514,pressure,0.7004022598266602
1743184532.213418,pressure,0.7807929515838623
1743184533.134386,pressure,0.7006375789642334
1743184533.1345263,pressure,0.7007803916931152
1743184533.2149556,pressure,0.7810900211334229
1743184534.1354828,pressure,0.7009725570678711
1743184534.135546,pressure,0.7010066509246826
1743184534.2161553,pressure,0.7816512584686279
1743184535.1364696,pressure,0.7015578746795654
1743184535.1371803,pressure,0.7022438049316406
1743184535.217269,pressure,0.7822699546813965
1743184536.1381254,pressure,0.7023756504058838
1743184536.1384604,pressure,0.7026777267456055
1743184536.2183118,pressure,0.7825422286987305
1743184537.1395721,pressure,0.7030360698699951
1743184537.1406324,pressure,0.7040636539459229
1743184537.2193837,pressure,0.7828302383422852
1743184538.1407251,pressure,0.7034859657287598
1743184538.1417763,pressure,0.7046043872833252
1743184538.2210877,pressure,0.7839028835296631
1743184539.1420853,pressure,0.704164981842041
1743184539.1433065,pressure,0.7052266597747803
1743184539.222239,pressure,0.7843010425567627
1743184540.1432004,pressure,0.704531192779541
1743184540.1448522,pressure,0.7061915397644043
1743184540.2236176,pressure,0.7849471569061279
1743184541.1444821,pressure,0.7028892040252686
1743184541.1457016,pressure,0.7041225433349609
1743184541.2248454,pressure,0.7832043170928955
1743184542.1456187,pressure,0.7031893730163574
1743184542.1469076,pressure,0.7044215202331543
1743184542.2260807,pressure,0.7835648059844971
1743184543.1470037,pressure,0.7026822566986084
1743184543.148566,pressure,0.7043094635009766
1743184543.227435,pressure,0.7832396030426025
1743184544.1484613,pressure,0.7032325267791748
1743184544.1499696,pressure,0.7047610282897949
1743184544.2291327,pressure,0.7839124202728271
1743184545.1502082,pressure,0.7045485973358154
1743184545.1513293,pressure,0.7056527137756348
1743184545.2312937,pressure,0.7853000164031982
1743184546.1515687,pressure,0.7049384117126465
1743184546.1525881,pressure,0.7060399055480957
1743184546.2328725,pressure,0.7862272262573242
1743184547.1529841,pressure,0.705244779586792
1743184547.1539083,pressure,0.7062098979949951
1743184547.2340906,pressure,0.7864489555358887
1743184548.1541877,pressure,0.7057895660400391
1743184548.1555967,pressure,0.7070274353027344
1743184548.2354743,pressure,0.7868638038635254
1743184549.1555736,pressure,0.7061672210693359
1743184549.1571531,pressure,0.707730770111084
1743184549.2370856,pressure,0.7876725196838379
1743184550.156787,pressure,0.706547737121582
1743184550.158572,pressure,0.7082924842834473
1743184550.2383091,pressure,0.7880356311798096
1743184551.1580474,pressure,0.7071523666381836
1743184551.1595929,pressure,0.7087879180908203
1743184551.2394183,pressure,0.7886030673980713
1743184552.1593301,pressure,0.7076570987701416
1743184552.1605103,pressure,0.708836555480957
1743184552.240396,pressure,0.7887132167816162
1743184553.1604674,pressure,0.7081830501556396
1743184553.1626906,pressure,0.7099888324737549
1743184553.242087,pressure,0.7896595001220703
1743184554.1624086,pressure,0.7090814113616943
1743184554.1641817,pressure,0.7108044624328613
1743184554.2435842,pressure,0.7902824878692627
1743184555.1635203,pressure,0.7096481323242188
1743184555.165619,pressure,0.7117586135864258
1743184555.2451458,pressure,0.7912821769714355
1743184556.164637,pressure,0.7101325988769531
1743184556.1670096,pressure,0.7122867107391357
1743184556.2465045,pressure,0.7919700145721436
1743184557.1662157,pressure,0.7109992504119873
1743184557.1684914,pressure,0.7134153842926025
1743184557.248479,pressure,0.793367862701416
1743184558.167459,pressure,0.7103898525238037
1743184558.1696815,pressure,0.7126104831695557
1743184558.2497072,pressure,0.7926504611968994
1743184559.1685715,pressure,0.710791826248169
1743184559.1709008,pressure,0.7131080627441406
1743184559.251458,pressure,0.7936296463012695
1743184560.1699097,pressure,0.7112350463867188
1743184560.1722348,pressure,0.7135908603668213
1743184560.2528625,pressure,0.7941627502441406
1743184561.1709633,pressure,0.7114088535308838
1743184561.1737988,pressure,0.7142596244812012
1743184561.2548873,pressure,0.7953071594238281
1743184562.172022,pressure,0.7116398811340332
1743184562.1754417,pressure,0.7151329517364502
1743184562.2562015,pressure,0.7959282398223877
1743184563.1734107,pressure,0.7123034000396729
1743184563.1772392,pressure,0.7159595489501953
1743184563.2577338,pressure,0.7966363430023193
1743184564.1743584,pressure,0.7127630710601807
1743184564.1787548,pressure,0.7171111106872559
1743184564.259374,pressure,0.7975637912750244
1743184565.1755807,pressure,0.7134542465209961
1743184565.1804485,pressure,0.7183640003204346
1743184565.2615123,pressure,0.7992572784423828
1743184566.1771562,pressure,0.7130615711212158
1743184566.181545,pressure,0.7174656391143799
1743184566.2632084,pressure,0.7990968227386475
1743184567.1784675,pressure,0.7132465839385986
1743184567.1827528,pressure,0.7176010608673096
1743184567.2648537,pressure,0.7996253967285156
1743184568.1799583,pressure,0.7126843929290771
1743184568.1836991,pressure,0.7164762020111084
1743184568.2662838,pressure,0.7990772724151611
1743184569.1813796,pressure,0.7131059169769287
1743184569.185299,pressure,0.7171041965484619
1743184569.2676816,pressure,0.7994844913482666
1743184570.1828964,pressure,0.7128589153289795
1743184570.1863408,pressure,0.7163650989532471
1743184570.2697806,pressure,0.7996571063995361
1743184571.184067,pressure,0.713266134262085
1743184571.1881642,pressure,0.7174584865570068
1743184571.2720604,pressure,0.8011994361877441
1743184572.1850889,pressure,0.7137095928192139
1743184572.1893082,pressure,0.7179627418518066
1743184572.2740984,pressure,0.802605390548706
1743184573.1864655,pressure,0.7139763832092285
1743184573.1903193,pressure,0.7179303169250488
1743184573.2759864,pressure,0.8035717010498047
1743184574.1880724,pressure,0.715167760848999
1743184574.1913993,pressure,0.7185218334197998
1743184574.2779102,pressure,0.8049907684326172
1743184575.1898642,pressure,0.7155866622924805
1743184575.1924233,pressure,0.7181978225708008
1743184575.27953,pressure,0.8053090572357178
1743184576.1911652,pressure,0.716097354888916
1743184576.1936617,pressure,0.7185306549072266
1743184576.2809253,pressure,0.8057703971862793
1743184577.1924214,pressure,0.7165076732635498
1743184577.1947565,pressure,0.7188854217529297
1743184577.282066,pressure,0.8061878681182861
1743184578.1939144,pressure,0.7170908451080322
1743184578.196888,pressure,0.7199056148529053
1743184578.2833245,pressure,0.8066198825836182
1743184579.195164,pressure,0.7178146839141846
1743184579.1987674,pressure,0.7214281558990479
1743184579.284978,pressure,0.8073785305023193
1743184580.1969879,pressure,0.7187104225158691
1743184580.199851,pressure,0.7216336727142334
1743184580.2863843,pressure,0.8082244396209717
1743184581.198644,pressure,0.719569206237793
1743184581.2011058,pressure,0.7220015525817871
1743184581.2874053,pressure,0.8083410263061523
1743184582.1996694,pressure,0.7192447185516357
1743184582.2023897,pressure,0.7219452857971191
1743184582.2888703,pressure,0.8084087371826172
1743184583.200927,pressure,0.7198212146759033
1743184583.2043686,pressure,0.7233066558837891
1743184583.2908704,pressure,0.8097438812255859
1743184584.202114,pressure,0.720184326171875
1743184584.206203,pressure,0.7242922782897949
1743184584.293113,pressure,0.8110666275024414
1743184585.2035234,pressure,0.7208075523376465
1743184585.2085304,pressure,0.7256388664245605
1743184585.2956932,pressure,0.8129961490631104
1743184586.2047067,pressure,0.718888521194458
1743184586.2097747,pressure,0.7240109443664551
1743184586.297776,pressure,0.8119528293609619
1743184587.2066808,pressure,0.720247745513916
1743184587.2107685,pressure,0.7244341373443604
1743184587.3009691,pressure,0.813976526260376
1743184588.2081306,pressure,0.720759391784668
1743184588.2124968,pressure,0.7252645492553711
1743184588.3039188,pressure,0.8166642189025879
1743184589.2098706,pressure,0.720994234085083
1743184589.213716,pressure,0.7248930931091309
1743184589.3060732,pressure,0.8172245025634766
1743184590.211261,pressure,0.721322774887085
1743184590.214889,pressure,0.7249727249145508
1743184590.3080437,pressure,0.818108320236206
1743184591.2130945,pressure,0.7217333316802979
1743184591.2157934,pressure,0.7245616912841797
1743184591.3094816,pressure,0.8182494640350342
1743184592.2151234,pressure,0.7213649749755859
1743184592.2170808,pressure,0.7234196662902832
1743184592.3103545,pressure,0.8169007301330566
1743184593.2165692,pressure,0.7223973274230957
1743184593.2181394,pressure,0.7239639759063721
1743184593.3139725,pressure,0.8197290897369385
1743184594.2179656,pressure,0.7225742340087891
1743184594.2191138,pressure,0.7238650321960449
1743184594.3155758,pressure,0.8203051090240479
1743184595.2194471,pressure,0.7230782508850098
1743184595.220297,pressure,0.7239820957183838
1743184595.3170736,pressure,0.820730447769165
1743184596.2205017,pressure,0.7227778434753418
1743184596.2217598,pressure,0.7240080833435059
1743184596.3196688,pressure,0.8219549655914307
1743184597.221759,pressure,0.7230484485626221
1743184597.2230246,pressure,0.7242376804351807
1743184597.3216102,pressure,0.8229923248291016
1743184598.222737,pressure,0.7234668731689453
1743184598.2247114,pressure,0.7253856658935547
1743184598.324561,pressure,0.8252694606781006
1743184599.2240942,pressure,0.7229418754577637
1743184599.2264025,pressure,0.725212812423706
1743184599.3280082,pressure,0.8267836570739746
1743184600.2254794,pressure,0.7237963676452637
1743184600.227491,pressure,0.7257387638092041
1743184600.3306117,pressure,0.8289380073547363
1743184601.2271357,pressure,0.7243125438690186
1743184601.2292109,pressure,0.7263343334197998
1743184601.3339126,pressure,0.8310465812683105
1743184602.2286115,pressure,0.7250230312347412
1743184602.231076,pressure,0.7274608612060547
1743184602.334994,pressure,0.8312995433807373
1743184603.2299466,pressure,0.7228298187255859
1743184603.2322705,pressure,0.725109338760376
1743184603.3373878,pressure,0.8303337097167969
1743184604.2320733,pressure,0.7240796089172363
1743184604.2340975,pressure,0.7258727550506592
1743184604.3410602,pressure,0.8329367637634277
1743184605.233469,pressure,0.7247750759124756
1743184605.2360926,pressure,0.7272896766662598
1743184605.3446994,pressure,0.8360514640808105
1743184606.2353468,pressure,0.7261741161346436
1743184606.2379267,pressure,0.7285077571868896
1743184606.3459394,pressure,0.836723804473877
1743184607.2371225,pressure,0.7271444797515869
1743184607.2397177,pressure,0.7296383380889893
1743184607.3468885,pressure,0.8369202613830566
1743184608.2390416,pressure,0.7283275127410889
1743184608.2409632,pressure,0.7302842140197754
1743184608.349747,pressure,0.8391857147216797
1743184609.2411697,pressure,0.7279703617095947
1743184609.2429183,pressure,0.72947096824646
1743184609.3512826,pressure,0.8381047248840332
1743184610.2432792,pressure,0.729067325592041
1743184610.244353,pressure,0.7301361560821533
1743184610.3522878,pressure,0.8380846977233887
1743184611.2446759,pressure,0.7296891212463379
1743184611.2457974,pressure,0.7308096885681152
1743184611.3532355,pressure,0.8383233547210693
1743184612.2464538,pressure,0.7308909893035889
1743184612.247452,pressure,0.7318716049194336
1743184612.3549218,pressure,0.839301586151123
1743184613.2479231,pressure,0.7316021919250488
1743184613.248936,pressure,0.7327706813812256
1743184613.3568406,pressure,0.8403530120849609
1743184614.2492611,pressure,0.7325088977813721
1743184614.2500222,pressure,0.7331953048706055
1743184614.361192,pressure,0.844329833984375
1743184615.2503567,pressure,0.732935905456543
1743184615.2515523,pressure,0.7341361045837402
1743184615.3630083,pressure,0.8454821109771729
1743184616.2523222,pressure,0.7342619895935059
1743184616.252744,pressure,0.7346267700195312
1743184616.3647206,pressure,0.8466742038726807
1743184617.2534294,pressure,0.7346808910369873
1743184617.254651,pressure,0.7358782291412354
1743184617.366317,pressure,0.8474292755126953
1743184618.255441,pressure,0.7360672950744629
1743184618.2559197,pressure,0.736504316329956
1743184618.3680763,pressure,0.8487694263458252
1743184619.2563512,pressure,0.7363991737365723
1743184619.2569003,pressure,0.7369170188903809
1743184619.3695285,pressure,0.8495190143585205
1743184620.258077,pressure,0.7375907897949219
1743184620.2581365,pressure,0.7376255989074707
1743184620.3715227,pressure,0.8509831428527832
1743184621.2591274,pressure,0.73738694190979
1743184621.2592554,pressure,0.7375462055206299
1743184621.3733974,pressure,0.8517248630523682
1743184622.2604887,pressure,0.7379701137542725
1743184622.2606354,pressure,0.7381198406219482
1743184622.374688,pressure,0.8522064685821533
1743184623.2624357,pressure,0.7392802238464355
1743184623.2624772,pressure,0.73927903175354
1743184623.3754838,pressure,0.8524074554443359
1743184624.2636383,pressure,0.7397420406341553
1743184624.2644987,pressure,0.7403459548950195
1743184624.37659,pressure,0.8526511192321777
1743184625.264613,pressure,0.7397904396057129
1743184625.266071,pressure,0.7412364482879639
1743184625.3806975,pressure,0.855668306350708
1743184626.2656078,pressure,0.739696741104126
1743184626.2670357,pressure,0.7410681247711182
1743184626.382257,pressure,0.8563768863677979
1743184627.2665884,pressure,0.7393569946289062
1743184627.2684352,pressure,0.7411637306213379
1743184627.3839946,pressure,0.856680154800415
1743184628.2680597,pressure,0.7397177219390869
1743184628.2701566,pressure,0.7418663501739502
1743184628.386395,pressure,0.8581955432891846
1743184629.2693827,pressure,0.7399752140045166
1743184629.2713597,pressure,0.7419610023498535
1743184629.3873746,pressure,0.8579549789428711
1743184630.2705646,pressure,0.7393913269042969
1743184630.2723458,pressure,0.7412216663360596
1743184630.3910453,pressure,0.8597917556762695
1743184631.2721994,pressure,0.7400555610656738
1743184631.2735975,pressure,0.7414131164550781
1743184631.3917897,pressure,0.8597307205200195
1743184632.2734976,pressure,0.740656852722168
1743184632.2751486,pressure,0.7422971725463867
1743184632.393122,pressure,0.8602168560028076
1743184633.2753208,pressure,0.7414441108703613
1743184633.2767942,pressure,0.742962121963501
1743184633.3956556,pressure,0.8619451522827148
1743184634.2772455,pressure,0.7428386211395264
1743184634.2782495,pressure,0.7438688278198242
1743184634.3973975,pressure,0.8630681037902832
1743184635.2792394,pressure,0.7441763877868652
1743184635.2793858,pressure,0.7443373203277588
1743184635.398532,pressure,0.8634510040283203
1743184636.2802992,pressure,0.7442595958709717
1743184636.2805471,pressure,0.7444472312927246
1743184636.3998382,pressure,0.8636817932128906
1743184637.2812552,pressure,0.7445242404937744
1743184637.284355,pressure,0.7457334995269775
1743184637.4013062,pressure,0.864478588104248
1743184638.2831724,pressure,0.7457723617553711
1743184638.285397,pressure,0.7479825019836426
1743184638.4022543,pressure,0.8648841381072998
1743184639.284333,pressure,0.7458915710449219
1743184639.2871032,pressure,0.7485647201538086
1743184639.4035177,pressure,0.8651080131530762
1743184640.2864358,pressure,0.7474830150604248
1743184640.288202,pressure,0.7492749691009521
1743184640.4047194,pressure,0.86578369140625
1743184641.288324,pressure,0.7484943866729736
1743184641.2893949,pressure,0.749563455581665
1743184641.406268,pressure,0.8664767742156982
1743184642.290161,pressure,0.7494921684265137
1743184642.2906423,pressure,0.7499892711639404
1743184642.4072266,pressure,0.8665335178375244
1743184643.2913258,pressure,0.7495408058166504
1743184643.2921016,pressure,0.7502486705780029
1743184643.4078789,pressure,0.8661437034606934
1743184644.2925508,pressure,0.7500205039978027
1743184644.293851,pressure,0.7510697841644287
1743184644.4119275,pressure,0.869333028793335
1743184645.2937698,pressure,0.7504417896270752
1743184645.2954535,pressure,0.7520174980163574
1743184645.413323,pressure,0.8699991703033447
1743184646.295118,pressure,0.7508983612060547
1743184646.2968538,pressure,0.7525651454925537
1743184646.41603,pressure,0.8716692924499512
1743184647.297153,pressure,0.7518463134765625
1743184647.2980242,pressure,0.7526981830596924
1743184647.4182606,pressure,0.8728842735290527
1743184648.298192,pressure,0.7522721290588379
1743184648.2990055,pressure,0.7530651092529297
1743184648.419672,pressure,0.8738059997558594
1743184649.2993336,pressure,0.7528383731842041
1743184649.3005776,pressure,0.7540223598480225
1743184649.4216673,pressure,0.8751797676086426
1743184650.3006039,pressure,0.7532579898834229
1743184650.3019974,pressure,0.7545413970947266
1743184650.4230077,pressure,0.8756124973297119
1743184651.3020506,pressure,0.7538347244262695
1743184651.3038886,pressure,0.7554528713226318
1743184651.4245872,pressure,0.8764870166778564
1743184652.30429,pressure,0.755659818649292
1743184652.3062527,pressure,0.7576766014099121
1743184652.4254858,pressure,0.8768696784973145
1743184653.3054378,pressure,0.75563645362854
1743184653.3071053,pressure,0.7574512958526611
1743184653.426378,pressure,0.8768010139465332
1743184654.3067365,pressure,0.756056547164917
1743184654.3081634,pressure,0.757443904876709
1743184654.4307563,pressure,0.8800876140594482
1743184655.3081305,pressure,0.7562839984893799
1743184655.3093193,pressure,0.7574231624603271
1743184655.4317584,pressure,0.879859447479248
1743184656.3094552,pressure,0.7565083503723145
1743184656.3103092,pressure,0.7573568820953369
1743184656.433772,pressure,0.8808329105377197
1743184657.3104334,pressure,0.756819486618042
1743184657.3128757,pressure,0.7592289447784424
1743184657.4353955,pressure,0.8817534446716309
1743184658.3117118,pressure,0.7567369937896729
1743184658.3142025,pressure,0.7592346668243408
1743184658.436443,pressure,0.881575345993042
1743184659.3133628,pressure,0.7570505142211914
1743184659.3156636,pressure,0.7593657970428467
1743184659.439318,pressure,0.8828315734863281
1743184660.314668,pressure,0.757624626159668
1743184660.3169801,pressure,0.7599732875823975
1743184660.441144,pressure,0.8837659358978271
1743184661.3162656,pressure,0.7587246894836426
1743184661.3182018,pressure,0.7605555057525635
1743184661.4424677,pressure,0.8849494457244873
1743184662.3179312,pressure,0.7589340209960938
1743184662.319413,pressure,0.76082444190979
1743184662.4432309,pressure,0.8846185207366943
1743184663.3199553,pressure,0.7600710391998291
1743184663.3213966,pressure,0.761650800704956
1743184663.4439352,pressure,0.8842194080352783
1743184664.3226852,pressure,0.7621190547943115
1743184664.3242126,pressure,0.7632839679718018
1743184664.4453542,pressure,0.8848881721496582
1743184665.3257227,pressure,0.7636966705322266
1743184665.3264482,pressure,0.7646093368530273
1743184665.4465082,pressure,0.8848521709442139
1743184666.3280058,pressure,0.7656981945037842
1743184666.328694,pressure,0.7663917541503906
1743184666.4474459,pressure,0.8851869106292725
1743184667.328728,pressure,0.765225887298584
1743184667.3297064,pressure,0.7661964893341064
1743184667.4490082,pressure,0.8853645324707031
1743184668.3302238,pressure,0.7659978866577148
1743184668.3319366,pressure,0.7674534320831299
1743184668.4504054,pressure,0.8861801624298096
1743184669.3323119,pressure,0.7667887210845947
1743184669.333688,pressure,0.7681310176849365
1743184669.451736,pressure,0.8861503601074219
1743184670.333659,pressure,0.7668721675872803
1743184670.3354797,pressure,0.7687182426452637
1743184670.4535687,pressure,0.8868544101715088
1743184671.3354049,pressure,0.7674744129180908
1743184671.3371553,pressure,0.7691333293914795
1743184671.455263,pressure,0.8873317241668701
1743184672.3361578,pressure,0.7673768997192383
1743184672.3383558,pressure,0.7695331573486328
1743184672.4563973,pressure,0.887509822845459
1743184673.3383934,pressure,0.7682919502258301
1743184673.340575,pressure,0.7698686122894287
1743184673.4574835,pressure,0.8873903751373291
1743184674.3399405,pressure,0.7681338787078857
1743184674.3425274,pressure,0.7707405090332031
1743184674.458719,pressure,0.8869810104370117
1743184675.340974,pressure,0.7680346965789795
1743184675.3438542,pressure,0.7709038257598877
1743184675.4597962,pressure,0.886915922164917
1743184676.3427966,pressure,0.7681357860565186
1743184676.3451743,pressure,0.770521879196167
1743184676.4610584,pressure,0.8864517211914062
1743184677.3439143,pressure,0.768073558807373
1743184677.3465092,pressure,0.7706191539764404
1743184677.4626641,pressure,0.8866987228393555
1743184678.345167,pressure,0.7683374881744385
1743184678.3484905,pressure,0.7710747718811035
1743184678.4643831,pressure,0.8875064849853516
1743184679.3466444,pressure,0.7685563564300537
1743184679.3502126,pressure,0.772064208984375
1743184679.465479,pressure,0.8873908519744873
1743184680.3485904,pressure,0.7697410583496094
1743184680.3519073,pressure,0.7729973793029785
1743184681.3512306,pressure,0.771265983581543
1743184681.353415,pressure,0.7734544277191162
1743184682.353077,pressure,0.7716259956359863
