1743181810.427652,location,0.15048503875732422
1743181811.429887,location,0.15256524085998535
1743181812.4331007,location,0.1533069610595703
1743181813.4351532,location,0.15386462211608887
1743181814.4374566,location,0.15484976768493652
1743181815.4395785,location,0.1562035083770752
1743181816.441606,location,0.15761780738830566
1743181817.4441514,location,0.15906262397766113
1743181818.4459403,location,0.1599597930908203
1743181819.447671,location,0.16006803512573242
1743181820.1654239,location,0.877774715423584
1743181820.448672,location,0.16003704071044922
1743181821.1667562,location,0.8780369758605957
1743181821.4497247,location,0.159515380859375
1743181822.1684532,location,0.8782379627227783
1743181822.4512863,location,0.16051959991455078
1743181823.1693823,location,0.8785948753356934
1743181823.4532704,location,0.16185212135314941
1743181824.1705673,location,0.8791563510894775
1743181824.4545848,location,0.1620643138885498
1743181825.17226,location,0.879683256149292
1743181825.4570782,location,0.1637120246887207
1743181826.1738772,location,0.8806803226470947
1743181826.4586284,location,0.16476035118103027
1743181827.1750872,location,0.8812322616577148
1743181827.4601486,location,0.16571640968322754
1743181828.177072,location,0.8825819492340088
1743181828.4624753,location,0.1662290096282959
1743181829.1781025,location,0.8818790912628174
1743181829.4643729,location,0.16740059852600098
1743181829.927904,location,0.6308679580688477
1743181830.1801233,location,0.8831441402435303
1743181830.465451,location,0.16633939743041992
1743181830.9305258,location,0.6314349174499512
1743181831.1815221,location,0.8824408054351807
1743181831.4670374,location,0.16684865951538086
1743181831.9324026,location,0.6323785781860352
1743181832.1830955,location,0.8830404281616211
1743181832.469297,location,0.16701078414916992
1743181832.9334798,location,0.6313107013702393
1743181833.184566,location,0.8822765350341797
1743181833.4729092,location,0.1686248779296875
1743181833.9350533,location,0.6307320594787598
1743181834.1862538,location,0.8820340633392334
1743181834.4749014,location,0.1692047119140625
1743181834.9372234,location,0.6315732002258301
1743181835.1873271,location,0.8817093372344971
1743181835.4777927,location,0.17009782791137695
1743181835.9390268,location,0.6312174797058105
1743181836.1883688,location,0.8806760311126709
1743181836.480233,location,0.17148518562316895
1743181836.9404106,location,0.6318256855010986
1743181837.1893704,location,0.8807539939880371
1743181837.4821737,location,0.17164063453674316
1743181837.9419005,location,0.6313307285308838
1743181838.1903675,location,0.8799037933349609
1743181838.4835837,location,0.1713242530822754
1743181838.9427092,location,0.6305274963378906
1743181839.1991513,location,0.8868494033813477
1743181839.48595,location,0.1718897819519043
1743181839.9445672,location,0.6306195259094238
1743181840.2014735,location,0.8875107765197754
1743181840.488254,location,0.17318201065063477
1743181840.9459884,location,0.6308095455169678
1743181841.203495,location,0.8882060050964355
1743181841.4905818,location,0.17458677291870117
1743181841.9474535,location,0.6316719055175781
1743181842.2064755,location,0.8906712532043457
1743181842.4943633,location,0.17574787139892578
1743181842.9495616,location,0.6318070888519287
1743181843.209566,location,0.8917841911315918
1743181843.497445,location,0.17865443229675293
1743181843.9506228,location,0.6318583488464355
1743181844.2113678,location,0.8925964832305908
1743181844.4993718,location,0.1794590950012207
1743181844.9522414,location,0.6323168277740479
1743181845.2132645,location,0.8934173583984375
1743181845.5004318,location,0.17896652221679688
1743181845.9545815,location,0.6331164836883545
1743181846.2159824,location,0.8944277763366699
1743181846.50189,location,0.17960834503173828
1743181846.9555087,location,0.6333186626434326
1743181847.2180538,location,0.8957579135894775
1743181847.5046132,location,0.18142366409301758
1743181847.9569218,location,0.6338849067687988
1743181848.2193487,location,0.8962981700897217
1743181848.5062811,location,0.18262481689453125
1743181848.9582608,location,0.6347396373748779
1743181849.2207441,location,0.8972041606903076
1743181849.5090702,location,0.18470287322998047
1743181849.9590807,location,0.6348602771759033
1743181850.2223258,location,0.8979852199554443
1743181850.5102546,location,0.1847679615020752
1743181850.961265,location,0.6357402801513672
1743181851.223577,location,0.8980684280395508
1743181851.5117927,location,0.18386030197143555
1743181851.9632435,location,0.6352920532226562
1743181852.2251804,location,0.8972256183624268
1743181852.513523,location,0.18445658683776855
1743181852.9657118,location,0.636582612991333
1743181853.2269704,location,0.8977084159851074
1743181853.5180454,location,0.18766283988952637
1743181853.9680145,location,0.6375722885131836
1743181854.228385,location,0.8980872631072998
1743181854.522411,location,0.19052910804748535
1743181854.9698703,location,0.6379585266113281
1743181855.2297242,location,0.8978366851806641
1743181855.523659,location,0.18958473205566406
1743181855.970908,location,0.6368577480316162
1743181856.2311814,location,0.8969800472259521
1743181856.5250556,location,0.18992877006530762
1743181856.9743807,location,0.6393628120422363
1743181857.235311,location,0.9001579284667969
1743181857.5266292,location,0.19091343879699707
1743181857.9772286,location,0.6415724754333496
1743181858.2369463,location,0.9012396335601807
1743181858.5294702,location,0.19245171546936035
1743181858.9795134,location,0.6425251960754395
1743181859.2386663,location,0.9017162322998047
1743181859.53176,location,0.19402599334716797
1743181859.9808319,location,0.6431295871734619
1743181860.240004,location,0.9022128582000732
1743181860.5356424,location,0.1974472999572754
1743181860.9824948,location,0.6443660259246826
1743181861.241734,location,0.9035460948944092
1743181861.5376356,location,0.19864416122436523
1743181861.9848666,location,0.645958423614502
1743181862.2427485,location,0.9039220809936523
1743181862.5396214,location,0.1998898983001709
1743181862.9858775,location,0.6461873054504395
1743181863.2457829,location,0.9060959815979004
1743181863.5414417,location,0.19972991943359375
1743181863.986659,location,0.645066499710083
1743181864.248467,location,0.906801700592041
1743181864.5438766,location,0.20079445838928223
1743181864.9883897,location,0.6454646587371826
1743181865.2502024,location,0.9073123931884766
1743181865.5453413,location,0.20084357261657715
1743181865.9891155,location,0.6447136402130127
1743181866.2510777,location,0.906580924987793
1743181866.5482996,location,0.20160913467407227
1743181866.9906254,location,0.6438987255096436
1743181867.252536,location,0.9057238101959229
1743181867.5494769,location,0.20173335075378418
1743181867.9917037,location,0.6439957618713379
1743181868.2544403,location,0.9066777229309082
1743181868.5509343,location,0.20206212997436523
1743181868.9925997,location,0.6438319683074951
1743181869.2560012,location,0.9071195125579834
1743181869.552402,location,0.20221447944641113
1743181869.9937084,location,0.6436319351196289
1743181870.2573996,location,0.9073934555053711
1743181870.5543964,location,0.2027139663696289
1743181870.9950283,location,0.6434407234191895
1743181871.2599063,location,0.9081902503967285
1743181871.5556636,location,0.2031116485595703
1743181871.997153,location,0.6445143222808838
1743181872.26145,location,0.9088525772094727
1743181872.5570242,location,0.20267915725708008
1743181872.9985652,location,0.6443798542022705
1743181873.2633338,location,0.9090585708618164
1743181873.5603802,location,0.2051546573638916
1743181873.9994822,location,0.6443150043487549
1743181874.2646668,location,0.9093546867370605
1743181874.563157,location,0.20685529708862305
1743181875.0014236,location,0.6450614929199219
1743181875.2658772,location,0.909569501876831
1743181875.5644186,location,0.2075042724609375
1743181876.0027838,location,0.6459012031555176
1743181876.267492,location,0.9105775356292725
1743181876.56651,location,0.20871734619140625
1743181877.0036907,location,0.6458916664123535
1743181877.2693758,location,0.9115684032440186
1743181877.5689473,location,0.21025943756103516
1743181878.0046377,location,0.6459672451019287
1743181878.2714415,location,0.9127621650695801
1743181878.5705879,location,0.2104480266571045
1743181879.0065794,location,0.6465797424316406
1743181879.2735877,location,0.913489580154419
1743181879.5723116,location,0.21163153648376465
1743181880.0082278,location,0.6475174427032471
1743181880.2747169,location,0.9140393733978271
1743181880.5738945,location,0.21093225479125977
1743181881.009355,location,0.6464664936065674
1743181881.2773547,location,0.9143581390380859
1743181881.5755477,location,0.21126818656921387
1743181882.011314,location,0.6470842361450195
1743181882.2804523,location,0.916193962097168
1743181882.576792,location,0.2112441062927246
1743181883.0124962,location,0.6469426155090332
1743181883.281881,location,0.916196346282959
1743181883.578162,location,0.2120044231414795
1743181884.0134387,location,0.6473662853240967
1743181884.2846134,location,0.9184694290161133
1743181884.579991,location,0.2127680778503418
1743181885.0177212,location,0.6506354808807373
1743181885.285616,location,0.9185562133789062
1743181885.5824041,location,0.21421241760253906
1743181886.019576,location,0.6514484882354736
1743181886.2865603,location,0.9182724952697754
1743181886.5847745,location,0.2160642147064209
1743181887.021399,location,0.6526880264282227
1743181887.2886512,location,0.9199504852294922
1743181887.5864153,location,0.21709871292114258
1743181888.026251,location,0.6566207408905029
1743181888.2896683,location,0.920346736907959
1743181888.588372,location,0.21818232536315918
1743181889.027285,location,0.6571810245513916
1743181889.2910748,location,0.9208786487579346
1743181889.589895,location,0.21840167045593262
1743181890.0287888,location,0.6572198867797852
1743181890.2935047,location,0.9221639633178711
1743181890.591115,location,0.21792936325073242
1743181891.03021,location,0.6569082736968994
1743181891.2942624,location,0.9212098121643066
1743181891.593151,location,0.21947669982910156
1743181892.0320668,location,0.6582581996917725
1743181892.2950468,location,0.9213109016418457
1743181892.5945082,location,0.219865083694458
1743181893.0334203,location,0.6588349342346191
1743181893.296128,location,0.9215409755706787
1743181893.596438,location,0.2210855484008789
1743181894.0345147,location,0.6592018604278564
1743181894.2973456,location,0.9220254421234131
1743181894.5997708,location,0.22303366661071777
1743181895.0361383,location,0.6593754291534424
1743181895.2984352,location,0.9217250347137451
1743181895.6019623,location,0.22429919242858887
1743181896.03767,location,0.660090446472168
1743181896.2993536,location,0.9218156337738037
1743181896.6045845,location,0.2264716625213623
1743181897.038683,location,0.6605567932128906
1743181897.302725,location,0.9245588779449463
1743181897.6055543,location,0.2260746955871582
1743181898.0400689,location,0.6605756282806396
1743181898.3043182,location,0.9248182773590088
1743181898.6071625,location,0.22604727745056152
1743181899.0409164,location,0.6598091125488281
1743181899.3054984,location,0.9243876934051514
1743181899.609512,location,0.22744059562683105
1743181900.0420818,location,0.6600568294525146
1743181900.30762,location,0.9255328178405762
1743181900.6105201,location,0.2267768383026123
1743181901.0471253,location,0.6632821559906006
1743181901.3098667,location,0.9260649681091309
1743181901.6114275,location,0.22680997848510742
1743181902.0511146,location,0.6664512157440186
1743181902.311659,location,0.9269819259643555
1743181902.6127508,location,0.22748565673828125
1743181903.0527477,location,0.6674816608428955
1743181903.3144574,location,0.9291176795959473
1743181903.6136968,location,0.2274479866027832
1743181904.0544016,location,0.6681807041168213
1743181904.3163793,location,0.9301824569702148
1743181904.6155324,location,0.22875142097473145
1743181905.055643,location,0.6688292026519775
1743181905.3184674,location,0.931692361831665
1743181905.6166296,location,0.2283031940460205
1743181906.056945,location,0.6685094833374023
1743181906.3194525,location,0.9311401844024658
1743181906.6175628,location,0.22790122032165527
1743181907.058689,location,0.6689755916595459
1743181907.3207936,location,0.931135892868042
1743181907.6191835,location,0.22785186767578125
1743181908.061296,location,0.6699280738830566
1743181908.3217983,location,0.930469274520874
1743181908.621978,location,0.22987055778503418
1743181909.0631182,location,0.6708343029022217
1743181909.323797,location,0.9317505359649658
1743181909.6229904,location,0.22985029220581055
1743181910.064585,location,0.6715395450592041
1743181910.3252356,location,0.9321634769439697
1743181910.624051,location,0.23038053512573242
1743181911.0674467,location,0.6737360954284668
1743181911.3274746,location,0.933783769607544
1743181911.6252556,location,0.2298579216003418
1743181912.071306,location,0.6757938861846924
1743181912.3303216,location,0.9349508285522461
1743181912.6263278,location,0.22908926010131836
1743181913.0732527,location,0.6756365299224854
1743181913.3332272,location,0.9359180927276611
1743181913.6275725,location,0.22978901863098145
1743181914.0757391,location,0.6779758930206299
1743181914.336189,location,0.9384109973907471
1743181914.6294553,location,0.2299513816833496
1743181915.077464,location,0.6780123710632324
1743181915.337363,location,0.9379234313964844
1743181915.6334777,location,0.23266315460205078
1743181916.0835805,location,0.6828737258911133
1743181916.3386378,location,0.9378225803375244
1743181916.6350925,location,0.2324819564819336
1743181917.08755,location,0.6848881244659424
1743181917.3401718,location,0.9375717639923096
1743181917.636993,location,0.23222613334655762
1743181918.0940504,location,0.6888754367828369
1743181918.3413725,location,0.9366805553436279
1743181918.638063,location,0.23282647132873535
1743181919.0957625,location,0.6905131340026855
1743181919.342781,location,0.9375655651092529
1743181919.6402755,location,0.2339625358581543
1743181920.0973992,location,0.6911683082580566
1743181920.3446503,location,0.9383268356323242
1743181920.6427722,location,0.23512959480285645
1743181921.100057,location,0.6925630569458008
1743181921.346521,location,0.9390063285827637
1743181921.6442504,location,0.23620009422302246
1743181922.1040895,location,0.6960930824279785
1743181922.3482568,location,0.9401345252990723
1743181922.6466208,location,0.23771882057189941
1743181923.1059566,location,0.697005033493042
1743181923.350117,location,0.9411537647247314
1743181923.6481433,location,0.23855090141296387
1743181924.107791,location,0.6980831623077393
1743181924.3520055,location,0.9422276020050049
1743181924.6528733,location,0.240447998046875
1743181925.1125357,location,0.7002174854278564
1743181925.3530617,location,0.9406728744506836
1743181925.6566885,location,0.24283242225646973
1743181926.1136599,location,0.6998703479766846
1743181926.3549864,location,0.9411108493804932
1743181926.6583767,location,0.24340558052062988
1743181927.1217651,location,0.7068486213684082
1743181927.3572373,location,0.9423127174377441
1743181927.6598756,location,0.24344801902770996
1743181928.1245282,location,0.7081048488616943
1743181928.3595161,location,0.9431877136230469
1743181928.6630604,location,0.24582195281982422
1743181929.1263685,location,0.7092547416687012
1743181929.3620543,location,0.9448678493499756
1743181929.6645098,location,0.2469627857208252
1743181930.1285357,location,0.7109694480895996
1743181930.3639193,location,0.9462740421295166
1743181930.6673605,location,0.24898171424865723
1743181931.1319785,location,0.7135469913482666
1743181931.3668706,location,0.9484806060791016
1743181931.6698618,location,0.25077152252197266
1743181932.133389,location,0.7143514156341553
1743181932.3681164,location,0.9490718841552734
1743181932.6719525,location,0.25177764892578125
1743181933.1371381,location,0.7170135974884033
1743181933.3696702,location,0.9495928287506104
1743181933.6745298,location,0.253676176071167
1743181934.13835,location,0.7175388336181641
1743181934.3723893,location,0.951568603515625
1743181934.6773243,location,0.2553672790527344
1743181935.1429312,location,0.7209630012512207
1743181935.374604,location,0.9526910781860352
1743181935.6803412,location,0.2571399211883545
1743181936.1449635,location,0.7216522693634033
1743181936.3759303,location,0.9525482654571533
1743181936.6827142,location,0.2580573558807373
1743181937.1467943,location,0.7229585647583008
1743181937.3800082,location,0.9561159610748291
1743181937.6840513,location,0.25931787490844727
1743181938.1499627,location,0.7252097129821777
1743181938.3817194,location,0.9570221900939941
1743181938.6884627,location,0.2632153034210205
1743181939.152366,location,0.7271785736083984
1743181939.3846233,location,0.9593701362609863
1743181939.690375,location,0.264354944229126
1743181940.1553423,location,0.7294366359710693
1743181940.386872,location,0.9608097076416016
1743181940.692471,location,0.26552867889404297
1743181941.1574907,location,0.73081374168396
1743181941.3891861,location,0.9624207019805908
1743181941.694282,location,0.2668802738189697
1743181942.159319,location,0.7321069240570068
1743181942.3919127,location,0.9646549224853516
1743181942.6960204,location,0.26760387420654297
1743181943.160333,location,0.7320163249969482
1743181943.3929856,location,0.9646685123443604
1743181943.698209,location,0.2692687511444092
1743181944.1664302,location,0.737593412399292
1743181944.3943865,location,0.9655702114105225
1743181944.7003691,location,0.2702174186706543
1743181945.1680717,location,0.7379658222198486
1743181945.3954601,location,0.9653496742248535
1743181945.7018704,location,0.27048254013061523
1743181946.1699517,location,0.738577127456665
1743181946.3976488,location,0.966346025466919
1743181946.7039578,location,0.27167630195617676
1743181947.1744835,location,0.7423334121704102
1743181947.3998773,location,0.9675402641296387
1743181947.7055438,location,0.27248096466064453
1743181948.1757483,location,0.7426865100860596
1743181948.4009268,location,0.967918872833252
1743181948.708003,location,0.2737722396850586
1743181949.1774483,location,0.743316650390625
1743181949.4021816,location,0.9680025577545166
1743181949.7095342,location,0.27458977699279785
1743181950.1800776,location,0.7451531887054443
1743181950.404701,location,0.9697480201721191
1743181950.711569,location,0.27560949325561523
1743181951.1817873,location,0.7458877563476562
1743181951.4068592,location,0.970890998840332
1743181951.713269,location,0.27613019943237305
1743181952.1849256,location,0.7477991580963135
1743181952.4084005,location,0.9713089466094971
1743181952.7147732,location,0.276963472366333
1743181953.1885953,location,0.7508254051208496
1743181953.4102776,location,0.9721696376800537
1743181953.716441,location,0.27804136276245117
1743181954.1901853,location,0.7518348693847656
1743181954.4117355,location,0.9733870029449463
1743181954.718402,location,0.2791745662689209
1743181955.1919808,location,0.7528033256530762
1743181955.4129353,location,0.9737164974212646
1743181955.7200732,location,0.2799811363220215
1743181956.1938643,location,0.7537534236907959
1743181956.4141505,location,0.974031925201416
1743181956.7220578,location,0.28007078170776367
1743181957.1956778,location,0.753760814666748
1743181957.4153976,location,0.9735465049743652
1743181957.7237177,location,0.2805805206298828
1743181958.1976871,location,0.7545509338378906
1743181958.4162097,location,0.973181962966919
1743181958.7254755,location,0.2815990447998047
1743181959.2005885,location,0.7567815780639648
1743181959.4174306,location,0.9736135005950928
1743181959.7283678,location,0.2839837074279785
1743181960.2021105,location,0.7576596736907959
1743181960.4183447,location,0.9740355014801025
1743181960.7311344,location,0.28510212898254395
1743181961.2047172,location,0.7586836814880371
1743181961.4212728,location,0.9752378463745117
1743181962.452409,location,0.002457141876220703
1743181962.4525812,location,0.0026285648345947266
1743181962.453255,location,0.0033915042877197266
1743181963.4540703,location,0.002019643783569336
1743181963.4546762,location,0.002930879592895508
1743181963.4548993,location,0.0027971267700195312
1743181964.456346,location,0.003839254379272461
1743181964.45665,location,0.0039768218994140625
1743181964.4573793,location,0.004991769790649414
1743181965.459248,location,0.0052869319915771484
1743181965.459589,location,0.0054891109466552734
1743181965.4596994,location,0.005987405776977539
1743181966.4619558,location,0.0070056915283203125
1743181966.462998,location,0.00757145881652832
1743181966.4630425,location,0.007747173309326172
1743181967.4634933,location,0.006607770919799805
1743181967.464987,location,0.00784754753112793
1743181967.4653945,location,0.008017778396606445
1743181968.464442,location,0.005310535430908203
1743181968.467042,location,0.007501363754272461
1743181968.4671881,location,0.008017301559448242
1743181969.466017,location,0.006287574768066406
1743181969.468663,location,0.009183406829833984
1743181969.46925,location,0.009588003158569336
1743181970.46794,location,0.007471323013305664
1743181970.4694471,location,0.00912928581237793
1743181970.4704847,location,0.010117769241333008
1743181971.4699185,location,0.008368492126464844
1743181971.4708803,location,0.009510993957519531
1743181971.47139,location,0.010171175003051758
1743181972.4717593,location,0.008467674255371094
1743181972.4723938,location,0.008947134017944336
1743181972.4729931,location,0.00984501838684082
1743181973.4738996,location,0.010033845901489258
1743181973.4740758,location,0.010232210159301758
1743181973.474608,location,0.010576009750366211
1743181974.47506,location,0.0099334716796875
1743181974.475635,location,0.010473966598510742
1743181974.476613,location,0.011203765869140625
1743181975.477025,location,0.01066446304321289
1743181975.4776194,location,0.011094808578491211
1743181975.4781575,location,0.011831283569335938
1743181976.4793656,location,0.011964082717895508
1743181976.4795945,location,0.012041568756103516
1743181976.480025,location,0.012463808059692383
1743181977.4806285,location,0.012618780136108398
1743181977.4814515,location,0.013314008712768555
1743181977.4817061,location,0.013427734375
1743181978.4816432,location,0.012173652648925781
1743181978.4831445,location,0.013689756393432617
1743181978.4837432,location,0.014171600341796875
1743181979.482779,location,0.012806415557861328
1743181979.48381,location,0.013929128646850586
1743181979.484656,location,0.01476430892944336
1743181980.484527,location,0.013827323913574219
1743181980.4855442,location,0.014798164367675781
1743181980.4856932,location,0.015056371688842773
1743181981.485555,location,0.014110565185546875
1743181981.486561,location,0.015191316604614258
1743181981.4873006,location,0.015854597091674805
1743181982.4868796,location,0.014316558837890625
1743181982.4885757,location,0.015696287155151367
1743181982.4894602,location,0.016734838485717773
1743181983.4886298,location,0.015261650085449219
1743181983.4903796,location,0.017183303833007812
1743181983.4913306,location,0.018073081970214844
1743181984.4904163,location,0.01674675941467285
1743181984.4919257,location,0.01831960678100586
1743181984.4925828,location,0.019022464752197266
1743181985.4919128,location,0.01627349853515625
1743181985.4934468,location,0.017835617065429688
1743181985.494052,location,0.018393754959106445
1743181986.4935122,location,0.015123605728149414
1743181986.4951048,location,0.01674032211303711
1743181986.4954226,location,0.016947031021118164
1743181987.4953558,location,0.015871047973632812
1743181987.4962382,location,0.01678180694580078
1743181987.4970393,location,0.017456531524658203
1743181988.4972713,location,0.016696691513061523
1743181988.497788,location,0.017213106155395508
1743181988.498726,location,0.01790475845336914
1743181989.4993775,location,0.01806926727294922
1743181989.499736,location,0.018207311630249023
1743181989.5000856,location,0.018956661224365234
1743181990.5012252,location,0.0186159610748291
1743181990.501937,location,0.01931166648864746
1743181990.5024292,location,0.019844770431518555
1743181991.5023773,location,0.018719196319580078
1743181991.5041354,location,0.020067453384399414
1743181991.5050247,location,0.021042585372924805
1743181992.5036342,location,0.018177509307861328
1743181992.50589,location,0.02041482925415039
1743181992.506464,location,0.021015167236328125
1743181993.5046809,location,0.01724410057067871
1743181993.507052,location,0.019608020782470703
1743181993.5083106,location,0.020638465881347656
1743181994.5060465,location,0.017412424087524414
1743181994.508246,location,0.019599437713623047
1743181994.5100045,location,0.02127671241760254
1743181995.5072858,location,0.01785898208618164
1743181995.5093935,location,0.020044565200805664
1743181995.5109837,location,0.021585464477539062
1743181996.5094218,location,0.01905512809753418
1743181996.5106378,location,0.02005290985107422
1743181996.5121102,location,0.02161264419555664
1743181997.5104523,location,0.018747329711914062
1743181997.511954,location,0.020173072814941406
1743181997.513339,location,0.021671772003173828
1743181998.5116513,location,0.018957138061523438
1743181998.5129726,location,0.02025914192199707
1743181998.5149798,location,0.02217888832092285
1743181999.513435,location,0.019834518432617188
1743181999.5153964,location,0.02179098129272461
1743181999.5166094,location,0.02323460578918457
1743182000.5155518,location,0.0188601016998291
1743182000.5179698,location,0.02081775665283203
1743182000.5186434,location,0.021977663040161133
1743182001.51741,location,0.019924402236938477
1743182001.5192747,location,0.021811485290527344
1743182001.520146,location,0.022484779357910156
1743182002.5193882,location,0.01963520050048828
1743182002.5206807,location,0.020811080932617188
1743182002.521554,location,0.021851062774658203
1743182003.5211744,location,0.01887369155883789
1743182003.5222247,location,0.019911527633666992
1743182003.5230327,location,0.020639657974243164
1743182004.5222554,location,0.018830060958862305
1743182004.5232244,location,0.01982879638671875
1743182004.5239916,location,0.020600080490112305
1743182005.523359,location,0.019276142120361328
1743182005.5243032,location,0.020241737365722656
1743182005.5252013,location,0.021103382110595703
1743182006.5246272,location,0.018980979919433594
1743182006.5257077,location,0.02012348175048828
1743182006.5268624,location,0.021219491958618164
1743182007.5265923,location,0.020098447799682617
1743182007.5270708,location,0.020359039306640625
1743182007.5284293,location,0.021938085556030273
1743182008.52808,location,0.020291566848754883
1743182008.5296378,location,0.021441221237182617
1743182008.530221,location,0.022446155548095703
1743182009.5303848,location,0.02169966697692871
1743182009.5312798,location,0.02265143394470215
1743182009.5326226,location,0.023767948150634766
1743182010.5320735,location,0.022399187088012695
1743182010.5330377,location,0.023392200469970703
1743182010.5344021,location,0.02463841438293457
1743182011.5338702,location,0.023077011108398438
1743182011.5344872,location,0.023789405822753906
1743182011.5364168,location,0.025465965270996094
1743182012.5360532,location,0.02455282211303711
1743182012.5364778,location,0.025087833404541016
1743182012.5379026,location,0.026438474655151367
1743182013.537596,location,0.024733304977416992
1743182013.5384638,location,0.02561664581298828
1743182013.539599,location,0.026639223098754883
1743182014.5392551,location,0.025040149688720703
1743182014.5394807,location,0.025264739990234375
1743182014.5412352,location,0.02699112892150879
1743182015.5402458,location,0.02470993995666504
1743182015.5405447,location,0.02505326271057129
1743182015.5428793,location,0.027301788330078125
1743182016.5415146,location,0.024857521057128906
1743182016.5419817,location,0.025274038314819336
1743182016.544382,location,0.027638912200927734
1743182017.542743,location,0.02504754066467285
1743182017.5435674,location,0.025907516479492188
1743182017.5457187,location,0.028012752532958984
1743182018.5439038,location,0.025168418884277344
1743182018.5449915,location,0.026128053665161133
1743182018.5470428,location,0.028362751007080078
1743182019.5450134,location,0.025348901748657227
1743182019.5462606,location,0.026729345321655273
1743182019.5483513,location,0.028760194778442383
1743182020.546345,location,0.025951623916625977
1743182020.5477479,location,0.027122974395751953
1743182020.549622,location,0.029223918914794922
1743182021.5486653,location,0.02745795249938965
1743182021.5501804,location,0.028776168823242188
1743182021.5516825,location,0.030421018600463867
1743182022.5501785,location,0.027361631393432617
1743182022.5519252,location,0.029122591018676758
1743182022.5533712,location,0.03062582015991211
1743182023.5518906,location,0.027287006378173828
1743182023.5530193,location,0.028406858444213867
1743182023.5544875,location,0.029926061630249023
1743182024.55456,location,0.027706384658813477
1743182024.5555212,location,0.028397798538208008
1743182024.5555706,location,0.028777122497558594
1743182025.5573366,location,0.02852797508239746
1743182025.5575247,location,0.028698205947875977
1743182025.5583375,location,0.029511213302612305
1743182026.559986,location,0.02920365333557129
1743182026.5602815,location,0.02956557273864746
1743182026.5613422,location,0.03060603141784668
1743182027.5611556,location,0.028943777084350586
1743182027.561932,location,0.02965402603149414
1743182027.5626938,location,0.03068852424621582
1743182028.5645835,location,0.03187417984008789
1743182028.5649447,location,0.0320127010345459
1743182028.56531,location,0.032303571701049805
1743182029.566944,location,0.03206062316894531
1743182029.5678692,location,0.032691001892089844
1743182029.568219,location,0.03251934051513672
1743182030.569511,location,0.03364157676696777
1743182030.5705452,location,0.03468918800354004
1743182030.570597,location,0.03475213050842285
1743182031.5712032,location,0.03420710563659668
1743182031.5715706,location,0.034626007080078125
1743182031.5724258,location,0.035468339920043945
1743182032.5725377,location,0.03372311592102051
1743182032.5741835,location,0.034969329833984375
1743182032.574528,location,0.03534531593322754
1743182033.57493,location,0.03473353385925293
1743182033.5762014,location,0.03606724739074707
1743182033.5766726,location,0.035881757736206055
1743182034.5769167,location,0.03476095199584961
1743182034.5784214,location,0.03604292869567871
1743182034.5789437,location,0.036310672760009766
1743182035.579711,location,0.03651738166809082
1743182035.5804284,location,0.036850690841674805
1743182035.5812461,location,0.037950754165649414
1743182036.5819128,location,0.03805828094482422
1743182036.5829716,location,0.03885316848754883
1743182036.5835016,location,0.039025068283081055
1743182037.5835507,location,0.03859686851501465
1743182037.5844855,location,0.03932332992553711
1743182037.5852175,location,0.04029083251953125
1743182038.5858548,location,0.0402374267578125
1743182038.5868819,location,0.04134631156921387
1743182038.5873344,location,0.04178643226623535
1743182039.5872467,location,0.04108595848083496
1743182039.5881429,location,0.041970252990722656
1743182039.589224,location,0.04300498962402344
1743182040.5883317,location,0.04134511947631836
1743182040.589414,location,0.04242730140686035
1743182040.5902536,location,0.043265342712402344
1743182041.5898383,location,0.042008161544799805
1743182041.5913963,location,0.04360556602478027
1743182041.5916295,location,0.04373002052307129
1743182042.5924287,location,0.04222416877746582
1743182042.5932662,location,0.0428314208984375
1743182042.5937393,location,0.04321026802062988
1743182043.5953948,location,0.043029069900512695
1743182043.5959027,location,0.043395042419433594
1743182043.5966556,location,0.04389619827270508
1743182044.596897,location,0.04114699363708496
1743182044.5980518,location,0.04245185852050781
1743182044.5982604,location,0.0420682430267334
1743182045.5990489,location,0.04050445556640625
1743182045.6000617,location,0.04133152961730957
1743182045.600427,location,0.04149198532104492
1743182046.6009653,location,0.041545867919921875
1743182046.6024177,location,0.0430757999420166
1743182046.6028757,location,0.04291129112243652
1743182047.603526,location,0.04079794883728027
1743182047.6037457,location,0.04064512252807617
1743182047.604271,location,0.04150962829589844
1743182048.6047475,location,0.04070472717285156
1743182048.606081,location,0.04177403450012207
1743182048.6068978,location,0.041930437088012695
1743182049.606643,location,0.039626359939575195
1743182049.6082509,location,0.04086732864379883
1743182049.6091473,location,0.041851043701171875
1743182050.6094246,location,0.03947591781616211
1743182050.6105652,location,0.040592193603515625
1743182050.6111784,location,0.04117846488952637
1743182051.6124392,location,0.041078805923461914
1743182051.6125004,location,0.04116940498352051
1743182051.6135862,location,0.04213833808898926
1743182052.6134005,location,0.039971351623535156
1743182052.6144419,location,0.04098987579345703
1743182052.6158764,location,0.042177677154541016
1743182053.6154008,location,0.041150808334350586
1743182053.6159053,location,0.0415952205657959
1743182053.6171782,location,0.04288768768310547
1743182054.618523,location,0.04191255569458008
1743182054.6191094,location,0.04198718070983887
1743182054.619437,location,0.0424647331237793
1743182055.6194894,location,0.04223895072937012
1743182055.6206965,location,0.04343819618225098
1743182055.6209853,location,0.04363679885864258
1743182056.6211789,location,0.04209136962890625
1743182056.6224635,location,0.04351234436035156
1743182056.622595,location,0.043419599533081055
1743182057.6233206,location,0.042317867279052734
1743182057.6241796,location,0.04321551322937012
1743182057.6247053,location,0.042742013931274414
1743182058.6250508,location,0.04184293746948242
1743182058.6259673,location,0.042441368103027344
1743182058.6264844,location,0.04329943656921387
1743182059.6269026,location,0.04169106483459473
1743182059.6281333,location,0.04262948036193848
1743182059.6285977,location,0.043486833572387695
1743182060.6298945,location,0.04368925094604492
1743182060.6302645,location,0.04410076141357422
1743182060.6307266,location,0.043845176696777344
1743182061.6313396,location,0.0443727970123291
1743182061.6316552,location,0.04437971115112305
1743182061.6327555,location,0.0453181266784668
1743182062.6333256,location,0.045192718505859375
1743182062.634682,location,0.04614830017089844
1743182062.63542,location,0.0468447208404541
1743182063.6343262,location,0.045139312744140625
1743182063.6371944,location,0.047971487045288086
1743182063.6373258,location,0.04795026779174805
1743182064.6355486,location,0.045751333236694336
1743182064.6387312,location,0.04893827438354492
1743182064.639105,location,0.049141645431518555
1743182065.6374874,location,0.0462040901184082
1743182065.6404352,location,0.04929018020629883
1743182065.6405933,location,0.04912424087524414
1743182066.6392684,location,0.04691791534423828
1743182066.641943,location,0.04958152770996094
1743182066.6422958,location,0.04987692832946777
1743182067.6412349,location,0.048134803771972656
1743182067.6434336,location,0.050276994705200195
1743182067.6436086,location,0.05038189888000488
1743182068.6423275,location,0.046833038330078125
1743182068.6448412,location,0.04932212829589844
1743182068.6452186,location,0.04970145225524902
1743182069.6432295,location,0.04487109184265137
1743182069.6461291,location,0.04774975776672363
1743182069.6473007,location,0.04869484901428223
1743182070.644432,location,0.044793128967285156
1743182070.647499,location,0.04783344268798828
1743182070.6489017,location,0.04906034469604492
1743182071.6457381,location,0.04519796371459961
1743182071.6486595,location,0.048155784606933594
1743182071.650313,location,0.049768924713134766
1743182072.649994,location,0.0483248233795166
1743182072.651182,location,0.048929452896118164
1743182072.6524374,location,0.05080676078796387
1743182073.6525662,location,0.04942727088928223
1743182073.6529095,location,0.04978299140930176
1743182073.6536105,location,0.05054211616516113
1743182074.6537647,location,0.04965329170227051
1743182074.6549442,location,0.05071735382080078
1743182074.6551802,location,0.05082511901855469
1743182075.6553326,location,0.04977726936340332
1743182075.656519,location,0.051058292388916016
1743182075.6570888,location,0.05122065544128418
1743182076.6565251,location,0.049544572830200195
1743182076.6576505,location,0.0505673885345459
1743182076.6590853,location,0.05182218551635742
1743182077.6576624,location,0.05002021789550781
1743182077.6586924,location,0.0510411262512207
1743182077.660668,location,0.053026437759399414
1743182078.6590445,location,0.05043387413024902
1743182078.660084,location,0.051491498947143555
1743182078.662074,location,0.053594112396240234
1743182079.6613443,location,0.052193403244018555
1743182079.662129,location,0.052767276763916016
1743182079.6636565,location,0.05441761016845703
1743182080.6635208,location,0.05387616157531738
1743182080.6644633,location,0.05480384826660156
1743182080.665081,location,0.05542564392089844
1743182081.6649127,location,0.05459332466125488
1743182081.665897,location,0.055611371994018555
1743182081.666393,location,0.0561375617980957
1743182082.666085,location,0.05433392524719238
1743182082.6676097,location,0.055823564529418945
1743182082.6679864,location,0.056165218353271484
1743182083.6679091,location,0.052779436111450195
1743182083.6687505,location,0.05367612838745117
1743182083.6697726,location,0.05453634262084961
1743182084.6714344,location,0.052906036376953125
1743182084.6721895,location,0.053163766860961914
1743182084.672526,location,0.05332469940185547
1743182085.6736112,location,0.05443120002746582
1743182085.6744769,location,0.05531573295593262
1743182085.674888,location,0.055156707763671875
1743182086.6755316,location,0.05482316017150879
1743182086.6764886,location,0.055848121643066406
1743182086.6771183,location,0.0563969612121582
1743182087.6774743,location,0.05401873588562012
1743182087.6779044,location,0.054352521896362305
1743182087.6787302,location,0.05520987510681152
1743182088.6786606,location,0.05330991744995117
1743182088.679562,location,0.05414843559265137
1743182088.6801426,location,0.05459904670715332
1743182089.679915,location,0.05387759208679199
1743182089.6807246,location,0.05480551719665527
1743182089.6821148,location,0.055947303771972656
1743182090.6820068,location,0.05495786666870117
1743182090.6827924,location,0.05568742752075195
1743182090.6842077,location,0.05717611312866211
1743182091.684545,location,0.05646157264709473
1743182091.6846724,location,0.05651497840881348
1743182091.685875,location,0.057692527770996094
1743182092.6854897,location,0.05581402778625488
1743182092.6869175,location,0.057196855545043945
1743182092.6869411,location,0.056977033615112305
1743182093.6874003,location,0.056850433349609375
1743182093.6883333,location,0.05778837203979492
1743182093.6898391,location,0.05908036231994629
1743182094.6895676,location,0.05783534049987793
1743182094.6898413,location,0.05794358253479004
1743182094.691364,location,0.05976724624633789
1743182095.6915557,location,0.059006452560424805
1743182095.6917272,location,0.059224843978881836
1743182095.693341,location,0.060712575912475586
1743182096.6927824,location,0.05971217155456543
1743182096.6933985,location,0.06017732620239258
1743182096.694938,location,0.06181216239929199
1743182097.6950474,location,0.06113290786743164
1743182097.6952555,location,0.06128668785095215
1743182097.6963255,location,0.06237483024597168
1743182098.696377,location,0.06060075759887695
1743182098.6965053,location,0.060723304748535156
1743182098.6975317,location,0.061815500259399414
1743182099.697854,location,0.06114697456359863
1743182099.6984947,location,0.061542510986328125
1743182099.6992357,location,0.062413692474365234
1743182100.6993861,location,0.061659812927246094
1743182100.701215,location,0.06348037719726562
1743182100.7013588,location,0.0634915828704834
1743182101.7013643,location,0.0630655288696289
1743182101.7025466,location,0.06422734260559082
1743182101.7033505,location,0.06498479843139648
1743182102.7026653,location,0.06356453895568848
1743182102.7039833,location,0.06484222412109375
1743182102.704891,location,0.0657799243927002
1743182103.7053437,location,0.06557345390319824
1743182103.7059546,location,0.06575417518615723
1743182103.7061732,location,0.06649589538574219
1743182104.707135,location,0.06567025184631348
1743182104.707423,location,0.06594467163085938
1743182104.7082517,location,0.06672048568725586
1743182105.708424,location,0.06596803665161133
1743182105.7089925,location,0.06638646125793457
1743182105.7099562,location,0.06752681732177734
1743182106.7105296,location,0.06732940673828125
1743182106.7108643,location,0.06724905967712402
1743182106.7114666,location,0.0682821273803711
1743182107.7114177,location,0.06726264953613281
1743182107.712599,location,0.06842231750488281
1743182107.7132397,location,0.06878542900085449
1743182108.7139137,location,0.06835103034973145
1743182108.7148552,location,0.06927824020385742
1743182108.7152135,location,0.06959891319274902
1743182109.7165926,location,0.07000565528869629
1743182109.717934,location,0.07117772102355957
1743182109.7185209,location,0.0714864730834961
1743182110.7179136,location,0.07001948356628418
1743182110.7192197,location,0.07121443748474121
1743182110.7207425,location,0.07291364669799805
1743182111.7190065,location,0.0704197883605957
1743182111.720367,location,0.07181906700134277
1743182111.7217262,location,0.07323527336120605
1743182112.7205155,location,0.07085132598876953
1743182112.7222402,location,0.07254528999328613
1743182112.7232506,location,0.07355356216430664
1743182113.7230842,location,0.0717623233795166
1743182113.7234828,location,0.07221078872680664
1743182113.724473,location,0.07325983047485352
1743182114.7243366,location,0.07137823104858398
1743182114.7247398,location,0.07160019874572754
1743182114.7260373,location,0.07313752174377441
1743182115.7259934,location,0.07155156135559082
1743182115.7271383,location,0.07251286506652832
1743182115.7274368,location,0.07291984558105469
1743182116.7271578,location,0.07115292549133301
1743182116.7285836,location,0.07262516021728516
1743182116.7287793,location,0.0726161003112793
1743182117.7284584,location,0.07137894630432129
1743182117.7299285,location,0.07287168502807617
1743182117.7310195,location,0.07372617721557617
1743182118.7297103,location,0.07221007347106934
1743182118.731152,location,0.0736696720123291
1743182118.7325852,location,0.07504010200500488
1743182119.7309659,location,0.07271194458007812
1743182119.7320528,location,0.07385778427124023
1743182119.7345014,location,0.07613563537597656
1743182120.7325888,location,0.07346081733703613
1743182120.7335527,location,0.07435059547424316
1743182120.736636,location,0.07744884490966797
1743182121.7335815,location,0.07279133796691895
1743182121.7344966,location,0.07373332977294922
1743182121.7380888,location,0.0771932601928711
1743182122.734886,location,0.07201123237609863
1743182122.736052,location,0.07314848899841309
1743182122.7402132,location,0.077362060546875
1743182123.736123,location,0.07166385650634766
1743182123.7374394,location,0.07304811477661133
1743182123.741855,location,0.07742929458618164
1743182124.7370787,location,0.07167983055114746
1743182124.7383747,location,0.07297801971435547
1743182124.743276,location,0.07784295082092285
1743182125.7380598,location,0.07019710540771484
1743182125.7395146,location,0.07175755500793457
1743182125.7449958,location,0.07710909843444824
1743182126.7390609,location,0.06962442398071289
1743182126.7404385,location,0.07105827331542969
1743182126.7467926,location,0.07721686363220215
1743182127.7407641,location,0.07030463218688965
1743182127.7422106,location,0.07160019874572754
1743182127.748489,location,0.0780327320098877
1743182128.7421622,location,0.07012009620666504
1743182128.7436702,location,0.07176065444946289
1743182128.7499342,location,0.07797479629516602
1743182129.7437644,location,0.0703284740447998
1743182129.7455058,location,0.07207727432250977
1743182129.7515054,location,0.07809996604919434
1743182130.7456427,location,0.07154440879821777
1743182130.7468483,location,0.07274556159973145
1743182130.7530422,location,0.07893610000610352
1743182131.746766,location,0.07051968574523926
1743182131.7484388,location,0.0720829963684082
1743182131.7545698,location,0.07789254188537598
1743182132.7480419,location,0.07082724571228027
1743182132.7495825,location,0.07239460945129395
1743182132.7565587,location,0.07919192314147949
1743182133.749443,location,0.0715641975402832
1743182133.7510622,location,0.07309699058532715
1743182133.7579265,location,0.07995390892028809
1743182134.75122,location,0.07202887535095215
1743182134.7532415,location,0.07401084899902344
1743182134.759588,location,0.08060002326965332
1743182135.752887,location,0.0725102424621582
1743182135.7551446,location,0.07474589347839355
1743182135.761492,location,0.08092021942138672
1743182136.7540603,location,0.07238197326660156
1743182136.7569005,location,0.0752565860748291
1743182136.7630613,location,0.08139443397521973
1743182137.7554126,location,0.0726923942565918
1743182137.7583022,location,0.07555055618286133
1743182137.7643738,location,0.08170270919799805
1743182138.7567227,location,0.07290053367614746
1743182138.7600274,location,0.07593321800231934
1743182138.7653453,location,0.0814676284790039
1743182139.7585044,location,0.07357525825500488
1743182139.7621531,location,0.0771799087524414
1743182139.766594,location,0.08164739608764648
1743182140.75976,location,0.07349109649658203
1743182140.7636578,location,0.07743000984191895
1743182140.7679756,location,0.0816965103149414
1743182141.7616217,location,0.0747373104095459
1743182141.765034,location,0.07813644409179688
1743182141.769274,location,0.08243083953857422
1743182142.7634196,location,0.0754997730255127
1743182142.7665372,location,0.07880616188049316
1743182142.7706957,location,0.08279299736022949
1743182143.765519,location,0.07680845260620117
1743182143.768336,location,0.07963252067565918
1743182143.772431,location,0.08375668525695801
1743182144.767204,location,0.07753109931945801
1743182144.77052,location,0.08089375495910645
1743182144.773457,location,0.0838165283203125
1743182145.7692542,location,0.07849979400634766
1743182145.7722337,location,0.08149862289428711
1743182145.7750452,location,0.08427023887634277
1743182146.7709465,location,0.07916402816772461
1743182146.7733178,location,0.0816643238067627
1743182146.7766569,location,0.08469009399414062
1743182147.7725956,location,0.07993483543395996
1743182147.7745087,location,0.0818636417388916
1743182147.7785604,location,0.08600568771362305
1743182148.774627,location,0.08082365989685059
1743182148.775903,location,0.08209061622619629
1743182148.7802465,location,0.08604216575622559
1743182149.7770565,location,0.08228087425231934
1743182149.7770698,location,0.08219647407531738
1743182149.781799,location,0.08700418472290039
1743182150.7781332,location,0.08222246170043945
1743182150.7785215,location,0.0825645923614502
1743182150.7835858,location,0.08768486976623535
1743182151.7792337,location,0.08183956146240234
1743182151.7799919,location,0.08236932754516602
1743182151.7854478,location,0.08803987503051758
1743182152.780508,location,0.08227658271789551
1743182152.7812958,location,0.08320021629333496
1743182152.7874525,location,0.08932805061340332
1743182153.7820196,location,0.08299422264099121
1743182153.782364,location,0.08341526985168457
1743182153.7896752,location,0.09065771102905273
1743182154.78374,location,0.08394193649291992
1743182154.7847855,location,0.08502602577209473
1743182154.7911673,location,0.09129595756530762
1743182155.785481,location,0.0847618579864502
1743182155.7866304,location,0.08595919609069824
1743182155.792272,location,0.09158015251159668
1743182156.787077,location,0.08549141883850098
1743182156.7884398,location,0.08681893348693848
1743182156.7932467,location,0.09186792373657227
1743182157.7890925,location,0.08703184127807617
1743182157.7901483,location,0.08808016777038574
1743182157.7949586,location,0.09276151657104492
1743182158.790535,location,0.08793210983276367
1743182158.7920532,location,0.0893239974975586
1743182158.7969756,location,0.09438204765319824
1743182159.792528,location,0.08872222900390625
1743182159.7935138,location,0.08976864814758301
1743182159.7982621,location,0.09453678131103516
1743182160.7944028,location,0.08975934982299805
1743182160.7951024,location,0.09033060073852539
1743182160.7995884,location,0.09489154815673828
1743182161.7959027,location,0.09010934829711914
1743182161.797268,location,0.09158015251159668
1743182161.8020704,location,0.09639430046081543
1743182162.7974074,location,0.08971834182739258
1743182162.799045,location,0.09114956855773926
1743182162.8042896,location,0.09654068946838379
1743182163.7983494,location,0.0896914005279541
1743182163.8006735,location,0.0919187068939209
1743182163.805438,location,0.09679889678955078
1743182164.7993739,location,0.08596467971801758
1743182164.8025467,location,0.08908748626708984
1743182164.8070133,location,0.09351301193237305
1743182165.8005147,location,0.0852808952331543
1743182165.8042908,location,0.0890204906463623
1743182165.8083403,location,0.09315085411071777
1743182166.803435,location,0.0865335464477539
1743182166.8053365,location,0.0883798599243164
1743182166.8096611,location,0.09275317192077637
1743182167.8054407,location,0.08645176887512207
1743182167.8069158,location,0.08789706230163574
1743182167.8109818,location,0.09191465377807617
1743182168.8078814,location,0.08736991882324219
1743182168.8087783,location,0.08808469772338867
1743182168.812292,location,0.09165072441101074
1743182169.810385,location,0.08904910087585449
1743182169.810491,location,0.08915448188781738
1743182169.8144457,location,0.09307575225830078
1743182170.8116407,location,0.08947014808654785
1743182170.8118448,location,0.08959794044494629
1743182170.815871,location,0.09377717971801758
1743182171.8131773,location,0.08988070487976074
1743182171.8134358,location,0.09017395973205566
1743182171.8173296,location,0.09401392936706543
1743182172.8141353,location,0.08999919891357422
1743182172.814642,location,0.0904390811920166
1743182172.8193576,location,0.09517192840576172
1743182173.81535,location,0.09005022048950195
1743182173.816284,location,0.09098696708679199
1743182173.8209674,location,0.0956273078918457
1743182174.8163264,location,0.08982086181640625
1743182174.8175497,location,0.09105324745178223
1743182174.8223095,location,0.09578990936279297
1743182175.8172283,location,0.09002542495727539
1743182175.8185623,location,0.09133148193359375
1743182175.8234205,location,0.09622883796691895
1743182176.8186498,location,0.08926868438720703
1743182176.8202884,location,0.09093284606933594
1743182176.8250148,location,0.09583020210266113
1743182177.8202589,location,0.08949828147888184
1743182177.821353,location,0.09067511558532715
1743182177.826238,location,0.09559082984924316
1743182178.8216171,location,0.08994626998901367
1743182178.8230164,location,0.09124398231506348
1743182178.8274019,location,0.09580445289611816
1743182179.8239763,location,0.09104204177856445
1743182179.8244987,location,0.09197854995727539
1743182179.8286302,location,0.09612536430358887
1743182180.826363,location,0.09306144714355469
1743182180.8267677,location,0.0932159423828125
1743182180.829656,location,0.09654569625854492
1743182181.828202,location,0.09370923042297363
1743182181.8284314,location,0.09391999244689941
1743182181.83066,location,0.0961754322052002
1743182182.829402,location,0.0937495231628418
1743182182.829537,location,0.09389877319335938
1743182182.8320339,location,0.09642839431762695
1743182183.830856,location,0.09253573417663574
1743182183.8309,location,0.09261822700500488
1743182183.8332288,location,0.09499216079711914
1743182184.8324778,location,0.09354209899902344
1743182184.8336897,location,0.09458017349243164
1743182184.834428,location,0.09553790092468262
1743182185.8342488,location,0.09332585334777832
1743182185.8352938,location,0.0943753719329834
1743182185.8361526,location,0.09488296508789062
1743182186.8355942,location,0.09399032592773438
1743182186.83657,location,0.09500813484191895
1743182186.8376174,location,0.09605193138122559
1743182187.8375826,location,0.09374213218688965
1743182187.8384807,location,0.09504294395446777
1743182187.8389032,location,0.09544539451599121
1743182188.839391,location,0.09424281120300293
1743182188.8394945,location,0.09444236755371094
1743182188.84068,location,0.09547710418701172
1743182189.8404968,location,0.09333968162536621
1743182189.840791,location,0.09360361099243164
1743182189.842292,location,0.09512805938720703
1743182190.8417788,location,0.09370613098144531
1743182190.842597,location,0.09445858001708984
1743182190.844266,location,0.0958871841430664
1743182191.8432045,location,0.09329986572265625
1743182191.844254,location,0.09393191337585449
1743182191.8462117,location,0.09627008438110352
1743182192.8446174,location,0.09423232078552246
1743182192.845973,location,0.09537863731384277
1743182192.8479002,location,0.09741854667663574
1743182193.845964,location,0.09365987777709961
1743182193.8476372,location,0.09535622596740723
1743182193.8492494,location,0.09703207015991211
1743182194.847252,location,0.09367799758911133
1743182194.8490305,location,0.09538626670837402
1743182194.8504071,location,0.09682321548461914
1743182195.8482163,location,0.09368515014648438
1743182195.8506634,location,0.09614801406860352
1743182195.851509,location,0.09691381454467773
1743182196.8493786,location,0.09352970123291016
1743182196.8519576,location,0.09589838981628418
1743182196.8525856,location,0.09673285484313965
1743182197.8506134,location,0.0934133529663086
1743182197.853599,location,0.09641003608703613
1743182197.85372,location,0.09627461433410645
1743182198.8521416,location,0.0936286449432373
1743182198.8546968,location,0.09619712829589844
1743182198.855664,location,0.09704375267028809
1743182199.8536496,location,0.09414863586425781
1743182199.8560605,location,0.09669709205627441
1743182199.8573568,location,0.0979299545288086
1743182200.8551745,location,0.0950920581817627
1743182200.8570197,location,0.09691166877746582
1743182200.8585036,location,0.09838056564331055
1743182201.8565137,location,0.09584951400756836
1743182201.8580732,location,0.09742951393127441
1743182201.8599484,location,0.09929633140563965
1743182202.8576891,location,0.09526181221008301
1743182202.8592803,location,0.09687423706054688
1743182202.8614433,location,0.09896230697631836
1743182203.8592293,location,0.09514188766479492
1743182203.8602343,location,0.09627127647399902
1743182203.8624249,location,0.09845447540283203
1743182204.860367,location,0.0957939624786377
1743182204.8612244,location,0.09670901298522949
1743182204.8639643,location,0.09932398796081543
1743182205.8615758,location,0.0943002700805664
1743182205.8630316,location,0.09557271003723145
1743182205.8654659,location,0.09818649291992188
1743182206.8629,location,0.09294366836547852
1743182206.8646114,location,0.09465956687927246
1743182206.8667734,location,0.09685730934143066
1743182207.8639271,location,0.09163570404052734
1743182207.86617,location,0.09396648406982422
1743182207.868533,location,0.09629487991333008
1743182208.865157,location,0.09094667434692383
1743182208.8673604,location,0.09310150146484375
1743182208.8700635,location,0.09584307670593262
1743182209.8664412,location,0.08965635299682617
1743182209.8692229,location,0.09244298934936523
1743182209.871129,location,0.09441328048706055
1743182210.8677788,location,0.0887608528137207
1743182210.8709111,location,0.09148049354553223
1743182210.8720615,location,0.09310078620910645
1743182211.869983,location,0.08983540534973145
1743182211.87207,location,0.09204292297363281
1743182211.873476,location,0.09339761734008789
1743182212.871658,location,0.09050655364990234
1743182212.8733513,location,0.09225201606750488
1743182212.875686,location,0.0945444107055664
1743182213.8733273,location,0.09108591079711914
1743182213.8746238,location,0.09230351448059082
1743182213.877462,location,0.09523153305053711
1743182214.8747294,location,0.09145975112915039
1743182214.8765202,location,0.09324908256530762
1743182214.8794696,location,0.09621024131774902
1743182215.8773887,location,0.09294009208679199
1743182215.8780634,location,0.09382009506225586
1743182215.8808832,location,0.09651684761047363
1743182216.879662,location,0.09459805488586426
1743182216.8802648,location,0.09524846076965332
1743182216.8821821,location,0.09708166122436523
1743182217.882659,location,0.0968468189239502
1743182217.8840199,location,0.0980069637298584
1743182217.8846023,location,0.09852051734924316
1743182218.884528,location,0.09803056716918945
1743182218.885542,location,0.098907470703125
1743182218.8864474,location,0.09978652000427246
1743182219.8860865,location,0.09891080856323242
1743182219.8872566,location,0.10007166862487793
1743182219.888614,location,0.10123014450073242
1743182220.8876395,location,0.0995326042175293
1743182220.8884356,location,0.10033512115478516
1743182220.890091,location,0.10185456275939941
1743182221.8886178,location,0.0993051528930664
1743182221.8897758,location,0.10046601295471191
1743182221.8912127,location,0.10174036026000977
1743182222.8903198,location,0.10006451606750488
1743182222.8912392,location,0.10093069076538086
1743182222.8930802,location,0.1026761531829834
1743182223.8922236,location,0.10025238990783691
1743182223.8924222,location,0.10086321830749512
1743182223.8946052,location,0.10300946235656738
1743182224.893352,location,0.09930825233459473
1743182224.8939118,location,0.09980225563049316
1743182224.8958554,location,0.10173296928405762
1743182225.8956842,location,0.09894990921020508
1743182225.895684,location,0.09888458251953125
1743182225.8968713,location,0.10010170936584473
1743182226.8971477,location,0.097442626953125
1743182226.8975782,location,0.09784293174743652
1743182226.8984091,location,0.09865212440490723
1743182227.8985384,location,0.09784913063049316
1743182227.8998919,location,0.09924817085266113
1743182227.899927,location,0.09896397590637207
1743182228.9022288,location,0.09860491752624512
1743182228.9028099,location,0.09905672073364258
1743182228.9031308,location,0.09887909889221191
1743182229.9044836,location,0.0993044376373291
1743182229.9056544,location,0.10041975975036621
1743182229.9057038,location,0.10050725936889648
1743182230.9059274,location,0.09793400764465332
1743182230.9066257,location,0.0987553596496582
1743182230.907575,location,0.09965062141418457
1743182231.9084105,location,0.09995722770690918
1743182231.9084024,location,0.09984326362609863
1743182231.9097266,location,0.10102391242980957
1743182232.9099085,location,0.0994870662689209
1743182232.910778,location,0.10042786598205566
1743182232.9114273,location,0.10093855857849121
1743182233.912345,location,0.10110855102539062
1743182233.9126863,location,0.1014554500579834
1743182233.913119,location,0.10082054138183594
1743182234.9136243,location,0.10041451454162598
1743182234.9145496,location,0.10120415687561035
1743182234.91496,location,0.10136032104492188
1743182235.9156814,location,0.10129308700561523
1743182235.9168851,location,0.10247468948364258
1743182235.917395,location,0.10301446914672852
1743182236.9169035,location,0.10169601440429688
1743182236.9181235,location,0.10299038887023926
1743182236.9185681,location,0.10335969924926758
1743182237.919105,location,0.10279679298400879
1743182237.9191713,location,0.10288357734680176
1743182237.9201262,location,0.10381722450256348
1743182238.9215066,location,0.10235977172851562
1743182238.922115,location,0.10272336006164551
1743182238.9224637,location,0.10294318199157715
1743182239.9229012,location,0.10288548469543457
1743182239.923466,location,0.10356259346008301
1743182239.9243584,location,0.1043853759765625
1743182240.924365,location,0.10346436500549316
1743182240.9251766,location,0.10430145263671875
1743182240.9257174,location,0.10474252700805664
1743182241.925767,location,0.1029973030090332
1743182241.927231,location,0.10437893867492676
1743182241.9278913,location,0.10480237007141113
1743182242.9281604,location,0.10470771789550781
1743182242.9291592,location,0.10567307472229004
1743182242.92957,location,0.10586118698120117
1743182243.9294775,location,0.10309553146362305
1743182243.930683,location,0.10433220863342285
1743182243.9314442,location,0.10485982894897461
1743182244.931693,location,0.10326457023620605
1743182244.9321554,location,0.10352277755737305
1743182244.932857,location,0.10444927215576172
1743182245.9334133,location,0.10243940353393555
1743182245.934406,location,0.10344719886779785
1743182245.934755,location,0.10347127914428711
1743182246.9356334,location,0.10370945930480957
1743182246.9367244,location,0.1048583984375
1743182246.9371579,location,0.10504460334777832
1743182247.9367466,location,0.10340332984924316
1743182247.937692,location,0.10439181327819824
1743182247.9384007,location,0.10505342483520508
1743182248.9377925,location,0.10394454002380371
1743182248.9387698,location,0.10489511489868164
1743182248.9398782,location,0.10590124130249023
1743182249.9390562,location,0.10447001457214355
1743182249.940334,location,0.10584783554077148
1743182249.9412935,location,0.10680294036865234
1743182250.9401114,location,0.1050252914428711
1743182250.9411368,location,0.10593700408935547
1743182250.9422581,location,0.10718774795532227
1743182251.9412181,location,0.10509014129638672
1743182251.9424691,location,0.10635590553283691
1743182251.9434953,location,0.10741209983825684
1743182252.94235,location,0.10555410385131836
1743182252.943543,location,0.10672831535339355
1743182252.9446106,location,0.10777401924133301
1743182253.9433463,location,0.10565805435180664
1743182253.944611,location,0.10700464248657227
1743182253.9457135,location,0.1081082820892334
1743182254.9445622,location,0.106109619140625
1743182254.9463391,location,0.1078641414642334
1743182254.947362,location,0.10872745513916016
1743182255.9455667,location,0.10621809959411621
1743182255.9483972,location,0.1090700626373291
1743182255.9488862,location,0.10944294929504395
1743182256.9465177,location,0.10612702369689941
1743182256.950212,location,0.10973811149597168
1743182256.951264,location,0.11026382446289062
1743182257.9476182,location,0.10656523704528809
1743182257.9516523,location,0.1104590892791748
1743182257.9526858,location,0.11163449287414551
1743182258.9490392,location,0.10681772232055664
1743182258.9530928,location,0.11098837852478027
1743182258.9539187,location,0.11177968978881836
1743182259.9504795,location,0.10737729072570801
1743182259.9551764,location,0.11210203170776367
1743182259.9565504,location,0.1131894588470459
1743182260.9520485,location,0.10813140869140625
1743182260.9561675,location,0.11218953132629395
1743182260.9589417,location,0.11498785018920898
1743182261.9535956,location,0.10898923873901367
1743182261.9588819,location,0.11431074142456055
1743182261.9603713,location,0.11577367782592773
1743182262.95725,location,0.11156439781188965
1743182262.9609656,location,0.11532473564147949
1743182262.9622967,location,0.11654353141784668
1743182263.9583042,location,0.11171674728393555
1743182263.9623914,location,0.11584854125976562
1743182263.9634311,location,0.1168060302734375
1743182264.9602497,location,0.1113440990447998
1743182264.96339,location,0.11440706253051758
1743182264.9662614,location,0.11737394332885742
1743182265.961086,location,0.11063790321350098
1743182265.9649308,location,0.11447834968566895
1743182265.966866,location,0.11646556854248047
1743182266.962643,location,0.11099362373352051
1743182266.966374,location,0.11467289924621582
1743182266.9679165,location,0.11616253852844238
1743182267.9652076,location,0.11291790008544922
1743182267.9674964,location,0.11512494087219238
1743182267.970046,location,0.11774587631225586
1743182268.9662082,location,0.11314511299133301
1743182268.968745,location,0.1156609058380127
1743182268.9713376,location,0.11821961402893066
1743182269.9687712,location,0.11492180824279785
1743182269.9695473,location,0.11570358276367188
1743182269.9727266,location,0.11883902549743652
1743182270.970336,location,0.11574125289916992
1743182270.9712408,location,0.11592698097229004
1743182270.9735675,location,0.11890649795532227
1743182271.9720554,location,0.11615562438964844
1743182271.972605,location,0.11668133735656738
1743182271.9749358,location,0.11900782585144043
1743182272.9740825,location,0.11626100540161133
1743182272.974327,location,0.11649632453918457
1743182272.975831,location,0.11822891235351562
1743182273.975659,location,0.1169583797454834
1743182273.9764147,location,0.11770296096801758
1743182273.9775288,location,0.11866497993469238
1743182274.9775195,location,0.11796021461486816
1743182274.9784033,location,0.11761879920959473
1743182274.979296,location,0.11974143981933594
1743182275.978555,location,0.11706805229187012
1743182275.9793243,location,0.1178596019744873
1743182275.9800825,location,0.11862373352050781
1743182276.980072,location,0.11656856536865234
1743182276.9803028,location,0.11682844161987305
1743182276.9812567,location,0.11779904365539551
1743182277.9820075,location,0.11678194999694824
1743182277.9821644,location,0.11678504943847656
1743182277.982343,location,0.11707377433776855
1743182278.9856386,location,0.11961674690246582
1743182278.9860187,location,0.11980509757995605
1743182278.9864633,location,0.12067461013793945
1743182279.988972,location,0.12146329879760742
1743182279.989562,location,0.1211702823638916
1743182279.9900694,location,0.12187695503234863
1743182280.990748,location,0.12081646919250488
1743182280.9923654,location,0.12229132652282715
1743182280.9932804,location,0.12231564521789551
1743182281.9929967,location,0.12070107460021973
1743182281.9957142,location,0.12263989448547363
1743182281.9960036,location,0.12358260154724121
1743182282.9962506,location,0.1218404769897461
1743182282.9998658,location,0.12523865699768066
1743182283.000235,location,0.1253976821899414
1743182283.9981315,location,0.12290644645690918
1743182284.0020626,location,0.12711286544799805
1743182284.0028682,location,0.12703824043273926
1743182285.0002913,location,0.12480401992797852
1743182285.0036137,location,0.12815237045288086
1743182285.0041757,location,0.12827515602111816
1743182286.0015814,location,0.1249542236328125
1743182286.004388,location,0.12777113914489746
1743182286.0051997,location,0.1285078525543213
1743182287.0027962,location,0.12385749816894531
1743182287.0051758,location,0.12624001502990723
1743182287.0063035,location,0.12738585472106934
1743182288.0043213,location,0.12226653099060059
1743182288.0063293,location,0.1242516040802002
1743182288.0071688,location,0.1250157356262207
1743182289.0051684,location,0.12127232551574707
1743182289.0076027,location,0.12370920181274414
1743182289.0081835,location,0.12435722351074219
1743182290.00663,location,0.12064361572265625
1743182290.0088851,location,0.1232903003692627
1743182290.0089526,location,0.12308263778686523
1743182291.007593,location,0.12131571769714355
1743182291.0097427,location,0.12343835830688477
1743182291.0102417,location,0.12391495704650879
1743182292.00854,location,0.12171030044555664
1743182292.0110016,location,0.12428116798400879
1743182292.0117168,location,0.12500381469726562
1743182293.0098407,location,0.12245726585388184
1743182293.012519,location,0.125016450881958
1743182293.0130985,location,0.12557101249694824
1743182294.0105608,location,0.12236618995666504
1743182294.013622,location,0.12535786628723145
1743182294.0140774,location,0.12591147422790527
1743182295.0119247,location,0.1219794750213623
1743182295.0160172,location,0.12575531005859375
1743182295.0163002,location,0.12596988677978516
1743182296.014234,location,0.12368297576904297
1743182296.0177336,location,0.12696003913879395
1743182296.018183,location,0.1276998519897461
1743182297.0152085,location,0.12388825416564941
1743182297.0193763,location,0.12788105010986328
1743182297.0197077,location,0.12839245796203613
1743182298.0164974,location,0.12403225898742676
1743182298.0212731,location,0.12882065773010254
1743182298.0221488,location,0.12924575805664062
1743182299.0181382,location,0.12404918670654297
1743182299.0225906,location,0.1284959316253662
1743182299.0233178,location,0.12926149368286133
1743182300.0194397,location,0.12394285202026367
1743182300.0240476,location,0.12862753868103027
1743182300.0250218,location,0.12949132919311523
1743182301.0204935,location,0.12312793731689453
1743182301.024994,location,0.12753796577453613
1743182301.0277393,location,0.12951087951660156
1743182302.02116,location,0.12267565727233887
1743182302.0262887,location,0.12778878211975098
1743182302.0302086,location,0.13168549537658691
1743182303.0233798,location,0.12282943725585938
1743182303.0274463,location,0.1269218921661377
1743182303.0315824,location,0.1309964656829834
1743182304.024219,location,0.12261581420898438
1743182304.0290842,location,0.12743496894836426
1743182304.0332685,location,0.13159751892089844
1743182305.0251687,location,0.12155318260192871
1743182305.0302465,location,0.12663745880126953
1743182305.0347013,location,0.13104844093322754
1743182306.0274088,location,0.1226663589477539
1743182306.0314202,location,0.12701892852783203
1743182306.036692,location,0.13227248191833496
1743182307.029404,location,0.12343096733093262
1743182307.0324812,location,0.1263442039489746
1743182307.0384803,location,0.13222265243530273
1743182308.0313375,location,0.12405133247375488
1743182308.0336807,location,0.1264021396636963
1743182308.0405622,location,0.13302302360534668
1743182309.0334218,location,0.1251235008239746
1743182309.0355842,location,0.12728404998779297
1743182309.0422978,location,0.1340343952178955
1743182310.035684,location,0.1265871524810791
1743182310.0367117,location,0.1276867389678955
1743182310.0435379,location,0.13447117805480957
1743182311.0365958,location,0.12561345100402832
1743182311.0383425,location,0.12710142135620117
1743182311.0443063,location,0.13338756561279297
1743182312.0379791,location,0.12592005729675293
1743182312.0396726,location,0.12770867347717285
1743182312.0454423,location,0.1333475112915039
1743182313.0401125,location,0.12682151794433594
1743182313.0410895,location,0.12782812118530273
1743182313.0470717,location,0.13375401496887207
1743182314.0417597,location,0.12672066688537598
1743182314.0422878,location,0.12725114822387695
1743182314.048963,location,0.1338341236114502
1743182315.0433414,location,0.12653088569641113
1743182315.0443654,location,0.12724876403808594
1743182315.0502203,location,0.13338255882263184
1743182316.044386,location,0.12609577178955078
1743182316.0461059,location,0.12759995460510254
1743182316.051478,location,0.13313817977905273
1743182317.0454056,location,0.1258249282836914
1743182317.047419,location,0.12783575057983398
1743182317.0523472,location,0.13280391693115234
1743182318.046428,location,0.1256880760192871
1743182318.048401,location,0.12773823738098145
1743182318.0533478,location,0.13268017768859863
1743182319.0477502,location,0.12572240829467773
1743182319.04942,location,0.12741827964782715
1743182319.0552325,location,0.13332676887512207
1743182320.049512,location,0.12653326988220215
1743182320.0509694,location,0.1279613971710205
1743182320.0565095,location,0.13357090950012207
1743182321.0503182,location,0.1262950897216797
1743182321.05218,location,0.12820005416870117
1743182321.057725,location,0.1334853172302246
1743182322.051353,location,0.12587666511535645
1743182322.0530248,location,0.12749671936035156
1743182322.0594225,location,0.1339261531829834
1743182323.0523152,location,0.1255028247833252
1743182323.0545418,location,0.12762188911437988
1743182323.060294,location,0.13346648216247559
1743182324.0534656,location,0.12524747848510742
1743182324.0563526,location,0.12815070152282715
1743182324.0611668,location,0.13298249244689941
1743182325.0552278,location,0.12619686126708984
1743182325.0574296,location,0.12857937812805176
1743182325.062223,location,0.1333925724029541
1743182326.0564785,location,0.12639641761779785
1743182326.0588634,location,0.12874126434326172
1743182326.062964,location,0.13295936584472656
1743182327.0580966,location,0.125838041305542
1743182327.0604396,location,0.12821698188781738
1743182327.0644646,location,0.1319899559020996
1743182328.059696,location,0.12612318992614746
1743182328.0616863,location,0.12813520431518555
1743182328.0665221,location,0.13293242454528809
1743182329.0614767,location,0.12683439254760742
1743182329.062699,location,0.1280827522277832
1743182329.0687068,location,0.13405728340148926
1743182330.0638812,location,0.12794089317321777
1743182330.0641797,location,0.12827587127685547
1743182330.0697715,location,0.13389873504638672
1743182331.064702,location,0.1278386116027832
1743182331.0655236,location,0.128678560256958
1743182331.0710793,location,0.13421225547790527
1743182332.0661452,location,0.12775874137878418
1743182332.0669374,location,0.1284792423248291
1743182332.072291,location,0.13393187522888184
1743182333.0678773,location,0.1276838779449463
1743182333.0684073,location,0.12828731536865234
1743182333.0744112,location,0.13426995277404785
1743182334.0695875,location,0.12824177742004395
1743182334.0704174,location,0.128936767578125
1743182334.0751164,location,0.1338052749633789
1743182335.0712147,location,0.1284780502319336
1743182335.0723207,location,0.1295945644378662
1743182335.0763927,location,0.13372111320495605
1743182336.0721748,location,0.12900924682617188
1743182336.0731277,location,0.1299593448638916
1743182336.0774372,location,0.13421249389648438
1743182337.0729947,location,0.1292891502380371
1743182337.0744905,location,0.13058853149414062
1743182337.078536,location,0.13484811782836914
1743182338.073858,location,0.1279914379119873
1743182338.0760438,location,0.13024330139160156
1743182338.0799098,location,0.13407349586486816
1743182339.0759087,location,0.12882685661315918
1743182339.077197,location,0.13022875785827637
1743182339.0807464,location,0.13375639915466309
1743182340.0769043,location,0.12925291061401367
1743182340.0779903,location,0.1304171085357666
1743182340.081885,location,0.13426995277404785
1743182341.0775695,location,0.12944865226745605
1743182341.0785093,location,0.1304328441619873
1743182341.0824404,location,0.13435053825378418
1743182342.0787253,location,0.12979865074157715
1743182342.080129,location,0.1310741901397705
1743182342.0830872,location,0.13429903984069824
1743182343.0809624,location,0.13123154640197754
1743182343.0812232,location,0.13151216506958008
1743182343.0840073,location,0.13402581214904785
1743182344.0834057,location,0.13270163536071777
1743182344.0837133,location,0.13283658027648926
1743182344.0864134,location,0.13573026657104492
1743182345.0859332,location,0.13470101356506348
1743182345.0868802,location,0.13566160202026367
1743182345.0880182,location,0.13681292533874512
1743182346.0877376,location,0.13594603538513184
1743182346.08802,location,0.13629555702209473
1743182346.0905008,location,0.1387348175048828
1743182347.08912,location,0.13533401489257812
1743182347.0894792,location,0.13575029373168945
1743182347.0919087,location,0.13800907135009766
1743182348.0910006,location,0.1358168125152588
1743182348.0913856,location,0.1362934112548828
1743182348.0933027,location,0.13820409774780273
1743182349.0924218,location,0.13563990592956543
1743182349.0932305,location,0.13642168045043945
1743182349.0942314,location,0.13744592666625977
1743182350.0935555,location,0.1361219882965088
1743182350.0941908,location,0.13675689697265625
1743182350.0952682,location,0.137800931930542
1743182351.0951688,location,0.13705897331237793
1743182351.0952284,location,0.13714861869812012
1743182351.0965903,location,0.13844776153564453
1743182352.0963724,location,0.1376633644104004
1743182352.0967078,location,0.13775062561035156
1743182352.0985637,location,0.13921260833740234
1743182353.0977616,location,0.13775134086608887
1743182353.1003036,location,0.14049482345581055
1743182353.1015003,location,0.1414046287536621
1743182354.0986562,location,0.1373605728149414
1743182354.1026912,location,0.1412827968597412
1743182354.1052873,location,0.14385461807250977
1743182355.1008947,location,0.13882851600646973
1743182355.105787,location,0.14380168914794922
1743182355.1070664,location,0.14506912231445312
1743182356.1030545,location,0.13898015022277832
1743182356.1071186,location,0.14301705360412598
1743182356.108782,location,0.14468073844909668
1743182357.1043694,location,0.13860487937927246
1743182357.1084878,location,0.1427290439605713
1743182357.1104434,location,0.1446366310119629
1743182358.1054678,location,0.1376948356628418
1743182358.1100383,location,0.1421651840209961
1743182358.111778,location,0.1440563201904297
1743182359.1062539,location,0.13756060600280762
1743182359.1113362,location,0.1426219940185547
1743182359.1129396,location,0.14420723915100098
1743182360.107539,location,0.13727617263793945
1743182360.1137855,location,0.14357829093933105
1743182360.1147866,location,0.1443321704864502
1743182361.1092246,location,0.13858842849731445
1743182361.1164324,location,0.14503717422485352
1743182361.1172404,location,0.14621734619140625
1743182362.1111712,location,0.13962054252624512
1743182362.1184487,location,0.1468186378479004
1743182362.119393,location,0.1476128101348877
1743182363.1136806,location,0.14154744148254395
1743182363.1197197,location,0.14782381057739258
1743182363.1219246,location,0.1498725414276123
1743182364.1153286,location,0.14157724380493164
1743182364.1206343,location,0.14711284637451172
1743182364.1228619,location,0.1493220329284668
1743182365.1177042,location,0.1431126594543457
1743182365.1215644,location,0.1470637321472168
1743182365.123974,location,0.14950299263000488
1743182366.1206605,location,0.1452503204345703
1743182366.1226294,location,0.14731144905090332
1743182366.1249163,location,0.14953088760375977
1743182367.1233032,location,0.14640378952026367
1743182367.1237414,location,0.14683914184570312
1743182367.126003,location,0.1490495204925537
1743182368.1250994,location,0.1446847915649414
1743182368.1255677,location,0.1454298496246338
1743182368.127554,location,0.14740443229675293
1743182369.127442,location,0.14696907997131348
1743182369.1277268,location,0.14718866348266602
1743182369.1299133,location,0.14878082275390625
1743182370.1285467,location,0.14673852920532227
1743182370.128773,location,0.1469130516052246
1743182370.1311028,location,0.1493208408355713
1743182371.1297424,location,0.1474144458770752
1743182371.1303716,location,0.14782166481018066
1743182371.132255,location,0.1497938632965088
1743182372.1309085,location,0.14791250228881836
1743182372.1319103,location,0.14891886711120605
1743182372.1339283,location,0.15093207359313965
1743182373.1322267,location,0.14817285537719727
1743182373.1327672,location,0.14879465103149414
1743182373.134705,location,0.15076017379760742
1743182374.1351287,location,0.14997553825378418
1743182374.1355832,location,0.14942407608032227
1743182374.1373038,location,0.15172958374023438
1743182375.1361892,location,0.14899230003356934
1743182375.1374366,location,0.14993047714233398
1743182375.1388545,location,0.1515488624572754
1743182376.1394982,location,0.15126895904541016
1743182376.1395364,location,0.15063810348510742
1743182376.1411006,location,0.15301108360290527
1743182377.1412678,location,0.15238738059997559
1743182377.1414754,location,0.1525282859802246
1743182377.1427934,location,0.15361666679382324
1743182378.1425877,location,0.15273547172546387
1743182378.1433783,location,0.1537637710571289
1743182378.1446562,location,0.1550612449645996
1743182379.1448536,location,0.15449857711791992
1743182379.1451902,location,0.15485262870788574
1743182379.1460357,location,0.15565013885498047
1743182380.145999,location,0.1551053524017334
1743182380.1464942,location,0.15564584732055664
1743182380.1474946,location,0.15667057037353516
1743182381.1477609,location,0.15638136863708496
1743182381.1490648,location,0.15772366523742676
1743182381.1491258,location,0.15771961212158203
1743182382.149486,location,0.15594172477722168
1743182382.1509633,location,0.15716123580932617
1743182382.150996,location,0.1573939323425293
1743182383.1512053,location,0.15689587593078613
1743182383.1523998,location,0.15808939933776855
1743182383.1525452,location,0.15795612335205078
1743182384.1524546,location,0.15671205520629883
1743182384.153975,location,0.15793442726135254
1743182384.1540205,location,0.1582324504852295
1743182385.1552641,location,0.15764284133911133
1743182385.156318,location,0.15819430351257324
1743182385.1566813,location,0.15836262702941895
1743182386.156244,location,0.15648770332336426
1743182386.1585045,location,0.15843772888183594
1743182386.1589084,location,0.1586289405822754
1743182387.1583576,location,0.1572408676147461
1743182387.1601498,location,0.159088134765625
1743182387.1604478,location,0.1593761444091797
1743182388.160649,location,0.15863418579101562
1743182388.1614606,location,0.15950274467468262
1743182388.1624854,location,0.16016316413879395
1743182389.164065,location,0.16034746170043945
1743182389.164206,location,0.1606004238128662
1743182389.1655066,location,0.16184020042419434
1743182390.166513,location,0.16203045845031738
1743182390.167044,location,0.1621875762939453
1743182390.167764,location,0.1632397174835205
1743182391.1683288,location,0.1632697582244873
1743182391.1692502,location,0.16419219970703125
1743182391.1702535,location,0.1650702953338623
1743182392.1693077,location,0.16263866424560547
1743182392.1703446,location,0.16367721557617188
1743182392.1721392,location,0.16515541076660156
1743182393.1712327,location,0.16356897354125977
1743182393.1714134,location,0.16379475593566895
1743182393.1737158,location,0.16605520248413086
1743182394.172524,location,0.16454529762268066
1743182394.1735845,location,0.16555190086364746
1743182394.1750064,location,0.16693902015686035
1743182395.1745715,location,0.16573119163513184
1743182395.1753955,location,0.16653108596801758
1743182395.1766973,location,0.1676795482635498
1743182396.176609,location,0.16710519790649414
1743182396.1770813,location,0.16735291481018066
1743182396.1783216,location,0.16882658004760742
1743182397.1794617,location,0.16939234733581543
1743182397.1805866,location,0.17046523094177246
1743182397.1806781,location,0.17055344581604004
1743182398.18047,location,0.16953778266906738
1743182398.1821702,location,0.17120671272277832
1743182398.1825278,location,0.17099261283874512
1743182399.1825118,location,0.17091965675354004
1743182399.184365,location,0.1725788116455078
1743182399.1847112,location,0.17273235321044922
1743182400.1835358,location,0.17141246795654297
1743182400.1865003,location,0.1742115020751953
1743182400.1868882,location,0.17435455322265625
1743182401.1854503,location,0.17298054695129395
1743182401.1883855,location,0.17592191696166992
1743182401.1889324,location,0.17627239227294922
1743182402.1874352,location,0.17371916770935059
1743182402.1894948,location,0.17580127716064453
1743182402.1903512,location,0.17664170265197754
1743182403.18866,location,0.1728653907775879
1743182403.190738,location,0.17496061325073242
1743182403.1920257,location,0.17590022087097168
1743182404.191043,location,0.17382526397705078
1743182404.1921093,location,0.17492222785949707
1743182404.1933494,location,0.17612886428833008
1743182405.193199,location,0.17508339881896973
1743182405.1933963,location,0.17528676986694336
1743182405.1944547,location,0.17632603645324707
1743182406.194511,location,0.17536401748657227
1743182406.1946867,location,0.1755361557006836
1743182406.1959221,location,0.17655324935913086
1743182407.1959465,location,0.17614078521728516
1743182407.1960618,location,0.17631173133850098
1743182407.1977537,location,0.17789649963378906
1743182408.1971834,location,0.17698001861572266
1743182408.1978412,location,0.17751622200012207
1743182408.199529,location,0.17932558059692383
1743182409.1989036,location,0.1782364845275879
1743182409.199428,location,0.17882704734802246
1743182409.200733,location,0.18011713027954102
1743182410.2007194,location,0.17968034744262695
1743182410.2011368,location,0.17989683151245117
1743182410.2020972,location,0.1810166835784912
1743182411.2022989,location,0.1807699203491211
1743182411.2024045,location,0.1809399127960205
1743182411.203864,location,0.1822187900543213
1743182412.2040644,location,0.18183350563049316
1743182412.2051466,location,0.1829392910003662
1743182412.2053473,location,0.1829206943511963
1743182413.2056453,location,0.18158364295959473
1743182413.2066395,location,0.1827077865600586
1743182413.2070234,location,0.18303632736206055
1743182414.2080035,location,0.18327641487121582
1743182414.208936,location,0.18415164947509766
1743182414.2097695,location,0.18477177619934082
1743182415.2103775,location,0.1853327751159668
1743182415.210487,location,0.18537402153015137
1743182415.211584,location,0.18653488159179688
1743182416.2113376,location,0.18556451797485352
1743182416.2132428,location,0.18741250038146973
1743182416.214401,location,0.18860697746276855
1743182417.2132428,location,0.18698620796203613
1743182417.2145352,location,0.18830537796020508
1743182417.2156525,location,0.18929719924926758
1743182418.2154443,location,0.18826675415039062
1743182418.2168581,location,0.189652681350708
1743182418.2168853,location,0.18946218490600586
1743182419.218175,location,0.18996143341064453
1743182419.2184923,location,0.19027352333068848
1743182419.218746,location,0.19051909446716309
1743182420.2192762,location,0.19050860404968262
1743182420.2200131,location,0.19099998474121094
1743182420.220846,location,0.19199633598327637
1743182421.223287,location,0.19407057762145996
1743182421.2233005,location,0.19403982162475586
1743182421.2237773,location,0.19454646110534668
1743182422.22515,location,0.19525408744812012
1743182422.2259839,location,0.19608569145202637
1743182422.2264185,location,0.1964867115020752
1743182423.2262921,location,0.19558238983154297
1743182423.2272696,location,0.19658803939819336
1743182423.2280672,location,0.19697332382202148
1743182424.2302022,location,0.19885802268981934
1743182424.2310143,location,0.199554443359375
1743182424.2317848,location,0.19985246658325195
1743182425.2314153,location,0.1992812156677246
1743182425.2328298,location,0.20045900344848633
1743182425.2338784,location,0.20166397094726562
1743182426.2331002,location,0.19989895820617676
1743182426.2348452,location,0.2015674114227295
1743182426.235057,location,0.2018427848815918
1743182427.2343564,location,0.2006511688232422
1743182427.2360868,location,0.20240402221679688
1743182427.2365901,location,0.20289397239685059
1743182428.2356732,location,0.20051836967468262
1743182428.2370913,location,0.2019352912902832
1743182428.237973,location,0.202728271484375
1743182429.2384145,location,0.20241928100585938
1743182429.2387607,location,0.20275044441223145
1743182429.2399616,location,0.20394229888916016
1743182430.240118,location,0.20314550399780273
1743182430.2403913,location,0.2034010887145996
1743182430.2414753,location,0.20450139045715332
1743182431.2413976,location,0.20395350456237793
1743182431.241743,location,0.20429587364196777
1743182431.2426882,location,0.20526695251464844
1743182432.2427733,location,0.2045435905456543
1743182432.2429013,location,0.20461702346801758
1743182432.2442026,location,0.20604777336120605
1743182433.2440038,location,0.20467472076416016
1743182433.2452881,location,0.2056128978729248
1743182433.2455888,location,0.20629453659057617
1743182434.2465758,location,0.20665192604064941
1743182434.2474847,location,0.20756936073303223
1743182434.2483175,location,0.20797300338745117
1743182435.2482605,location,0.20744776725769043
1743182435.2488663,location,0.2078402042388916
1743182435.250735,location,0.20972681045532227
1743182436.2493303,location,0.20788049697875977
1743182436.2509038,location,0.20942211151123047
1743182436.2523773,location,0.2108609676361084
1743182437.251949,location,0.20957040786743164
1743182437.252313,location,0.2098696231842041
1743182437.2540126,location,0.21158218383789062
1743182438.2544491,location,0.21048974990844727
1743182438.2545674,location,0.21051812171936035
1743182438.256068,location,0.2118833065032959
1743182439.2564056,location,0.2115800380706787
1743182439.256535,location,0.21161532402038574
1743182439.2576752,location,0.2127981185913086
1743182440.2578633,location,0.2120962142944336
1743182440.2580206,location,0.21222567558288574
1743182440.2592084,location,0.21345996856689453
1743182441.259007,location,0.2118518352508545
1743182441.2600873,location,0.21274995803833008
1743182441.2604725,location,0.21323633193969727
1743182442.2602665,location,0.21268105506896973
1743182442.2617462,location,0.21411871910095215
1743182442.2618752,location,0.21397924423217773
1743182443.2616215,location,0.21229815483093262
1743182443.2630231,location,0.2136530876159668
1743182443.263108,location,0.21373200416564941
1743182444.2626731,location,0.2121894359588623
1743182444.2640889,location,0.21360373497009277
1743182444.26494,location,0.21422815322875977
1743182445.2642617,location,0.21295547485351562
1743182445.2652996,location,0.2139894962310791
1743182445.2664227,location,0.21511268615722656
1743182446.2655478,location,0.2136678695678711
1743182446.2666445,location,0.2147204875946045
1743182446.2676623,location,0.21577239036560059
1743182447.2667847,location,0.21428561210632324
1743182447.2680428,location,0.2155909538269043
1743182447.2692695,location,0.21662592887878418
1743182448.2682302,location,0.2148149013519287
1743182448.269457,location,0.21607089042663574
1743182448.2702417,location,0.21685409545898438
1743182449.2708688,location,0.2153761386871338
1743182449.271272,location,0.2155606746673584
1743182449.2721574,location,0.2168867588043213
1743182450.2729776,location,0.21463465690612793
1743182450.2734025,location,0.2151336669921875
1743182450.2734954,location,0.21520543098449707
1743182451.2750056,location,0.2160029411315918
1743182451.2756157,location,0.2167055606842041
1743182451.2760832,location,0.21714186668395996
1743182452.2761762,location,0.21630501747131348
1743182452.2770581,location,0.2172553539276123
1743182452.277796,location,0.2177729606628418
1743182453.2772312,location,0.2158827781677246
1743182453.278139,location,0.21676158905029297
1743182453.2801025,location,0.21830010414123535
1743182454.2787197,location,0.21482396125793457
1743182454.2796896,location,0.21570801734924316
1743182454.28212,location,0.21825551986694336
1743182455.2807977,location,0.21427583694458008
1743182455.2814198,location,0.21489906311035156
1743182455.2838924,location,0.21732497215270996
1743182456.2824867,location,0.21526050567626953
1743182456.2830892,location,0.21593594551086426
1743182456.285077,location,0.21771001815795898
1743182457.2844079,location,0.21664643287658691
1743182457.2846375,location,0.21686315536499023
1743182457.2863698,location,0.21868515014648438
1743182458.2863767,location,0.21520256996154785
1743182458.2865858,location,0.2153620719909668
1743182458.2877822,location,0.2165834903717041
1743182459.2874174,location,0.21535801887512207
1743182459.2885115,location,0.21637773513793945
1743182459.2892237,location,0.21697211265563965
1743182460.289154,location,0.2149193286895752
1743182460.2901876,location,0.2158527374267578
1743182460.2908962,location,0.21648120880126953
1743182461.2910495,location,0.21606063842773438
1743182461.2915285,location,0.21649408340454102
1743182461.2927175,location,0.2175302505493164
1743182462.2923563,location,0.21618175506591797
1743182462.2934802,location,0.21725940704345703
1743182462.294426,location,0.217881441116333
1743182463.2935383,location,0.21340608596801758
1743182463.2946002,location,0.214493989944458
1743182463.2963798,location,0.2161552906036377
1743182464.294507,location,0.21269559860229492
1743182464.295882,location,0.21399402618408203
1743182464.2975059,location,0.2156538963317871
1743182465.2954104,location,0.21234607696533203
1743182465.2974186,location,0.2141110897064209
1743182465.298835,location,0.21578454971313477
1743182466.2967668,location,0.21216940879821777
1743182466.2987638,location,0.21422553062438965
1743182466.2999635,location,0.21536970138549805
1743182467.298341,location,0.213242769241333
1743182467.2997177,location,0.21463871002197266
1743182467.301352,location,0.21620869636535645
1743182468.3000233,location,0.21293139457702637
1743182468.3012288,location,0.21456217765808105
1743182468.3026748,location,0.21607518196105957
1743182469.3023787,location,0.21505117416381836
1743182469.3024006,location,0.21482467651367188
1743182469.305081,location,0.21721220016479492
1743182470.304198,location,0.21585965156555176
1743182470.3064847,location,0.21825027465820312
1743182471.3053033,location,0.21642804145812988
1743182471.307653,location,0.21877694129943848
1743182472.3063707,location,0.21682333946228027
1743182472.3087568,location,0.2192215919494629
1743182473.3076763,location,0.21708345413208008
1743182474.3112915,location,0.219879150390625
