1739237846.6954596,location,0.00048351287841796875
1739237846.6959093,location,0.0004944801330566406
1739237846.696362,location,0.0004837512969970703
1739237847.6986501,location,0.0006225109100341797
1739237847.6987305,location,0.0006213188171386719
1739237847.698774,location,0.0006337165832519531
1739237848.6985178,location,0.0006053447723388672
1739237848.6985333,location,0.0006062984466552734
1739237848.698539,location,0.0006508827209472656
1739237848.409209,location,0.0006251335144042969
1739237848.4095914,location,0.0007164478302001953
1739237848.4096246,location,0.0007164478302001953
1739237849.4100697,location,0.0006320476531982422
1739237849.410081,location,0.0005788803100585938
1739237849.4101164,location,0.000579833984375
1739237850.4152946,location,0.0009441375732421875
1739237850.4154117,location,0.0011744499206542969
1739237850.4154122,location,0.000946044921875
1739237851.4138253,location,0.0005681514739990234
1739237851.4138834,location,0.0006501674652099609
1739237851.4139187,location,0.0005729198455810547
1739237852.4263034,location,0.0005931854248046875
1739237852.426303,location,0.0006635189056396484
1739237852.426333,location,0.00066375732421875
1739237853.4290748,location,0.0006499290466308594
1739237853.4294882,location,0.00064849853515625
1739237853.4295049,location,0.0007066726684570312
1739237854.4319878,location,0.0006191730499267578
1739237854.4320095,location,0.0007395744323730469
1739237854.4320095,location,0.0007395744323730469
1739237855.4326897,location,0.0006070137023925781
1739237855.4327455,location,0.0006043910980224609
1739237855.4327457,location,0.0006117820739746094
1739237856.436927,location,0.0011246204376220703
1739237856.4369419,location,0.0013682842254638672
1739237856.4369483,location,0.001356363296508789
1739237857.4342117,location,0.0006024837493896484
1739237857.4343534,location,0.0006010532379150391
1739237857.4343708,location,0.0006010532379150391
1739237858.4402816,location,0.0005738735198974609
1739237858.4403064,location,0.0005738735198974609
1739237858.4403472,location,0.0005738735198974609
1739237859.4405844,location,0.0005257129669189453
1739237859.4408555,location,0.0006067752838134766
1739237859.4408631,location,0.0006067752838134766
1739237860.4453747,location,0.0005700588226318359
1739237860.4453745,location,0.0006098747253417969
1739237860.445449,location,0.0006098747253417969
1739237861.4535108,location,0.0006024837493896484
1739237861.4535272,location,0.0005218982696533203
1739237861.4537735,location,0.00060272216796875
1739237862.4536214,location,0.0005278587341308594
1739237862.453623,location,0.0004780292510986328
1739237862.4536235,location,0.0004742145538330078
1739237863.4542487,location,0.0005483627319335938
1739237863.454292,location,0.0005922317504882812
1739237863.454292,location,0.0005476474761962891
1739237864.4610178,location,0.0006155967712402344
1739237864.4612684,location,0.0006318092346191406
1739237864.4613583,location,0.0006155967712402344
1739237865.4675126,location,0.0006680488586425781
1739237865.4675164,location,0.0006754398345947266
1739237865.4675307,location,0.0006680488586425781
1739237866.4741964,location,0.0006244182586669922
1739237866.474205,location,0.0006287097930908203
1739237866.4742377,location,0.0006287097930908203
1739237867.4762435,location,0.0006291866302490234
1739237867.4762568,location,0.0006289482116699219
1739237867.4763865,location,0.000637054443359375
1739237868.4792364,location,0.0007944107055664062
1739237868.4792364,location,0.0008420944213867188
1739237868.4793565,location,0.0007944107055664062
1739237869.4808002,location,0.0007627010345458984
1739237869.480802,location,0.0006844997406005859
1739237869.4809058,location,0.000713348388671875
1739237870.4861097,location,0.0005650520324707031
1739237870.4862158,location,0.0005698204040527344
1739237870.486324,location,0.0005664825439453125
1739237871.4870267,location,0.0006015300750732422
1739237871.4870586,location,0.0005996227264404297
1739237871.4870994,location,0.0006327629089355469
1739237872.4881456,location,0.0006361007690429688
1739237872.4882107,location,0.0006361007690429688
1739237872.4882107,location,0.0006616115570068359
1739237873.491624,location,0.000553131103515625
1739237873.4916325,location,0.0007007122039794922
1739237873.491857,location,0.0005533695220947266
1739237874.4950645,location,0.0007612705230712891
1739237874.4955943,location,0.0008683204650878906
1739237874.4956298,location,0.0008702278137207031
1739237875.4970012,location,0.0006880760192871094
1739237875.4970238,location,0.0006878376007080078
1739237875.4970737,location,0.0007002353668212891
1739237876.4987757,location,0.0006403923034667969
1739237876.4988463,location,0.0006973743438720703
1739237876.498859,location,0.0006406307220458984
1739237877.4997487,location,0.0006930828094482422
1739237877.5003572,location,0.0006899833679199219
1739237877.5006723,location,0.0007448196411132812
1739237878.500507,location,0.0006811618804931641
1739237878.5005453,location,0.0006761550903320312
1739237878.5005455,location,0.0006761550903320312
1739237879.5003023,location,0.0005562305450439453
1739237879.5004349,location,0.0005602836608886719
1739237879.500825,location,0.0005602836608886719
1739237879.221315,location,0.000545501708984375
1739237879.221312,location,0.000545501708984375
1739237879.2213533,location,0.0005502700805664062
1739237880.2260919,location,0.0006108283996582031
1739237880.226103,location,0.0006604194641113281
1739237880.226137,location,0.0006597042083740234
1739237881.2259862,location,0.0005514621734619141
1739237881.2259862,location,0.0005514621734619141
1739237881.2260108,location,0.0005965232849121094
1739237882.2270277,location,0.0006988048553466797
1739237882.2270477,location,0.0007047653198242188
1739237882.2270732,location,0.0007047653198242188
1739237883.2280395,location,0.0005459785461425781
1739237883.228053,location,0.0005137920379638672
1739237883.2280884,location,0.000514984130859375
1739237884.2358105,location,0.0005681514739990234
1739237884.2358105,location,0.0006375312805175781
1739237884.2358358,location,0.0006892681121826172
1739237885.243219,location,0.0006601810455322266
1739237885.243244,location,0.0006623268127441406
1739237885.2433126,location,0.0006952285766601562
1739237886.2488072,location,0.0021054744720458984
1739237886.2488985,location,0.002505779266357422
1739237886.2489722,location,0.002023458480834961
1739237887.244051,location,0.0005013942718505859
1739237887.2441232,location,0.0005135536193847656
1739237887.2441232,location,0.0005342960357666016
1739237888.2474985,location,0.0007572174072265625
1739237888.2475038,location,0.0008370876312255859
1739237888.2475126,location,0.0008373260498046875
1739237889.2523925,location,0.0005948543548583984
1739237889.2524476,location,0.0005946159362792969
1739237889.252551,location,0.0005962848663330078
1739237890.256991,location,0.0007154941558837891
1739237890.2570083,location,0.0007154941558837891
1739237890.2570674,location,0.0007586479187011719
1739237891.26041,location,0.0006542205810546875
1739237891.26041,location,0.0006542205810546875
1739237891.2604258,location,0.0007014274597167969
1739237892.2648675,location,0.0008974075317382812
1739237892.2648811,location,0.0008842945098876953
1739237892.2649412,location,0.0008893013000488281
1739237893.2684152,location,0.0010502338409423828
1739237893.2684307,location,0.0008945465087890625
1739237893.2684512,location,0.0010502338409423828
1739237894.2758815,location,0.0006375312805175781
1739237894.2758825,location,0.0006372928619384766
1739237894.2758918,location,0.0006375312805175781
1739237895.286613,location,0.001336812973022461
1739237895.286665,location,0.0014362335205078125
1739237895.2867138,location,0.0013279914855957031
1739237896.2878325,location,0.0006694793701171875
1739237896.2878478,location,0.0006694793701171875
1739237896.2878718,location,0.0006694793701171875
1739237897.302791,location,0.0006489753723144531
1739237897.3028018,location,0.0006101131439208984
1739237897.302869,location,0.0006101131439208984
1739237898.3096426,location,0.0011601448059082031
1739237898.3096979,location,0.001337289810180664
1739237898.3097682,location,0.001337289810180664
1739237899.3178308,location,0.000698089599609375
1739237899.3178813,location,0.0006978511810302734
1739237899.3178997,location,0.0007097721099853516
1739237900.3183994,location,0.0007083415985107422
1739237900.3183994,location,0.0006232261657714844
1739237900.3186526,location,0.0007081031799316406
1739237901.3187795,location,0.0006124973297119141
1739237901.3188906,location,0.0006124973297119141
1739237901.319056,location,0.0006132125854492188
1739237902.31965,location,0.0007097721099853516
1739237902.31995,location,0.000713348388671875
1739237902.32012,location,0.0006985664367675781
1739237903.328424,location,0.0005886554718017578
1739237903.328417,location,0.0005886554718017578
1739237903.32845,location,0.0006284713745117188
1739237904.3402705,location,0.00074005126953125
1739237904.340299,location,0.0007402896881103516
1739237904.3403392,location,0.0007915496826171875
1739237905.3413355,location,0.0009002685546875
1739237905.3413486,location,0.0009031295776367188
1739237905.3413706,location,0.0009708404541015625
1739237906.340711,location,0.0006916522979736328
1739237906.3407223,location,0.0006933212280273438
1739237906.3407185,location,0.0006885528564453125
1739237907.3439002,location,0.0006630420684814453
1739237907.3439023,location,0.0007076263427734375
1739237907.3439226,location,0.0006630420684814453
1739237908.348649,location,0.0007371902465820312
1739237908.3487525,location,0.0006659030914306641
1739237908.348861,location,0.0008046627044677734
1739237909.350081,location,0.0006091594696044922
1739237909.350201,location,0.0006082057952880859
1739237909.3502424,location,0.0006620883941650391
1739237910.3499866,location,0.0006873607635498047
1739237910.3499947,location,0.0006852149963378906
1739237910.3500252,location,0.0007691383361816406
1739237910.0525181,location,0.0006468296051025391
1739237910.0525153,location,0.0006511211395263672
1739237910.052532,location,0.0006480216979980469
1739237911.0532582,location,0.001111745834350586
1739237911.0532851,location,0.0011112689971923828
1739237911.0533023,location,0.0011112689971923828
1739237912.1192725,location,0.0006084442138671875
1739237912.1193905,location,0.0007126331329345703
1739237912.1197147,location,0.0006084442138671875
1739237913.056475,location,0.0005540847778320312
1739237913.056523,location,0.0005555152893066406
1739237913.0565813,location,0.0006096363067626953
1739237914.0594466,location,0.0008485317230224609
1739237914.0594468,location,0.0008413791656494141
1739237914.059455,location,0.0008485317230224609
1739237915.0590622,location,0.0005638599395751953
1739237915.059231,location,0.0005636215209960938
1739237915.0595047,location,0.0005645751953125
1739237916.060833,location,0.0005984306335449219
1739237916.0608468,location,0.0005986690521240234
1739237916.0608613,location,0.0006000995635986328
1739237917.0614758,location,0.0005216598510742188
1739237917.0615144,location,0.0005216598510742188
1739237917.0615141,location,0.0005602836608886719
1739237918.0655272,location,0.001146078109741211
1739237918.0655668,location,0.0010933876037597656
1739237918.0657625,location,0.0010843276977539062
1739237919.0752783,location,0.0006668567657470703
1739237919.0755262,location,0.0008485317230224609
1739237919.0755618,location,0.0008485317230224609
1739237920.0805793,location,0.0006430149078369141
1739237920.0806794,location,0.0007576942443847656
1739237920.0807085,location,0.0006411075592041016
1739237921.080593,location,0.0005838871002197266
1739237921.080603,location,0.0005900859832763672
1739237921.0806522,location,0.0005891323089599609
1739237922.0817049,location,0.0005826950073242188
1739237922.0817387,location,0.0005884170532226562
1739237922.0817387,location,0.0005824565887451172
1739237923.0826402,location,0.000583648681640625
1739237923.0829706,location,0.0005993843078613281
1739237923.0829911,location,0.0005838871002197266
1739237924.083246,location,0.0005788803100585938
1739237924.0836012,location,0.000583648681640625
1739237924.0836842,location,0.0006251335144042969
1739237925.0842316,location,0.0006110668182373047
1739237925.0842538,location,0.0006110668182373047
1739237925.0843363,location,0.0006113052368164062
1739237926.0859792,location,0.0005292892456054688
1739237926.0859988,location,0.0005097389221191406
1739237926.0860145,location,0.0005099773406982422
1739237927.0874085,location,0.0008509159088134766
1739237927.0874236,location,0.000827789306640625
1739237927.0874457,location,0.0008280277252197266
1739237928.0875034,location,0.0006456375122070312
1739237928.0875208,location,0.0005769729614257812
1739237928.0875225,location,0.000576019287109375
1739237929.0894415,location,0.0007557868957519531
1739237929.0894647,location,0.0007832050323486328
1739237929.0894835,location,0.0007569789886474609
1739237930.0916996,location,0.0007154941558837891
1739237930.091755,location,0.0007114410400390625
1739237930.0917552,location,0.0007112026214599609
1739237931.0940025,location,0.0006439685821533203
1739237931.0940022,location,0.0007197856903076172
1739237931.094016,location,0.0007197856903076172
1739237932.093935,location,0.0006556510925292969
1739237932.0939279,location,0.0006601810455322266
1739237932.0945964,location,0.0006296634674072266
1739237933.096285,location,0.0009558200836181641
1739237933.0963852,location,0.001024484634399414
1739237933.096436,location,0.0008876323699951172
1739237934.097175,location,0.0005576610565185547
1739237934.0972,location,0.0005614757537841797
1739237934.0972557,location,0.0006070137023925781
1739237935.1013012,location,0.0006935596466064453
1739237935.1013327,location,0.0006935596466064453
1739237935.1017504,location,0.0007526874542236328
1739237936.0989466,location,0.0007102489471435547
1739237936.098946,location,0.00070953369140625
1739237936.0989687,location,0.0007097721099853516
1739237937.0988386,location,0.0006167888641357422
1739237937.0988517,location,0.0006089210510253906
1739237937.098902,location,0.0005438327789306641
1739237938.0997937,location,0.0006544589996337891
1739237938.0997937,location,0.0006549358367919922
1739237938.0998433,location,0.0006549358367919922
1739237939.1006882,location,0.0005552768707275391
1739237939.1009178,location,0.0006401538848876953
1739237939.1009178,location,0.0006401538848876953
1739237940.1021626,location,0.0005006790161132812
1739237940.102194,location,0.0005257129669189453
1739237940.1022544,location,0.0005283355712890625
1739237941.1035953,location,0.0007691383361816406
1739237941.1036327,location,0.0008127689361572266
1739237941.1036463,location,0.0007693767547607422
1739237940.8214803,location,0.0006232261657714844
1739237940.8214805,location,0.00061798095703125
1739237940.8215,location,0.0006551742553710938
1739237941.8227062,location,0.0006031990051269531
1739237941.8227267,location,0.0006034374237060547
1739237941.8227346,location,0.0006089210510253906
1739237942.8227632,location,0.0005729198455810547
1739237942.8228285,location,0.0005288124084472656
1739237942.8231056,location,0.0005698204040527344
1739237943.823264,location,0.0006155967712402344
1739237943.8232927,location,0.0006585121154785156
1739237943.8233223,location,0.0006155967712402344
1739237944.8247228,location,0.0006494522094726562
1739237944.8247197,location,0.0006496906280517578
1739237944.8247468,location,0.0006761550903320312
1739237945.825872,location,0.0006351470947265625
1739237945.82592,location,0.0006303787231445312
1739237945.8259287,location,0.0006330013275146484
1739237946.826563,location,0.0005576610565185547
1739237946.82661,location,0.0005578994750976562
1739237946.82661,location,0.0005910396575927734
1739237947.8276343,location,0.0005154609680175781
1739237947.827669,location,0.0005159378051757812
1739237947.8277395,location,0.0005168914794921875
1739237948.8289962,location,0.00066375732421875
1739237948.829116,location,0.0007715225219726562
1739237948.8291306,location,0.0006623268127441406
1739237949.8306818,location,0.0014567375183105469
1739237949.8307097,location,0.0014562606811523438
1739237949.8308108,location,0.0015070438385009766
1739237950.8310833,location,0.0006175041198730469
1739237950.8311024,location,0.0006186962127685547
1739237950.831102,location,0.0006196498870849609
1739237951.8318863,location,0.0006697177886962891
1739237951.8319476,location,0.0007622241973876953
1739237951.8319473,location,0.0007524490356445312
1739237952.838883,location,0.0006060600280761719
1739237952.8391347,location,0.0006077289581298828
1739237952.839562,location,0.0006062984466552734
1739237953.8321424,location,0.0006639957427978516
1739237953.8321388,location,0.0006244182586669922
1739237953.8321862,location,0.0006244182586669922
1739237954.833583,location,0.0006568431854248047
1739237954.8335998,location,0.0006594657897949219
1739237954.833623,location,0.0006585121154785156
1739237955.8342543,location,0.0006573200225830078
1739237955.8342624,location,0.0006613731384277344
1739237955.8343325,location,0.0007407665252685547
1739237956.8353982,location,0.0006518363952636719
1739237956.835514,location,0.0006535053253173828
1739237956.8355432,location,0.000766754150390625
1739237957.8353148,location,0.0006561279296875
1739237957.8355768,location,0.0006480216979980469
1739237957.8355837,location,0.0006480216979980469
1739237958.8352315,location,0.0006160736083984375
1739237958.8352568,location,0.0006194114685058594
1739237958.8352814,location,0.0006160736083984375
1739237959.8368738,location,0.0006606578826904297
1739237959.8368855,location,0.0005714893341064453
1739237959.8369393,location,0.0006606578826904297
1739237960.837147,location,0.0006198883056640625
1739237960.8371465,location,0.0006198883056640625
1739237960.837144,location,0.0007383823394775391
1739237961.8384376,location,0.0007228851318359375
1739237961.8384962,location,0.0007231235504150391
1739237961.8385031,location,0.0007977485656738281
1739237962.838699,location,0.0007290840148925781
1739237962.8388534,location,0.0007784366607666016
1739237962.8389335,location,0.0007290840148925781
1739237963.8421676,location,0.0013070106506347656
1739237963.8422012,location,0.0012395381927490234
1739237963.8422785,location,0.0012454986572265625
1739237964.8400846,location,0.0006437301635742188
1739237964.840112,location,0.0005991458892822266
1739237964.840152,location,0.0005984306335449219
1739237965.8406663,location,0.000598907470703125
1739237965.8406942,location,0.000598907470703125
1739237965.840734,location,0.0006461143493652344
1739237966.8412414,location,0.0006227493286132812
1739237966.841244,location,0.0006313323974609375
1739237966.841288,location,0.0006458759307861328
1739237967.8421402,location,0.0008716583251953125
1739237967.842202,location,0.0008714199066162109
1739237967.8422117,location,0.0008714199066162109
1739237968.8425722,location,0.0007319450378417969
1739237968.8425717,location,0.0007321834564208984
1739237968.8425717,location,0.0006475448608398438
1739237969.8430412,location,0.000885009765625
1739237969.843102,location,0.0007255077362060547
1739237969.8431091,location,0.0007865428924560547
1739237970.8430033,location,0.0007729530334472656
1739237970.8430452,location,0.0007226467132568359
1739237970.8430538,location,0.0007252693176269531
1739237971.8460011,location,0.0011243820190429688
1739237971.8461335,location,0.0011246204376220703
1739237971.8461413,location,0.0011763572692871094
1739237972.843939,location,0.0005927085876464844
1739237972.8439453,location,0.0005927085876464844
1739237972.8439775,location,0.0006465911865234375
1739237972.5481713,location,0.0006284713745117188
1739237972.5481713,location,0.0006265640258789062
1739237972.5481715,location,0.0006265640258789062
1739237973.556642,location,0.001997709274291992
1739237973.556825,location,0.0023055076599121094
1739237973.5568705,location,0.0023055076599121094
1739237974.5532465,location,0.0005538463592529297
1739237974.5536282,location,0.0005540847778320312
1739237974.5536647,location,0.0006070137023925781
1739237975.5542324,location,0.0006246566772460938
1739237975.5542333,location,0.0006008148193359375
1739237975.5542414,location,0.0006461143493652344
1739237976.5549328,location,0.0005707740783691406
1739237976.555153,location,0.0005707740783691406
1739237976.5551555,location,0.0005707740783691406
1739237977.559716,location,0.001455545425415039
1739237977.560697,location,0.001683950424194336
1739237977.5608158,location,0.00165557861328125
1739237978.55676,location,0.00058746337890625
1739237978.5567641,location,0.0005872249603271484
1739237978.5568275,location,0.0005974769592285156
1739237979.560928,location,0.001234292984008789
1739237979.560991,location,0.0012784004211425781
1739237979.5611162,location,0.0012395381927490234
1739237980.5588648,location,0.0006477832794189453
1739237980.558854,location,0.00064849853515625
1739237980.558869,location,0.0007381439208984375
1739237981.5589151,location,0.0006098747253417969
1739237981.558984,location,0.0006601810455322266
1739237981.559066,location,0.0006113052368164062
1739237982.5595002,location,0.0007064342498779297
1739237982.5594997,location,0.0007815361022949219
1739237982.55952,location,0.0007815361022949219
1739237983.5616004,location,0.0005824565887451172
1739237983.5616086,location,0.0005824565887451172
1739237983.5616136,location,0.0005872249603271484
1739237984.5625021,location,0.0008196830749511719
1739237984.5626588,location,0.0010907649993896484
1739237984.562731,location,0.0009610652923583984
1739237985.5624669,location,0.0006947517395019531
1739237985.5624669,location,0.0006990432739257812
1739237985.562679,location,0.0006978511810302734
1739237986.5696104,location,0.0021314620971679688
1739237986.5696151,location,0.0020236968994140625
1739237986.569689,location,0.002138376235961914
1739237987.5648048,location,0.0006017684936523438
1739237987.5648181,location,0.0006995201110839844
1739237987.5648184,location,0.0006015300750732422
1739237988.5651164,location,0.0005130767822265625
1739237988.5651464,location,0.0005600452423095703
1739237988.565174,location,0.0005321502685546875
1739237989.5663908,location,0.0006453990936279297
1739237989.5663912,location,0.0006465911865234375
1739237989.566391,location,0.0006453990936279297
1739237990.5674758,location,0.0010716915130615234
1739237990.567697,location,0.0010726451873779297
1739237990.5677302,location,0.0010712146759033203
1739237991.5666165,location,0.0006735324859619141
1739237991.5666173,location,0.0006709098815917969
1739237991.5666173,location,0.000675201416015625
1739237992.5683947,location,0.0006673336029052734
1739237992.5684242,location,0.0006635189056396484
1739237992.568447,location,0.0007960796356201172
1739237993.5700235,location,0.0006504058837890625
1739237993.5700307,location,0.0006566047668457031
1739237993.5701983,location,0.0006566047668457031
1739237994.5704544,location,0.0005855560302734375
1739237994.570479,location,0.0006244182586669922
1739237994.570488,location,0.0005855560302734375
1739237995.5733142,location,0.0005829334259033203
1739237995.5733335,location,0.0005834102630615234
1739237995.5733843,location,0.0005826950073242188
1739237996.5753539,location,0.0005967617034912109
1739237996.5753534,location,0.0005967617034912109
1739237996.5753725,location,0.0005967617034912109
1739237997.5761752,location,0.0006511211395263672
1739237997.576195,location,0.0006113052368164062
1739237997.5762203,location,0.0006120204925537109
1739237998.5795162,location,0.0007016658782958984
1739237998.57954,location,0.0007026195526123047
1739237998.5797644,location,0.0007445812225341797
1739237999.5807445,location,0.0005667209625244141
1739237999.5807443,location,0.0005667209625244141
1739237999.5807583,location,0.0005686283111572266
1739238000.5836246,location,0.0006322860717773438
1739238000.5836549,location,0.0006899833679199219
1739238000.5839376,location,0.0006906986236572266
1739238001.5851264,location,0.0005407333374023438
1739238001.5851295,location,0.0005409717559814453
1739238001.585155,location,0.0005407333374023438
1739238002.5855973,location,0.0005941390991210938
1739238002.5857708,location,0.0005962848663330078
1739238002.5857708,location,0.0005962848663330078
1739238003.5861647,location,0.0006206035614013672
1739238003.5861647,location,0.0006592273712158203
1739238003.5861855,location,0.0006210803985595703
1739238003.2866812,location,0.0006277561187744141
1739238003.286703,location,0.0006330013275146484
1739238003.2867439,location,0.0006277561187744141
1739238004.2895799,location,0.0006406307220458984
1739238004.2897227,location,0.0006401538848876953
1739238004.2898061,location,0.0006411075592041016
1739238005.291995,location,0.0006403923034667969
1739238005.2919993,location,0.0006418228149414062
1739238005.2920988,location,0.0006392002105712891
1739238006.294046,location,0.000835418701171875
1739238006.2940679,location,0.000835418701171875
1739238006.2940915,location,0.0008370876312255859
1739238007.2934072,location,0.0004935264587402344
1739238007.2936375,location,0.0005583763122558594
1739238007.293682,location,0.0005128383636474609
1739238008.2962816,location,0.0006814002990722656
1739238008.2962813,location,0.0006814002990722656
1739238008.2963393,location,0.0006814002990722656
1739238009.2977726,location,0.0007905960083007812
1739238009.297849,location,0.0008111000061035156
1739238009.297849,location,0.0008325576782226562
1739238010.299444,location,0.0006062984466552734
1739238010.2995353,location,0.0006666183471679688
1739238010.2995353,location,0.0006666183471679688
1739238011.3011928,location,0.0005421638488769531
1739238011.3012052,location,0.0006096363067626953
1739238011.3014646,location,0.0006096363067626953
1739238012.3021598,location,0.0006463527679443359
1739238012.3021772,location,0.0006344318389892578
1739238012.3022208,location,0.0006463527679443359
1739238013.302569,location,0.0006122589111328125
1739238013.3025732,location,0.0006122589111328125
1739238013.3025768,location,0.0006175041198730469
1739238014.3052776,location,0.0006103515625
1739238014.305285,location,0.0006101131439208984
1739238014.3053036,location,0.0006101131439208984
1739238015.3060336,location,0.0006172657012939453
1739238015.306036,location,0.0006132125854492188
1739238015.3060608,location,0.0006160736083984375
1739238016.3069043,location,0.0007450580596923828
1739238016.3069038,location,0.0006620883941650391
1739238016.3069103,location,0.0006365776062011719
1739238017.3107843,location,0.0005440711975097656
1739238017.310788,location,0.0005409717559814453
1739238017.3107934,location,0.0005426406860351562
1739238018.3144457,location,0.0005464553833007812
1739238018.3144827,location,0.0005462169647216797
1739238018.3149116,location,0.0005857944488525391
1739238019.3165753,location,0.0006525516510009766
1739238019.3165717,location,0.0006489753723144531
1739238019.3166199,location,0.0006492137908935547
1739238020.3187847,location,0.0005543231964111328
1739238020.3188074,location,0.0005612373352050781
1739238020.318832,location,0.0005543231964111328
1739238021.318971,location,0.0005881786346435547
1739238021.3191218,location,0.0006275177001953125
1739238021.3191273,location,0.000576019287109375
1739238022.321219,location,0.0006058216094970703
1739238022.3212516,location,0.000629425048828125
1739238022.3212516,location,0.0006232261657714844
1739238023.3218381,location,0.0006885528564453125
1739238023.3218393,location,0.0007190704345703125
1739238023.3218706,location,0.0006875991821289062
1739238024.3221338,location,0.0005710124969482422
1739238024.3221338,location,0.0005710124969482422
1739238024.3221338,location,0.0006067752838134766
1739238025.3260353,location,0.0009174346923828125
1739238025.3263211,location,0.0009236335754394531
1739238025.3267233,location,0.000957489013671875
1739238026.329994,location,0.0013949871063232422
1739238026.3302672,location,0.0015168190002441406
1739238026.3302722,location,0.0013959407806396484
1739238027.3303254,location,0.0005898475646972656
1739238027.3303246,location,0.0006468296051025391
1739238027.3307788,location,0.0006477832794189453
1739238028.333149,location,0.00069427490234375
1739238028.3331382,location,0.0008261203765869141
1739238028.3332,location,0.0008261203765869141
1739238029.3337948,location,0.0006935596466064453
1739238029.3339598,location,0.0006906986236572266
1739238029.333981,location,0.0007731914520263672
1739238030.3377733,location,0.0012173652648925781
1739238030.337802,location,0.0013377666473388672
1739238030.3378701,location,0.001333475112915039
1739238031.3368852,location,0.0011622905731201172
1739238031.3370752,location,0.0011572837829589844
1739238031.3370998,location,0.0012087821960449219
1739238032.3377883,location,0.0005769729614257812
1739238032.337786,location,0.0005736351013183594
1739238032.3378491,location,0.0005769729614257812
1739238033.3390863,location,0.0005695819854736328
1739238033.3391025,location,0.0005691051483154297
1739238033.3391237,location,0.0006103515625
1739238034.340861,location,0.0007276535034179688
1739238034.340897,location,0.0007257461547851562
1739238034.3409295,location,0.0007255077362060547
1739238034.0967145,location,0.0006213188171386719
1739238034.096738,location,0.0006270408630371094
1739238034.096782,location,0.0006213188171386719
1739238035.0980544,location,0.0009050369262695312
1739238035.0981088,location,0.0009059906005859375
1739238035.098123,location,0.0009050369262695312
1739238036.0990863,location,0.0006873607635498047
1739238036.099085,location,0.0006875991821289062
1739238036.0991068,location,0.0006899833679199219
1739238037.100765,location,0.0006926059722900391
1739238037.100774,location,0.0006990432739257812
1739238037.1007967,location,0.0006864070892333984
1739238038.1012764,location,0.0005779266357421875
1739238038.1013143,location,0.0005793571472167969
1739238038.101326,location,0.0005776882171630859
1739238039.1016674,location,0.0006585121154785156
1739238039.1018755,location,0.0007314682006835938
1739238039.1019368,location,0.0007309913635253906
1739238040.1032538,location,0.0007550716400146484
1739238040.103293,location,0.0006749629974365234
1739238040.103312,location,0.0006768703460693359
1739238041.102737,location,0.00048351287841796875
1739238041.1027405,location,0.0005035400390625
1739238041.102741,location,0.00048351287841796875
1739238042.1131516,location,0.0005021095275878906
1739238042.1131682,location,0.0006246566772460938
1739238042.1131954,location,0.000499725341796875
1739238043.1201813,location,0.0007767677307128906
1739238043.1201813,location,0.0007615089416503906
1739238043.1201873,location,0.0007767677307128906
1739238044.1252534,location,0.0007040500640869141
1739238044.1252506,location,0.0007038116455078125
1739238044.12528,location,0.0007042884826660156
1739238045.1284375,location,0.00054931640625
1739238045.128459,location,0.0005450248718261719
1739238045.1284795,location,0.0006041526794433594
1739238046.1309185,location,0.0005469322204589844
1739238046.1309688,location,0.0005469322204589844
1739238046.1309764,location,0.0005943775177001953
1739238047.1310623,location,0.0006098747253417969
1739238047.1310859,location,0.0006160736083984375
1739238047.1311002,location,0.0006101131439208984
1739238048.1358185,location,0.0004630088806152344
1739238048.1358464,location,0.00046324729919433594
1739238048.135915,location,0.0005548000335693359
1739238049.1409485,location,0.0006587505340576172
1739238049.1409602,location,0.0006587505340576172
1739238049.1409976,location,0.0006711483001708984
1739238050.1453905,location,0.0005712509155273438
1739238050.1453905,location,0.0006268024444580078
1739238050.1454136,location,0.00057220458984375
1739238051.148708,location,0.00048065185546875
1739238051.1487389,location,0.0004794597625732422
1739238051.1487813,location,0.0004794597625732422
1739238052.1524436,location,0.0005433559417724609
1739238052.152625,location,0.0005850791931152344
1739238052.1526499,location,0.0005433559417724609
1739238053.1544914,location,0.0006010532379150391
1739238053.1545045,location,0.0006008148193359375
1739238053.1545475,location,0.0006339550018310547
1739238054.161195,location,0.001766204833984375
1739238054.161272,location,0.0019991397857666016
1739238054.161272,location,0.001926422119140625
1739238055.1603718,location,0.0006842613220214844
1739238055.1604378,location,0.0006906986236572266
1739238055.1604986,location,0.0007374286651611328
1739238056.1655807,location,0.0007011890411376953
1739238056.16575,location,0.0007026195526123047
1739238056.1657696,location,0.0007250308990478516
1739238057.1660879,location,0.0005633831024169922
1739238057.1661046,location,0.0005633831024169922
1739238057.1661243,location,0.0005633831024169922
1739238058.1713443,location,0.0006346702575683594
1739238058.171344,location,0.0006375312805175781
1739238058.1713555,location,0.0006635189056396484
1739238059.175032,location,0.0005784034729003906
1739238059.1750312,location,0.0005800724029541016
1739238059.175047,location,0.0005893707275390625
1739238060.1870453,location,0.0006761550903320312
1739238060.1870456,location,0.0006265640258789062
1739238060.1870835,location,0.0006740093231201172
1739238061.1826255,location,0.0006127357482910156
1739238061.1826332,location,0.0006146430969238281
1739238061.182689,location,0.000614166259765625
1739238062.1867146,location,0.0008230209350585938
1739238062.18677,location,0.000823974609375
1739238062.1868455,location,0.0008893013000488281
1739238063.1890337,location,0.0006334781646728516
1739238063.189055,location,0.0006334781646728516
1739238063.189264,location,0.0006337165832519531
1739238064.1935122,location,0.0013909339904785156
1739238064.1935415,location,0.0013849735260009766
1739238064.1937823,location,0.0015342235565185547
1739238065.19313,location,0.0007197856903076172
1739238065.1931345,location,0.0007164478302001953
1739238065.193208,location,0.0007197856903076172
1739238064.9361618,location,0.0007050037384033203
1739238064.9361737,location,0.0007073879241943359
1739238064.9361794,location,0.0007050037384033203
1739238065.9375367,location,0.0007669925689697266
1739238065.9375787,location,0.0007669925689697266
1739238065.9375842,location,0.0008177757263183594
1739238066.938222,location,0.0006799697875976562
1739238066.9382215,location,0.0006899833679199219
1739238066.9382915,location,0.0006794929504394531
1739238067.9430983,location,0.0006155967712402344
1739238067.9432259,location,0.0006155967712402344
1739238067.9433525,location,0.0006201267242431641
1739238068.9437988,location,0.0008904933929443359
1739238068.9438078,location,0.0008914470672607422
1739238068.943816,location,0.0009992122650146484
1739238069.9448793,location,0.0007135868072509766
1739238069.9449046,location,0.0007262229919433594
1739238069.9449403,location,0.0006892681121826172
1739238070.9453652,location,0.0006947517395019531
1739238070.9460824,location,0.0007028579711914062
1739238070.9460979,location,0.0006947517395019531
1739238071.9451575,location,0.0005626678466796875
1739238071.9451678,location,0.0005669593811035156
1739238071.9451764,location,0.0005626678466796875
1739238072.9453957,location,0.0005283355712890625
1739238072.9454212,location,0.0005218982696533203
1739238072.945455,location,0.0005218982696533203
1739238073.945898,location,0.0007355213165283203
1739238073.946419,location,0.0007355213165283203
1739238073.9464252,location,0.0006513595581054688
1739238074.9552069,location,0.0005164146423339844
1739238074.9553654,location,0.000518798828125
1739238074.955382,location,0.0005164146423339844
1739238075.9562762,location,0.0006973743438720703
1739238075.956283,location,0.0007014274597167969
1739238075.9563,location,0.0007014274597167969
1739238076.9563906,location,0.0006513595581054688
1739238076.9564538,location,0.0006532669067382812
1739238076.956538,location,0.0007016658782958984
1739238077.9573796,location,0.0006711483001708984
1739238077.95739,location,0.0006551742553710938
1739238077.957438,location,0.0006554126739501953
1739238078.958727,location,0.0008816719055175781
1739238078.9590735,location,0.0008845329284667969
1739238078.959088,location,0.0008831024169921875
1739238079.9612956,location,0.0006978511810302734
1739238079.961297,location,0.0006959438323974609
1739238079.9613032,location,0.0006957054138183594
1739238080.9616065,location,0.0006053447723388672
1739238080.9616058,location,0.0005633831024169922
1739238080.9616106,location,0.0005643367767333984
1739238081.9613292,location,0.0006613731384277344
1739238081.961359,location,0.0005230903625488281
1739238081.9613836,location,0.0005249977111816406
1739238082.962265,location,0.0006740093231201172
1739238082.9622686,location,0.0005784034729003906
1739238082.9622772,location,0.0005795955657958984
1739238083.9694855,location,0.0006892681121826172
1739238083.969856,location,0.0006878376007080078
1739238083.9698677,location,0.0006878376007080078
1739238084.9763374,location,0.0008876323699951172
1739238084.9766493,location,0.0009684562683105469
1739238084.9766996,location,0.0008893013000488281
1739238085.9781985,location,0.0009109973907470703
1739238085.9784229,location,0.0009107589721679688
1739238085.9784725,location,0.0009152889251708984
1739238086.979467,location,0.0009477138519287109
1739238086.9794672,location,0.0009908676147460938
1739238086.9795222,location,0.0009479522705078125
1739238087.9799929,location,0.0005660057067871094
1739238087.9800243,location,0.0005657672882080078
1739238087.9800317,location,0.0005655288696289062
1739238088.9818158,location,0.0009911060333251953
1739238088.9826436,location,0.0009911060333251953
1739238088.98267,location,0.0011019706726074219
1739238089.9862254,location,0.0005731582641601562
1739238089.9862425,location,0.0005898475646972656
1739238089.986242,location,0.0005886554718017578
1739238090.9864063,location,0.0005991458892822266
1739238090.986432,location,0.0006480216979980469
1739238090.9864585,location,0.0005991458892822266
1739238091.9866912,location,0.0006380081176757812
1739238091.986706,location,0.0006380081176757812
1739238091.9867206,location,0.0006380081176757812
1739238092.988026,location,0.0006661415100097656
1739238092.9880424,location,0.0006663799285888672
1739238092.9880478,location,0.0006692409515380859
1739238093.9963634,location,0.0007212162017822266
1739238093.9966707,location,0.0007212162017822266
1739238093.9967031,location,0.0007266998291015625
1739238094.9970586,location,0.0006473064422607422
1739238094.9972804,location,0.0007421970367431641
1739238094.997285,location,0.0006487369537353516
1739238095.9970343,location,0.00057220458984375
1739238095.9971642,location,0.0005712509155273438
1739238095.9971652,location,0.0005731582641601562
1739238095.7073042,location,0.000530242919921875
1739238095.7073202,location,0.000530242919921875
1739238095.7073543,location,0.0005705356597900391
1739238096.7082098,location,0.0006260871887207031
1739238096.7081852,location,0.0007100105285644531
1739238096.708242,location,0.0007102489471435547
1739238097.7091825,location,0.0008442401885986328
1739238097.7092054,location,0.0008392333984375
1739238097.7092738,location,0.0008392333984375
1739238098.7090466,location,0.0005662441253662109
1739238098.7093017,location,0.0006258487701416016
1739238098.7093072,location,0.0005657672882080078
1739238099.709369,location,0.0005903244018554688
1739238099.709388,location,0.0005896091461181641
1739238099.7094133,location,0.0006327629089355469
1739238100.710912,location,0.0009584426879882812
1739238100.7109442,location,0.0009429454803466797
1739238100.7109504,location,0.0008401870727539062
1739238101.729887,location,0.0006659030914306641
1739238101.7300484,location,0.0006685256958007812
1739238101.7300534,location,0.0007584095001220703
1739238102.7307978,location,0.0008594989776611328
1739238102.7307975,location,0.0008933544158935547
1739238102.7308002,location,0.0009856224060058594
1739238103.7316403,location,0.0008652210235595703
1739238103.7316399,location,0.0009713172912597656
1739238103.7316477,location,0.0009713172912597656
1739238104.7313077,location,0.0006015300750732422
1739238104.7313201,location,0.000598907470703125
1739238104.7313256,location,0.0006017684936523438
1739238105.7317169,location,0.0005986690521240234
1739238105.7317412,location,0.0005924701690673828
1739238105.7317548,location,0.0005939006805419922
1739238106.7325673,location,0.0006911754608154297
1739238106.7325678,location,0.0006327629089355469
1739238106.7329993,location,0.0006372928619384766
1739238107.73264,location,0.0005400180816650391
1739238107.7326417,location,0.0005426406860351562
1739238107.7326381,location,0.0005428791046142578
1739238108.733243,location,0.0006337165832519531
1739238108.7332866,location,0.0006325244903564453
1739238108.7332652,location,0.000720977783203125
1739238109.7328722,location,0.0004975795745849609
1739238109.732932,location,0.0005390644073486328
1739238109.7329323,location,0.0005390644073486328
1739238110.7354765,location,0.0005707740783691406
1739238110.735501,location,0.0005710124969482422
1739238110.735501,location,0.0005707740783691406
1739238111.7361224,location,0.0006480216979980469
1739238111.7361472,location,0.0006089210510253906
1739238111.736183,location,0.0005490779876708984
1739238112.7495544,location,0.0008223056793212891
1739238112.7495599,location,0.0007812976837158203
1739238112.749632,location,0.0007810592651367188
1739238113.751762,location,0.0006933212280273438
1739238113.7520063,location,0.0006933212280273438
1739238113.7520075,location,0.0006933212280273438
1739238114.7835019,location,0.0006256103515625
1739238114.783507,location,0.0006585121154785156
1739238114.7836175,location,0.0006277561187744141
1739238115.7846172,location,0.0005712509155273438
1739238115.7846172,location,0.0005726814270019531
1739238115.784678,location,0.0005719661712646484
1739238116.7882934,location,0.001302957534790039
1739238116.7884097,location,0.0012483596801757812
1739238116.7884157,location,0.001402139663696289
1739238117.787292,location,0.0006868839263916016
1739238117.787292,location,0.0006873607635498047
1739238117.7873015,location,0.0007677078247070312
1739238118.787296,location,0.0006318092346191406
1739238118.7872984,location,0.0006425380706787109
1739238118.7873242,location,0.0006341934204101562
1739238119.7879279,location,0.0006425380706787109
1739238119.7879481,location,0.0006399154663085938
1739238119.787948,location,0.0006399154663085938
1739238120.788636,location,0.00055694580078125
1739238120.7887564,location,0.0005650520324707031
1739238120.7887685,location,0.0005650520324707031
1739238121.7897422,location,0.0005526542663574219
1739238121.7897594,location,0.0006403923034667969
1739238121.7898262,location,0.0006403923034667969
1739238122.7908802,location,0.0007252693176269531
1739238122.791291,location,0.0007479190826416016
1739238122.7915976,location,0.0007259845733642578
1739238123.7914386,location,0.0006113052368164062
1739238123.7914805,location,0.0007929801940917969
1739238123.7915502,location,0.0006842613220214844
1739238124.792255,location,0.0006139278411865234
1739238124.7923968,location,0.0006136894226074219
1739238124.7924094,location,0.0006139278411865234
1739238125.793315,location,0.0006916522979736328
1739238125.793756,location,0.0006921291351318359
1739238125.79393,location,0.0007290840148925781
1739238126.7949593,location,0.0009877681732177734
1739238126.7949607,location,0.0008761882781982422
1739238126.7950459,location,0.0008647441864013672
1739238127.795149,location,0.0006995201110839844
1739238127.795149,location,0.0006427764892578125
1739238127.795199,location,0.0006427764892578125
1739238127.507909,location,0.0007948875427246094
1739238127.5079477,location,0.000823974609375
1739238127.5079803,location,0.0009014606475830078
1739238128.5067356,location,0.00048542022705078125
1739238128.506752,location,0.0005636215209960938
1739238128.5067918,location,0.0005636215209960938
1739238129.5088775,location,0.00047397613525390625
1739238129.5091,location,0.0005147457122802734
1739238129.509252,location,0.00047397613525390625
1739238130.5145745,location,0.0007214546203613281
1739238130.5146167,location,0.0007219314575195312
1739238130.5146167,location,0.0007863044738769531
1739238131.514536,location,0.0005936622619628906
1739238131.5145454,location,0.0005934238433837891
1739238131.5146596,location,0.0006203651428222656
1739238132.5150993,location,0.0006165504455566406
1739238132.5151284,location,0.0006310939788818359
1739238132.515468,location,0.0006163120269775391
1739238133.520605,location,0.0006670951843261719
1739238133.5206058,location,0.0006670951843261719
1739238133.5206106,location,0.0007264614105224609
1739238134.5209987,location,0.0006098747253417969
1739238134.5209992,location,0.0006108283996582031
1739238134.5210056,location,0.0006098747253417969
1739238135.521034,location,0.0005886554718017578
1739238135.5210524,location,0.0005886554718017578
1739238135.5210767,location,0.0006399154663085938
1739238136.5227187,location,0.000606536865234375
1739238136.5227184,location,0.0006754398345947266
1739238136.5227404,location,0.0006754398345947266
1739238137.5237863,location,0.0007386207580566406
1739238137.5237875,location,0.0006470680236816406
1739238137.5237877,location,0.00064849853515625
1739238138.526516,location,0.0005984306335449219
1739238138.526523,location,0.0006303787231445312
1739238138.5265286,location,0.0005843639373779297
1739238139.5266917,location,0.000560760498046875
1739238139.5267437,location,0.0005707740783691406
1739238139.5267544,location,0.000560760498046875
1739238140.5296857,location,0.0005931854248046875
1739238140.529718,location,0.0005660057067871094
1739238140.5298584,location,0.0005657672882080078
1739238141.531855,location,0.0006520748138427734
1739238141.5318801,location,0.0006470680236816406
1739238141.5319,location,0.0006561279296875
1739238142.5324314,location,0.0009641647338867188
1739238142.5324569,location,0.0009641647338867188
1739238142.5324845,location,0.0010075569152832031
1739238143.5379758,location,0.0005359649658203125
1739238143.5380511,location,0.0005383491516113281
1739238143.538051,location,0.0005846023559570312
1739238144.538683,location,0.0005738735198974609
1739238144.5387366,location,0.0006392002105712891
1739238144.5387435,location,0.0005743503570556641
1739238145.53987,location,0.0006535053253173828
1739238145.5398648,location,0.000659942626953125
1739238145.5410318,location,0.0006651878356933594
1739238146.5559638,location,0.0006191730499267578
1739238146.5559835,location,0.0006649494171142578
1739238146.555994,location,0.000568389892578125
1739238147.5565693,location,0.0005736351013183594
1739238147.5565693,location,0.0006263256072998047
1739238147.5566025,location,0.0005745887756347656
1739238148.5567892,location,0.000560760498046875
1739238148.5567908,location,0.0006465911865234375
1739238148.5568137,location,0.0006465911865234375
1739238149.5623865,location,0.0005490779876708984
1739238149.5624247,location,0.0005509853363037109
1739238149.562439,location,0.0005495548248291016
1739238150.5624406,location,0.0005598068237304688
1739238150.56248,location,0.0005574226379394531
1739238150.5624967,location,0.0005571842193603516
1739238151.5847528,location,0.0005962848663330078
1739238151.5847528,location,0.0005958080291748047
1739238151.5847528,location,0.0005955696105957031
1739238152.585206,location,0.0005934238433837891
1739238152.5852711,location,0.0005934238433837891
1739238152.585282,location,0.0005934238433837891
1739238153.5919485,location,0.0018138885498046875
1739238153.5920038,location,0.002117633819580078
1739238153.5920572,location,0.002125263214111328
1739238154.5891986,location,0.0005321502685546875
1739238154.5892613,location,0.0006232261657714844
1739238154.5892687,location,0.0005326271057128906
1739238155.5934224,location,0.0006272792816162109
1739238155.5934308,location,0.0006253719329833984
1739238155.5934644,location,0.0006673336029052734
1739238156.5969262,location,0.0006244182586669922
1739238156.5969532,location,0.0006003379821777344
1739238156.5969849,location,0.0006003379821777344
1739238157.5999742,location,0.0005469322204589844
1739238157.5999756,location,0.0005486011505126953
1739238157.599977,location,0.0006072521209716797
1739238158.6084132,location,0.0017917156219482422
1739238158.608623,location,0.0018587112426757812
1739238158.6087415,location,0.0018913745880126953
1739238158.3270195,location,0.0006244182586669922
1739238158.3270192,location,0.000568389892578125
1739238158.3270414,location,0.0005695819854736328
1739238159.3275113,location,0.0006251335144042969
1739238159.3275478,location,0.0005540847778320312
1739238159.3275712,location,0.0006315708160400391
1739238160.3284144,location,0.0006275177001953125
1739238160.3284183,location,0.0006308555603027344
1739238160.3284998,location,0.0006265640258789062
1739238161.3288376,location,0.0006511211395263672
1739238161.3288407,location,0.0006494522094726562
1739238161.3288734,location,0.0007624626159667969
1739238162.35851,location,0.0008847713470458984
1739238162.3585043,location,0.0008847713470458984
1739238162.3585742,location,0.0008909702301025391
1739238163.3594358,location,0.0007770061492919922
1739238163.359436,location,0.0006964206695556641
1739238163.3594756,location,0.0006949901580810547
1739238164.3755443,location,0.0019185543060302734
1739238164.3755426,location,0.0018935203552246094
1739238164.375745,location,0.002105236053466797
1739238165.3736875,location,0.0006253719329833984
1739238165.3736837,location,0.0005834102630615234
1739238165.373714,location,0.0005848407745361328
1739238166.3732417,location,0.0005550384521484375
1739238166.3732758,location,0.0005552768707275391
1739238166.3733294,location,0.0005972385406494141
1739238167.3784237,location,0.0006961822509765625
1739238167.3784237,location,0.0006961822509765625
1739238167.3784635,location,0.0006628036499023438
1739238168.3857932,location,0.0006442070007324219
1739238168.3863451,location,0.0006830692291259766
1739238168.3865118,location,0.0006453990936279297
1739238169.3887873,location,0.0006134510040283203
1739238169.3890355,location,0.0006926059722900391
1739238169.389178,location,0.0007374286651611328
1739238170.3936112,location,0.0006616115570068359
1739238170.3936412,location,0.0006616115570068359
1739238170.3937788,location,0.0006616115570068359
1739238171.3993733,location,0.0006794929504394531
1739238171.3993735,location,0.0006794929504394531
1739238171.3994162,location,0.0006861686706542969
1739238172.4005764,location,0.0006279945373535156
1739238172.4005978,location,0.0006279945373535156
1739238172.4007943,location,0.0006699562072753906
1739238173.4031713,location,0.0007042884826660156
1739238173.4031656,location,0.0007042884826660156
1739238173.40334,location,0.0007040500640869141
1739238174.4366453,location,0.0005748271942138672
1739238174.436777,location,0.0006070137023925781
1739238174.436916,location,0.0005748271942138672
1739238175.4424655,location,0.0005056858062744141
1739238175.4424996,location,0.0005638599395751953
1739238175.442511,location,0.0005643367767333984
1739238176.4432511,location,0.0005719661712646484
1739238176.4432523,location,0.000606536865234375
1739238176.4432688,location,0.00057220458984375
1739238177.443248,location,0.0004916191101074219
1739238177.4432483,location,0.0005421638488769531
1739238177.4433584,location,0.0005471706390380859
1739238178.4506023,location,0.0005934238433837891
1739238178.450599,location,0.0005586147308349609
1739238178.4506178,location,0.0005586147308349609
1739238179.4508934,location,0.0005540847778320312
1739238179.4509008,location,0.0005517005920410156
1739238179.450912,location,0.0005517005920410156
1739238180.4512894,location,0.0005691051483154297
1739238180.451308,location,0.0005729198455810547
1739238180.4513445,location,0.0005691051483154297
1739238181.452144,location,0.0006432533264160156
1739238181.452148,location,0.0006437301635742188
1739238181.4521472,location,0.0006923675537109375
1739238182.4531891,location,0.0006170272827148438
1739238182.4532516,location,0.0006554126739501953
1739238182.4532726,location,0.0006113052368164062
1739238183.4538002,location,0.0005524158477783203
1739238183.4538174,location,0.0005400180816650391
1739238183.453818,location,0.0005927085876464844
1739238184.4544704,location,0.0006270408630371094
1739238184.4545093,location,0.0006070137023925781
1739238184.4545095,location,0.0006070137023925781
1739238185.4569635,location,0.0005662441253662109
1739238185.456976,location,0.0006170272827148438
1739238185.456981,location,0.0005662441253662109
1739238186.4590905,location,0.0006396770477294922
1739238186.4590905,location,0.0006732940673828125
1739238186.4592412,location,0.0006413459777832031
1739238187.462853,location,0.0006048679351806641
1739238187.462851,location,0.0006046295166015625
1739238187.462851,location,0.0006046295166015625
1739238188.463327,location,0.0006415843963623047
1739238188.4633365,location,0.0006415843963623047
1739238188.46335,location,0.0006415843963623047
1739238189.463892,location,0.000560760498046875
1739238189.4639769,location,0.0006501674652099609
1739238189.4641106,location,0.000560760498046875
1739238189.186641,location,0.0006108283996582031
1739238189.1867123,location,0.0006518363952636719
1739238189.1867259,location,0.0006110668182373047
1739238190.1869648,location,0.0006029605865478516
1739238190.1869767,location,0.0006029605865478516
1739238190.187005,location,0.0006043910980224609
1739238191.1879053,location,0.0006551742553710938
1739238191.1879053,location,0.0006549358367919922
1739238191.1879358,location,0.0006928443908691406
1739238192.188198,location,0.0006134510040283203
1739238192.188258,location,0.0006134510040283203
1739238192.1882625,location,0.0006210803985595703
1739238193.1889443,location,0.0007519721984863281
1739238193.1889443,location,0.000675201416015625
1739238193.1890092,location,0.0007519721984863281
1739238194.1898491,location,0.0005879402160644531
1739238194.1898668,location,0.0005991458892822266
1739238194.1899207,location,0.0005879402160644531
1739238195.1940424,location,0.0006475448608398438
1739238195.1940384,location,0.0006475448608398438
1739238195.194078,location,0.0006475448608398438
1739238196.214704,location,0.0007002353668212891
1739238196.2147334,location,0.0007004737854003906
1739238196.2148876,location,0.0007567405700683594
1739238197.2239444,location,0.0005445480346679688
1739238197.2241118,location,0.0005466938018798828
1739238197.2241356,location,0.0005445480346679688
1739238198.2277427,location,0.0005030632019042969
1739238198.227753,location,0.0005300045013427734
1739238198.227794,location,0.0004975795745849609
1739238199.2307372,location,0.0006155967712402344
1739238199.2309365,location,0.0006411075592041016
1739238199.2311609,location,0.0006151199340820312
1739238200.2338316,location,0.0006272792816162109
1739238200.2338667,location,0.0006802082061767578
1739238200.233887,location,0.0006272792816162109
1739238201.2374628,location,0.0006608963012695312
1739238201.2374628,location,0.0006222724914550781
1739238201.2375836,location,0.0006227493286132812
1739238202.2404306,location,0.0006642341613769531
1739238202.2406468,location,0.0006670951843261719
1739238202.240708,location,0.0006639957427978516
1739238203.241827,location,0.0005807876586914062
1739238203.2418401,location,0.0005972385406494141
1739238203.2418528,location,0.0005862712860107422
1739238204.2517598,location,0.0006589889526367188
1739238204.2517772,location,0.0006196498870849609
1739238204.2517908,location,0.0006210803985595703
1739238205.2599735,location,0.0006015300750732422
1739238205.26007,location,0.0006477832794189453
1739238205.2601924,location,0.0006008148193359375
1739238206.2669473,location,0.0006048679351806641
1739238206.266967,location,0.0005445480346679688
1739238206.266986,location,0.000579833984375
1739238207.2734988,location,0.0006973743438720703
1739238207.273523,location,0.0007467269897460938
1739238207.273523,location,0.0007023811340332031
1739238208.2778413,location,0.0006258487701416016
1739238208.277861,location,0.0006260871887207031
1739238208.2778833,location,0.0006258487701416016
1739238209.2804573,location,0.0007097721099853516
1739238209.2804573,location,0.0006005764007568359
1739238209.2804575,location,0.0006003379821777344
1739238210.2813368,location,0.0007946491241455078
1739238210.281354,location,0.0007951259613037109
1739238210.2813804,location,0.0008509159088134766
1739238211.2823985,location,0.0007548332214355469
1739238211.2824094,location,0.0008552074432373047
1739238211.282521,location,0.0007522106170654297
1739238212.296434,location,0.0013363361358642578
1739238212.2965336,location,0.0014581680297851562
1739238212.2965894,location,0.0015788078308105469
1739238213.2997396,location,0.0006728172302246094
1739238213.2997396,location,0.0006725788116455078
1739238213.2997527,location,0.0007674694061279297
1739238214.3027925,location,0.0006375312805175781
1739238214.3028011,location,0.0006375312805175781
1739238214.3028367,location,0.0006377696990966797
1739238215.3073726,location,0.0006465911865234375
1739238215.307391,location,0.0006463527679443359
1739238215.3074052,location,0.0006771087646484375
1739238216.308111,location,0.0005838871002197266
1739238216.3081317,location,0.0005984306335449219
1739238216.3081973,location,0.0005838871002197266
1739238217.309278,location,0.0005698204040527344
1739238217.3095431,location,0.0005698204040527344
1739238217.3096159,location,0.0006120204925537109
1739238218.3182175,location,0.0005457401275634766
1739238218.3182254,location,0.0005459785461425781
1739238218.318256,location,0.000598907470703125
1739238219.3217742,location,0.0006108283996582031
1739238219.3218012,location,0.0006012916564941406
1739238219.322001,location,0.0006012916564941406
1739238220.3223658,location,0.0006191730499267578
1739238220.3223782,location,0.0006198883056640625
1739238220.3224208,location,0.0006189346313476562
1739238220.0490837,location,0.0006868839263916016
1739238220.0491,location,0.0007066726684570312
1739238220.04913,location,0.0007534027099609375
1739238221.0660038,location,0.0006837844848632812
1739238221.0660026,location,0.0006833076477050781
1739238221.0660295,location,0.0006818771362304688
1739238222.0670063,location,0.0007245540618896484
1739238222.0670211,location,0.0007250308990478516
1739238222.067058,location,0.0007770061492919922
1739238223.0737906,location,0.0026082992553710938
1739238223.0737798,location,0.0020470619201660156
1739238223.0740633,location,0.0017430782318115234
1739238224.069606,location,0.0006742477416992188
1739238224.0696108,location,0.0007259845733642578
1739238224.0696385,location,0.0006697177886962891
1739238225.0701118,location,0.0006783008575439453
1739238225.0701118,location,0.0006806850433349609
1739238225.0702462,location,0.0007460117340087891
1739238226.0702207,location,0.0006442070007324219
1739238226.0702527,location,0.0007123947143554688
1739238226.0703123,location,0.0006451606750488281
1739238227.0754805,location,0.0006396770477294922
1739238227.0755026,location,0.0006418228149414062
1739238227.0755026,location,0.0007119178771972656
1739238228.080647,location,0.0006804466247558594
1739238228.0806472,location,0.0006809234619140625
1739238228.0807986,location,0.0006806850433349609
1739238229.0863862,location,0.0007288455963134766
1739238229.0864708,location,0.0006613731384277344
1739238229.0864697,location,0.0007770061492919922
1739238230.124986,location,0.0006716251373291016
1739238230.125267,location,0.0006716251373291016
1739238230.1252844,location,0.0006728172302246094
1739238231.1252668,location,0.0005879402160644531
1739238231.125267,location,0.000522613525390625
1739238231.1252694,location,0.0005750656127929688
1739238232.126736,location,0.0005517005920410156
1739238232.126784,location,0.0005643367767333984
1739238232.126881,location,0.0005643367767333984
1739238233.128532,location,0.0005335807800292969
1739238233.1285439,location,0.0005333423614501953
1739238233.1285439,location,0.0005385875701904297
1739238234.130457,location,0.0008518695831298828
1739238234.1305408,location,0.0008561611175537109
1739238234.1305888,location,0.0008883476257324219
1739238235.1301017,location,0.0007913112640380859
1739238235.1302183,location,0.0007882118225097656
1739238235.1302667,location,0.0007915496826171875
1739238236.1305459,location,0.0006260871887207031
1739238236.1306593,location,0.0006260871887207031
1739238236.130674,location,0.0006334781646728516
1739238237.1315637,location,0.0005888938903808594
1739238237.1315897,location,0.0006201267242431641
1739238237.1315897,location,0.0005888938903808594
1739238238.1323223,location,0.0005514621734619141
1739238238.1323786,location,0.0005514621734619141
1739238238.1324008,location,0.0005953311920166016
1739238239.1508656,location,0.0006990432739257812
1739238239.1508667,location,0.0006992816925048828
1739238239.151129,location,0.0007002353668212891
1739238240.1519105,location,0.0006840229034423828
1739238240.1519442,location,0.0006840229034423828
1739238240.151979,location,0.0006008148193359375
1739238241.152131,location,0.0004773139953613281
1739238241.1522994,location,0.0005254745483398438
1739238241.1523123,location,0.0005476474761962891
1739238242.1527722,location,0.0007426738739013672
1739238242.152775,location,0.0007431507110595703
1739238242.152809,location,0.0007441043853759766
1739238243.152681,location,0.0006203651428222656
1739238243.1528945,location,0.0006213188171386719
1739238243.152951,location,0.0006203651428222656
1739238244.1540086,location,0.0005745887756347656
1739238244.1540167,location,0.0005819797515869141
1739238244.1540518,location,0.0006268024444580078
1739238245.1561718,location,0.0010313987731933594
1739238245.156491,location,0.0010347366333007812
1739238245.1565201,location,0.001068115234375
1739238246.1840785,location,0.0005695819854736328
1739238246.1841075,location,0.0005733966827392578
1739238246.18413,location,0.0005733966827392578
1739238247.1867356,location,0.0005729198455810547
1739238247.1867533,location,0.0006124973297119141
1739238247.1867821,location,0.0005719661712646484
1739238248.186676,location,0.0006487369537353516
1739238248.186876,location,0.0006487369537353516
1739238248.186879,location,0.0006487369537353516
1739238249.1908746,location,0.0012125968933105469
1739238249.1908746,location,0.001245737075805664
1739238249.1909182,location,0.001336812973022461
1739238250.191029,location,0.0005011558532714844
1739238250.1910412,location,0.0005006790161132812
1739238250.1910794,location,0.0005402565002441406
1739238251.1944227,location,0.0006554126739501953
1739238251.1944385,location,0.0006539821624755859
1739238251.1944602,location,0.0006537437438964844
1739238250.917301,location,0.0006167888641357422
1739238250.9173322,location,0.0005970001220703125
1739238250.9173355,location,0.0006444454193115234
1739238251.927872,location,0.0006668567657470703
1739238251.9278734,location,0.0006191730499267578
1739238251.9278884,location,0.0006668567657470703
1739238252.9313211,location,0.0005855560302734375
1739238252.9313364,location,0.0006077289581298828
1739238252.9313698,location,0.0006101131439208984
1739238253.9337735,location,0.0005600452423095703
1739238253.9337811,location,0.0005600452423095703
1739238253.9338167,location,0.0005600452423095703
1739238254.9363785,location,0.0006561279296875
1739238254.936636,location,0.0006563663482666016
1739238254.9366362,location,0.0006563663482666016
1739238255.9376638,location,0.0006165504455566406
1739238255.9376936,location,0.0006971359252929688
1739238255.9376938,location,0.0007035732269287109
1739238256.9390085,location,0.0006854534149169922
1739238256.9391887,location,0.0006856918334960938
1739238256.9392707,location,0.0006880760192871094
1739238257.9403143,location,0.0009393692016601562
1739238257.940327,location,0.0009415149688720703
1739238257.9403477,location,0.0009377002716064453
1739238258.9408345,location,0.0005674362182617188
1739238258.9408345,location,0.0005691051483154297
1739238258.9408345,location,0.0005674362182617188
1739238259.9455948,location,0.0006210803985595703
1739238259.945617,location,0.0007278919219970703
1739238259.94559,location,0.0006167888641357422
1739238260.9498215,location,0.0006120204925537109
1739238260.9498222,location,0.0006923675537109375
1739238260.949854,location,0.0006120204925537109
1739238261.9528625,location,0.0006196498870849609
1739238261.9531522,location,0.0006368160247802734
1739238261.9534087,location,0.0006239414215087891
1739238262.9557173,location,0.0007615089416503906
1739238262.9557316,location,0.0006809234619140625
1739238262.9557707,location,0.0007615089416503906
1739238263.9623885,location,0.0015287399291992188
1739238263.9625034,location,0.001664876937866211
1739238263.9626002,location,0.0015370845794677734
1739238264.9600172,location,0.0006918907165527344
1739238264.9600644,location,0.000690460205078125
1739238264.9602165,location,0.0008003711700439453
1739238265.9604285,location,0.0006999969482421875
1739238265.9604573,location,0.0007004737854003906
1739238265.9604805,location,0.0007457733154296875
1739238266.9692411,location,0.0006537437438964844
1739238266.969244,location,0.0006616115570068359
1739238266.969337,location,0.0006616115570068359
1739238267.9734843,location,0.00061798095703125
1739238267.9734957,location,0.0006158351898193359
1739238267.973509,location,0.00061798095703125
1739238268.9764478,location,0.0007224082946777344
1739238268.9764478,location,0.0007221698760986328
1739238268.9764898,location,0.0008018016815185547
1739238269.9836998,location,0.0006709098815917969
1739238269.983697,location,0.0006711483001708984
1739238269.9836953,location,0.0006709098815917969
1739238270.9845095,location,0.0005562305450439453
1739238270.984511,location,0.0005562305450439453
1739238270.984602,location,0.0005505084991455078
1739238271.9914181,location,0.00063323974609375
1739238271.991418,location,0.0006303787231445312
1739238271.991418,location,0.00063323974609375
1739238272.9929144,location,0.0007710456848144531
1739238272.9929144,location,0.0007708072662353516
1739238272.9929147,location,0.0007719993591308594
1739238273.9925373,location,0.0007183551788330078
1739238273.9925513,location,0.0006990432739257812
1739238273.992577,location,0.0007026195526123047
1739238274.999133,location,0.0006220340728759766
1739238274.9993274,location,0.0006272792816162109
1739238274.9993975,location,0.0006654262542724609
1739238276.0078151,location,0.0019266605377197266
1739238276.007943,location,0.0018084049224853516
1739238276.0082343,location,0.0018312931060791016
1739238277.0074644,location,0.0006742477416992188
1739238277.007495,location,0.0006682872772216797
1739238277.0075314,location,0.0006747245788574219
1739238278.013764,location,0.0006999969482421875
1739238278.013769,location,0.0007779598236083984
1739238278.013806,location,0.000701904296875
1739238279.0194757,location,0.0006437301635742188
1739238279.0194976,location,0.0006458759307861328
1739238279.0195043,location,0.0006437301635742188
1739238280.0251555,location,0.0006771087646484375
1739238280.0254123,location,0.0006768703460693359
1739238280.025412,location,0.0007531642913818359
1739238281.0306373,location,0.0007162094116210938
1739238281.0306675,location,0.0007162094116210938
1739238281.0306787,location,0.0007162094116210938
1739238282.0358205,location,0.0006511211395263672
1739238282.0358398,location,0.0006511211395263672
1739238282.0358896,location,0.0006513595581054688
1739238281.7733667,location,0.0017931461334228516
1739238281.7734516,location,0.0018706321716308594
1739238281.7735467,location,0.0017499923706054688
1739238282.7742555,location,0.0014023780822753906
1739238282.7742562,location,0.0012218952178955078
1739238282.7743435,location,0.0014023780822753906
1739238283.7771287,location,0.0020346641540527344
1739238283.7771466,location,0.0017576217651367188
1739238283.7771568,location,0.0018475055694580078
1739238284.7741168,location,0.0006115436553955078
1739238284.7741547,location,0.0006320476531982422
1739238284.774239,location,0.0006320476531982422
1739238285.780211,location,0.0006203651428222656
1739238285.780373,location,0.0006153583526611328
1739238285.780373,location,0.0006144046783447266
1739238286.7919288,location,0.0017468929290771484
1739238286.7920525,location,0.0018458366394042969
1739238286.7935212,location,0.0018458366394042969
1739238287.786874,location,0.0005724430084228516
1739238287.7869492,location,0.0006783008575439453
1739238287.7869942,location,0.0005736351013183594
1739238288.7935257,location,0.0019834041595458984
1739238288.7940428,location,0.0019562244415283203
1739238288.7941322,location,0.001973867416381836
1739238289.7911737,location,0.0005617141723632812
1739238289.7911723,location,0.0005562305450439453
1739238289.7911942,location,0.00064849853515625
1739238290.7967036,location,0.0006511211395263672
1739238290.7967038,location,0.0005931854248046875
1739238290.7967293,location,0.0006186962127685547
1739238291.8002563,location,0.0006449222564697266
1739238291.8002687,location,0.0006856918334960938
1739238291.8003082,location,0.0006456375122070312
1739238292.8022885,location,0.0005464553833007812
1739238292.8023396,location,0.0005540847778320312
1739238292.8023553,location,0.0006034374237060547
1739238293.8040056,location,0.0008244514465332031
1739238293.8040655,location,0.0009024143218994141
1739238293.804092,location,0.0009067058563232422
1739238294.8070664,location,0.0007302761077880859
1739238294.8070953,location,0.0007288455963134766
1739238294.807132,location,0.0007288455963134766
1739238295.8158677,location,0.0005598068237304688
1739238295.8158689,location,0.0005588531494140625
1739238295.8158867,location,0.0006098747253417969
1739238296.822237,location,0.0006113052368164062
1739238296.8223152,location,0.0006251335144042969
1739238296.8223348,location,0.0006263256072998047
1739238297.8364956,location,0.0017514228820800781
1739238297.8367155,location,0.0017647743225097656
1739238297.8368545,location,0.0019719600677490234
1739238298.8338854,location,0.0005877017974853516
1739238298.8339164,location,0.0005934238433837891
1739238298.8339055,location,0.0005915164947509766
1739238299.836687,location,0.0006539821624755859
1739238299.8367019,location,0.0006537437438964844
1739238299.8367014,location,0.0007293224334716797
1739238300.8374712,location,0.0006628036499023438
1739238300.837479,location,0.0006833076477050781
1739238300.8375046,location,0.0007534027099609375
1739238301.837894,location,0.0006737709045410156
1739238301.8379583,location,0.0006735324859619141
1739238301.837958,location,0.0006716251373291016
1739238302.8431046,location,0.0017137527465820312
1739238302.8432293,location,0.0016820430755615234
1739238302.8432794,location,0.0016887187957763672
1739238303.8398283,location,0.0005548000335693359
1739238303.8401442,location,0.0005564689636230469
1739238303.840202,location,0.0005638599395751953
1739238304.84385,location,0.0005815029144287109
1739238304.8438518,location,0.0006346702575683594
1739238304.8438833,location,0.0005893707275390625
1739238305.8466952,location,0.000659942626953125
1739238305.8467093,location,0.0006613731384277344
1739238305.846774,location,0.0006916522979736328
1739238306.8474228,location,0.0005698204040527344
1739238306.8474305,location,0.0006303787231445312
1739238306.8476505,location,0.0005693435668945312
1739238307.853605,location,0.0019483566284179688
1739238307.8536973,location,0.0019762516021728516
1739238307.8538036,location,0.0019497871398925781
1739238308.8562863,location,0.0010907649993896484
1739238308.8562965,location,0.0012290477752685547
1739238308.8562384,location,0.0010912418365478516
1739238309.859515,location,0.0005671977996826172
1739238309.859546,location,0.0006158351898193359
1739238309.8595562,location,0.0005671977996826172
1739238310.863898,location,0.0008122920989990234
1739238310.8638966,location,0.0006635189056396484
1739238310.863912,location,0.0006654262542724609
1739238311.869839,location,0.0010523796081542969
1739238311.8698547,location,0.0010557174682617188
1739238311.8698788,location,0.0009021759033203125
1739238312.8712287,location,0.0005216598510742188
1739238312.871336,location,0.0004982948303222656
1739238312.8713412,location,0.0005481243133544922
1739238312.5945992,location,0.0006601810455322266
1739238312.5946252,location,0.0006601810455322266
1739238312.5946546,location,0.000579833984375
1739238313.6073856,location,0.0006814002990722656
1739238313.6073856,location,0.0006814002990722656
1739238313.6074078,location,0.0006835460662841797
1739238314.6081595,location,0.0006976127624511719
1739238314.6084068,location,0.0006971359252929688
1739238314.6086037,location,0.0007350444793701172
1739238315.6080792,location,0.0006244182586669922
1739238315.6081455,location,0.0006265640258789062
1739238315.6084802,location,0.0006306171417236328
1739238316.6123774,location,0.0009763240814208984
1739238316.6123877,location,0.0009763240814208984
1739238316.612431,location,0.000986337661743164
1739238317.612658,location,0.0007729530334472656
1739238317.6126585,location,0.0007729530334472656
1739238317.6126897,location,0.0007731914520263672
1739238318.612606,location,0.0006718635559082031
1739238318.612606,location,0.0006704330444335938
1739238318.6126454,location,0.0006723403930664062
1739238319.615155,location,0.0007083415985107422
1739238319.6151545,location,0.0007076263427734375
1739238319.6151547,location,0.0007073879241943359
1739238320.6160138,location,0.0006868839263916016
1739238320.6160922,location,0.0006916522979736328
1739238320.61611,location,0.0006909370422363281
1739238321.6209953,location,0.0017132759094238281
1739238321.6210928,location,0.0016827583312988281
1739238321.6211495,location,0.0016827583312988281
1739238322.626258,location,0.0005950927734375
1739238322.6263266,location,0.0006403923034667969
1739238322.6264584,location,0.000637054443359375
1739238323.6306183,location,0.0007421970367431641
1739238323.6307113,location,0.0007412433624267578
1739238323.6307263,location,0.0007984638214111328
1739238324.6374836,location,0.0019817352294921875
1739238324.637512,location,0.0019605159759521484
1739238324.637593,location,0.0021224021911621094
1739238325.6374433,location,0.0006401538848876953
1739238325.6374435,location,0.0006401538848876953
1739238325.6374562,location,0.0006442070007324219
1739238326.6428878,location,0.0027594566345214844
1739238326.6429138,location,0.0022666454315185547
1739238326.6429594,location,0.002265453338623047
1739238327.659937,location,0.0007796287536621094
1739238327.6599824,location,0.0007686614990234375
1739238327.6603112,location,0.0008594989776611328
1739238328.6694224,location,0.0015749931335449219
1739238328.669874,location,0.0015864372253417969
1739238328.670219,location,0.0017745494842529297
1739238329.6665034,location,0.0005867481231689453
1739238329.6665242,location,0.0005867481231689453
1739238329.666536,location,0.0005955696105957031
1739238330.6769195,location,0.0007724761962890625
1739238330.676928,location,0.0006895065307617188
1739238330.676952,location,0.0007429122924804688
1739238331.676556,location,0.0006849765777587891
1739238331.6765704,location,0.0006091594696044922
1739238331.6766486,location,0.0006849765777587891
1739238332.6800988,location,0.0006475448608398438
1739238332.6801438,location,0.00064849853515625
1739238332.680157,location,0.0006473064422607422
1739238333.6828241,location,0.0005788803100585938
1739238333.6828375,location,0.0005793571472167969
1739238333.682847,location,0.0006079673767089844
1739238334.6836667,location,0.000518798828125
1739238334.6838386,location,0.0005240440368652344
1739238334.683853,location,0.000518798828125
1739238335.68746,location,0.0009274482727050781
1739238335.6875381,location,0.0009334087371826172
1739238335.687656,location,0.0010499954223632812
1739238336.6885586,location,0.0006535053253173828
1739238336.6885767,location,0.0006158351898193359
1739238336.6885707,location,0.0006129741668701172
1739238337.6898103,location,0.0007307529449462891
1739238337.6899648,location,0.000812530517578125
1739238337.6899772,location,0.0007300376892089844
1739238338.7026875,location,0.0015494823455810547
1739238338.7030768,location,0.0015749931335449219
1739238338.7031589,location,0.0017745494842529297
1739238339.7094784,location,0.0006940364837646484
1739238339.709483,location,0.0006403923034667969
1739238339.7096295,location,0.0006973743438720703
1739238340.7167504,location,0.0007407665252685547
1739238340.7167568,location,0.0006616115570068359
1739238340.7167602,location,0.0006632804870605469
1739238341.7168376,location,0.0005228519439697266
1739238341.7168775,location,0.0005254745483398438
1739238341.7169156,location,0.000522613525390625
1739238342.7173731,location,0.0006399154663085938
1739238342.7173734,location,0.0005321502685546875
1739238342.7173967,location,0.0005288124084472656
1739238343.718292,location,0.0006573200225830078
1739238343.7183235,location,0.0006048679351806641
1739238343.7183242,location,0.0006055831909179688
1739238344.7186258,location,0.0005371570587158203
1739238344.7186246,location,0.0005254745483398438
1739238344.7186472,location,0.0005257129669189453
1739238344.4418058,location,0.0011091232299804688
1739238344.4418194,location,0.0011017322540283203
1739238344.4420285,location,0.0011091232299804688
1739238345.4411697,location,0.0006115436553955078
1739238345.4411843,location,0.0006139278411865234
1739238345.441215,location,0.000614166259765625
1739238346.4410539,location,0.0005817413330078125
1739238346.4410846,location,0.0005817413330078125
1739238346.441144,location,0.0006215572357177734
1739238347.4409108,location,0.0005407333374023438
1739238347.4409175,location,0.0005428791046142578
1739238347.4409268,location,0.0005433559417724609
1739238348.4417136,location,0.0005748271942138672
1739238348.4418423,location,0.0005769729614257812
1739238348.4418712,location,0.0005745887756347656
1739238349.4555256,location,0.0005979537963867188
1739238349.4558115,location,0.0006017684936523438
1739238349.4558222,location,0.0006017684936523438
1739238350.4561481,location,0.0006976127624511719
1739238350.4561605,location,0.0007424354553222656
1739238350.4562573,location,0.0006992816925048828
1739238351.4563427,location,0.0006029605865478516
1739238351.4563754,location,0.0005655288696289062
1739238351.4563882,location,0.0005657672882080078
1739238352.457681,location,0.0007312297821044922
1739238352.457681,location,0.0007290840148925781
1739238352.457692,location,0.0012068748474121094
1739238353.457371,location,0.0005548000335693359
1739238353.4574065,location,0.0005548000335693359
1739238353.4574776,location,0.0006084442138671875
1739238354.4589534,location,0.0008258819580078125
1739238354.4589841,location,0.0008263587951660156
1739238354.459416,location,0.0009031295776367188
1739238355.4700222,location,0.0006680488586425781
1739238355.4700885,location,0.0007176399230957031
1739238355.4701626,location,0.0006666183471679688
1739238356.4704168,location,0.0007243156433105469
1739238356.4704618,location,0.0007245540618896484
1739238356.470589,location,0.0008335113525390625
1739238357.4729164,location,0.0006883144378662109
1739238357.4730089,location,0.0007619857788085938
1739238357.4730587,location,0.0007643699645996094
1739238358.472912,location,0.0006785392761230469
1739238358.4729307,location,0.0006792545318603516
1739238358.4729471,location,0.0006797313690185547
1739238359.473043,location,0.0006070137023925781
1739238359.4730752,location,0.0006582736968994141
1739238359.473101,location,0.0006074905395507812
1739238360.4902177,location,0.0005664825439453125
1739238360.4902468,location,0.000579833984375
1739238360.490295,location,0.0005719661712646484
1739238361.4911914,location,0.0005788803100585938
1739238361.4917989,location,0.0005731582641601562
1739238361.4918394,location,0.0006208419799804688
1739238362.491872,location,0.0006067752838134766
1739238362.491872,location,0.000640869140625
1739238362.4918811,location,0.0006062984466552734
1739238363.4925578,location,0.0005412101745605469
1739238363.4925606,location,0.0005412101745605469
1739238363.4927487,location,0.0005714893341064453
1739238364.492948,location,0.000530242919921875
1739238364.4929612,location,0.0005345344543457031
1739238364.492992,location,0.0005724430084228516
1739238365.4987779,location,0.001348257064819336
1739238365.4992383,location,0.0014955997467041016
1739238365.4996161,location,0.0014874935150146484
1739238366.4943402,location,0.0005273818969726562
1739238366.4943755,location,0.0005276203155517578
1739238366.4946957,location,0.0005292892456054688
1739238367.4961278,location,0.0006849765777587891
1739238367.4962835,location,0.0006749629974365234
1739238367.4962835,location,0.0008003711700439453
1739238368.4959302,location,0.0007474422454833984
1739238368.4959414,location,0.0007534027099609375
1739238368.4959576,location,0.0007474422454833984
1739238369.496112,location,0.0006122589111328125
1739238369.496112,location,0.0006594657897949219
1739238369.4961486,location,0.0006124973297119141
1739238370.5017645,location,0.0008146762847900391
1739238370.501765,location,0.0007092952728271484
1739238370.5017707,location,0.0007081031799316406
1739238371.501774,location,0.0006821155548095703
1739238371.501843,location,0.0006268024444580078
1739238371.5018506,location,0.0006268024444580078
1739238372.5024393,location,0.0006690025329589844
1739238372.5025823,location,0.0005848407745361328
1739238373.5022469,location,0.0006413459777832031
1739238373.502263,location,0.0006394386291503906
1739238374.5027318,location,0.00054168701171875
1739238374.50273,location,0.0005419254302978516
1739238375.5051272,location,0.0006237030029296875
