1739232011.0055368,altitude,0.00124359130859375
1739232011.006163,altitude,0.0012526512145996094
1739232012.0040672,altitude,0.0009534358978271484
1739232012.0041766,altitude,0.0009212493896484375
1739232013.0068169,altitude,0.0010540485382080078
1739232013.0068352,altitude,0.0010538101196289062
1739232014.0091233,altitude,0.0011882781982421875
1739232014.0091743,altitude,0.0011882781982421875
1739232015.0089412,altitude,0.0010581016540527344
1739232015.0090463,altitude,0.0010030269622802734
1739232016.0095437,altitude,0.0011622905731201172
1739232016.0096157,altitude,0.0010650157928466797
1739232015.5446832,altitude,0.0010898113250732422
1739232015.544802,altitude,0.0010907649993896484
1739232016.5455751,altitude,0.0011835098266601562
1739232016.5456052,altitude,0.0011725425720214844
1739232017.550805,altitude,0.0010576248168945312
1739232017.550856,altitude,0.0010497570037841797
1739232018.5509014,altitude,0.0009140968322753906
1739232018.550976,altitude,0.0009133815765380859
1739232019.556052,altitude,0.0011188983917236328
1739232019.556056,altitude,0.0011298656463623047
1739232020.5603359,altitude,0.0014712810516357422
1739232020.5603445,altitude,0.0013897418975830078
1739232021.562907,altitude,0.0016155242919921875
1739232021.5629082,altitude,0.0016160011291503906
1739232022.5671458,altitude,0.0012331008911132812
1739232022.567317,altitude,0.0012359619140625
1739232023.5697846,altitude,0.001318216323852539
1739232023.5698009,altitude,0.0014185905456542969
1739232024.5706635,altitude,0.001157999038696289
1739232024.5706866,altitude,0.0010998249053955078
1739232025.5705707,altitude,0.0008878707885742188
1739232025.570584,altitude,0.0008428096771240234
1739232026.5734258,altitude,0.0013422966003417969
1739232026.5734253,altitude,0.0013494491577148438
1739232027.5737352,altitude,0.0013425350189208984
1739232027.5737352,altitude,0.001241445541381836
1739232028.5784478,altitude,0.0025861263275146484
1739232028.5785184,altitude,0.0025861263275146484
1739232029.5790343,altitude,0.0012619495391845703
1739232029.5790412,altitude,0.0012617111206054688
1739232030.5841546,altitude,0.001239776611328125
1739232030.5841546,altitude,0.001241445541381836
1739232031.58414,altitude,0.0011570453643798828
1739232031.5841565,altitude,0.0011539459228515625
1739232032.5900576,altitude,0.0014281272888183594
1739232032.590058,altitude,0.0014281272888183594
1739232033.5908923,altitude,0.0012235641479492188
1739232033.590892,altitude,0.0012967586517333984
1739232034.595438,altitude,0.0013186931610107422
1739232034.5954504,altitude,0.0013186931610107422
1739232035.6005232,altitude,0.0013616085052490234
1739232035.6005287,altitude,0.0014536380767822266
1739232036.604961,altitude,0.0013866424560546875
1739232036.6049712,altitude,0.0014655590057373047
1739232037.6100326,altitude,0.0013420581817626953
1739232037.6100326,altitude,0.0014140605926513672
1739232038.6103406,altitude,0.0011744499206542969
1739232038.6103852,altitude,0.0012526512145996094
1739232039.6112244,altitude,0.0012133121490478516
1739232039.6112247,altitude,0.001215219497680664
1739232040.6116896,altitude,0.001239776611328125
1739232040.611723,altitude,0.001239776611328125
1739232041.6117876,altitude,0.0013239383697509766
1739232041.6117873,altitude,0.0013318061828613281
1739232042.6159863,altitude,0.001117706298828125
1739232042.616025,altitude,0.001219034194946289
1739232043.619141,altitude,0.0014426708221435547
1739232043.6191428,altitude,0.0014421939849853516
1739232044.6216524,altitude,0.0015163421630859375
1739232044.6217346,altitude,0.001506805419921875
1739232045.6213036,altitude,0.001087188720703125
1739232045.6213257,altitude,0.0010759830474853516
1739232046.6249855,altitude,0.001203298568725586
1739232046.6250014,altitude,0.001203298568725586
1739232046.137001,altitude,0.0012187957763671875
1739232046.1373134,altitude,0.0012814998626708984
1739232047.1375167,altitude,0.0009655952453613281
1739232047.1376705,altitude,0.001046895980834961
1739232048.138845,altitude,0.000965118408203125
1739232048.1388595,altitude,0.0010819435119628906
1739232049.1399667,altitude,0.0011069774627685547
1739232049.1401687,altitude,0.0012176036834716797
1739232050.1407876,altitude,0.0012118816375732422
1739232050.1410213,altitude,0.0012135505676269531
1739232051.1423864,altitude,0.0011250972747802734
1739232051.1423864,altitude,0.001079559326171875
1739232052.1468508,altitude,0.002088308334350586
1739232052.1469038,altitude,0.002260446548461914
1739232053.1449287,altitude,0.0011749267578125
1739232053.1449707,altitude,0.0012669563293457031
1739232054.144457,altitude,0.0010149478912353516
1739232054.1444623,altitude,0.0010328292846679688
1739232055.1487768,altitude,0.0020875930786132812
1739232055.1488566,altitude,0.0019185543060302734
1739232056.1485205,altitude,0.0009686946868896484
1739232056.1485195,altitude,0.0010595321655273438
1739232057.1562786,altitude,0.0033380985260009766
1739232057.156343,altitude,0.003425121307373047
1739232058.1507266,altitude,0.001068115234375
1739232058.1507356,altitude,0.001153707504272461
1739232059.1530857,altitude,0.0016636848449707031
1739232059.1530964,altitude,0.0016431808471679688
1739232060.1593707,altitude,0.0033631324768066406
1739232060.1595197,altitude,0.0036122798919677734
1739232061.1580753,altitude,0.002234935760498047
1739232061.1580706,altitude,0.002184152603149414
1739232062.1601713,altitude,0.002872943878173828
1739232062.1602535,altitude,0.0028450489044189453
1739232063.155744,altitude,0.0012035369873046875
1739232063.1559813,altitude,0.0012097358703613281
1739232064.1571405,altitude,0.0012462139129638672
1739232064.1571746,altitude,0.0012979507446289062
1739232065.1592915,altitude,0.0009505748748779297
1739232065.1592941,altitude,0.0009484291076660156
1739232066.1703923,altitude,0.0012133121490478516
1739232066.170402,altitude,0.0012967586517333984
1739232067.1876423,altitude,0.003400087356567383
1739232067.187705,altitude,0.0034568309783935547
1739232068.182679,altitude,0.0010383129119873047
1739232068.1826797,altitude,0.0010535717010498047
1739232069.1871321,altitude,0.0021059513092041016
1739232069.1872058,altitude,0.002293825149536133
1739232070.1984181,altitude,0.003317117691040039
1739232070.1984181,altitude,0.0033032894134521484
1739232071.2070107,altitude,0.003554105758666992
1739232071.2075672,altitude,0.003576040267944336
1739232072.2128272,altitude,0.003564596176147461
1739232072.2128391,altitude,0.0032875537872314453
1739232073.2103462,altitude,0.0010361671447753906
1739232073.2103822,altitude,0.0010361671447753906
1739232074.2148173,altitude,0.002704143524169922
1739232074.2148697,altitude,0.0027015209197998047
1739232075.2194326,altitude,0.0019576549530029297
1739232075.2195723,altitude,0.0021409988403320312
1739232076.2266455,altitude,0.0034720897674560547
1739232076.2267852,altitude,0.0033087730407714844
1739232077.2421422,altitude,0.0030028820037841797
1739232077.242253,altitude,0.003278493881225586
1739232078.2469406,altitude,0.0032274723052978516
1739232078.2472408,altitude,0.003292560577392578
1739232077.7695892,altitude,0.0033521652221679688
1739232077.7696629,altitude,0.0033571720123291016
1739232078.7775857,altitude,0.0011572837829589844
1739232078.7776144,altitude,0.0012362003326416016
1739232079.7832901,altitude,0.001032114028930664
1739232079.7833138,altitude,0.001032114028930664
1739232080.7860425,altitude,0.001680612564086914
1739232080.7860634,altitude,0.0016684532165527344
1739232081.794768,altitude,0.0032949447631835938
1739232081.7948494,altitude,0.0031969547271728516
1739232082.7998815,altitude,0.002317190170288086
1739232082.8000464,altitude,0.0023174285888671875
1739232083.7975981,altitude,0.0031478404998779297
1739232083.7976766,altitude,0.0034058094024658203
1739232084.7982595,altitude,0.003195524215698242
1739232084.7984405,altitude,0.0032830238342285156
1739232085.8016527,altitude,0.001062631607055664
1739232085.8016553,altitude,0.001062631607055664
1739232086.8051102,altitude,0.0010371208190917969
1739232086.805208,altitude,0.0010371208190917969
1739232087.8096194,altitude,0.0012791156768798828
1739232087.809614,altitude,0.0012764930725097656
1739232088.8133473,altitude,0.0011093616485595703
1739232088.8133473,altitude,0.0011332035064697266
1739232089.8222344,altitude,0.0013568401336669922
1739232089.8223045,altitude,0.0013551712036132812
1739232090.8361728,altitude,0.003305196762084961
1739232090.8362987,altitude,0.0033042430877685547
1739232091.8385487,altitude,0.002845287322998047
1739232091.838686,altitude,0.003111600875854492
1739232092.8393292,altitude,0.0010297298431396484
1739232092.8393435,altitude,0.0010297298431396484
1739232093.850743,altitude,0.0011124610900878906
1739232093.850743,altitude,0.001112222671508789
1739232094.865575,altitude,0.0034942626953125
1739232094.8657033,altitude,0.0032105445861816406
1739232095.8719754,altitude,0.0010516643524169922
1739232095.872024,altitude,0.0010516643524169922
1739232096.8794274,altitude,0.0011909008026123047
1739232096.879475,altitude,0.0011909008026123047
1739232097.8846843,altitude,0.000985860824584961
1739232097.8847194,altitude,0.0009849071502685547
1739232098.887147,altitude,0.0010623931884765625
1739232098.8871832,altitude,0.0010616779327392578
1739232099.9043577,altitude,0.003330230712890625
1739232099.9044874,altitude,0.0034258365631103516
1739232100.914757,altitude,0.0031461715698242188
1739232100.9150314,altitude,0.003553628921508789
1739232101.9245257,altitude,0.002777099609375
1739232101.9245868,altitude,0.0032782554626464844
1739232102.9283376,altitude,0.0010330677032470703
1739232102.9283376,altitude,0.0010089874267578125
1739232103.9429808,altitude,0.0028874874114990234
1739232103.9431348,altitude,0.0028743743896484375
1739232104.9478643,altitude,0.0028061866760253906
1739232104.9479964,altitude,0.002859830856323242
1739232105.952423,altitude,0.0032868385314941406
1739232105.9525115,altitude,0.0035974979400634766
1739232106.9486115,altitude,0.0012128353118896484
1739232106.9486668,altitude,0.0011980533599853516
1739232107.951968,altitude,0.001100301742553711
1739232107.9521577,altitude,0.0011355876922607422
1739232108.9540071,altitude,0.0012247562408447266
1739232108.9540565,altitude,0.0012767314910888672
1739232108.4808557,altitude,0.0011894702911376953
1739232108.480867,altitude,0.0011751651763916016
1739232109.4816663,altitude,0.0011546611785888672
1739232109.4816887,altitude,0.0011742115020751953
1739232110.48418,altitude,0.001964569091796875
1739232110.484289,altitude,0.0020737648010253906
1739232111.4830885,altitude,0.001039266586303711
1739232111.4830885,altitude,0.0010890960693359375
1739232112.4843738,altitude,0.001506805419921875
1739232112.4843903,altitude,0.0015096664428710938
1739232113.4867692,altitude,0.0013327598571777344
1739232113.4867692,altitude,0.0013349056243896484
1739232114.4936638,altitude,0.0015430450439453125
1739232114.4938378,altitude,0.0015976428985595703
1739232115.498431,altitude,0.0021991729736328125
1739232115.4985456,altitude,0.002206563949584961
1739232116.5012207,altitude,0.001172780990600586
1739232116.5012293,altitude,0.001172780990600586
1739232117.5061023,altitude,0.0009989738464355469
1739232117.5061078,altitude,0.0010874271392822266
1739232118.5113873,altitude,0.0013206005096435547
1739232118.5114164,altitude,0.0013420581817626953
1739232119.516902,altitude,0.0013308525085449219
1739232119.5169044,altitude,0.0013473033905029297
1739232120.531723,altitude,0.002480745315551758
1739232120.5317512,altitude,0.0024728775024414062
1739232121.528683,altitude,0.0009405612945556641
1739232121.5286894,altitude,0.0010204315185546875
1739232122.5323277,altitude,0.0018787384033203125
1739232122.532377,altitude,0.001916646957397461
1739232123.5337708,altitude,0.0015306472778320312
1739232123.5338333,altitude,0.0015888214111328125
1739232124.5337484,altitude,0.0011398792266845703
1739232124.5337858,altitude,0.0012192726135253906
1739232125.534362,altitude,0.0012378692626953125
1739232125.5346808,altitude,0.0013670921325683594
1739232126.5394437,altitude,0.0021190643310546875
1739232126.5394437,altitude,0.0019359588623046875
1739232127.544254,altitude,0.003305196762084961
1739232127.5443032,altitude,0.003495454788208008
1739232128.539295,altitude,0.0010383129119873047
1739232128.539304,altitude,0.0011165142059326172
1739232129.546479,altitude,0.0012407302856445312
1739232129.5464838,altitude,0.0010905265808105469
1739232130.5507057,altitude,0.0013782978057861328
1739232130.5507078,altitude,0.001374959945678711
1739232131.5527852,altitude,0.0016052722930908203
1739232131.5529482,altitude,0.001680135726928711
1739232132.5530055,altitude,0.0010089874267578125
1739232132.5530279,altitude,0.0010905265808105469
1739232133.5633404,altitude,0.0013880729675292969
1739232133.563411,altitude,0.0014047622680664062
1739232134.5745583,altitude,0.00214385986328125
1739232134.5749047,altitude,0.0023412704467773438
1739232135.5796475,altitude,0.00116729736328125
1739232135.5796707,altitude,0.001283407211303711
1739232136.6006768,altitude,0.0031545162200927734
1739232136.6026447,altitude,0.003042459487915039
1739232137.6005838,altitude,0.0010106563568115234
1739232137.600612,altitude,0.0010628700256347656
1739232138.6357465,altitude,0.0017235279083251953
1739232138.6357696,altitude,0.0018765926361083984
1739232139.6562476,altitude,0.0010182857513427734
1739232139.656232,altitude,0.0009756088256835938
1739232139.19539,altitude,0.0012214183807373047
1739232139.1954072,altitude,0.0013213157653808594
1739232140.1961205,altitude,0.0010368824005126953
1739232140.1961508,altitude,0.001127481460571289
1739232141.1975462,altitude,0.0010654926300048828
1739232141.197535,altitude,0.0011315345764160156
1739232142.1979,altitude,0.0009417533874511719
1739232142.1979544,altitude,0.0009002685546875
1739232143.1993253,altitude,0.0010368824005126953
1739232143.1993268,altitude,0.0010950565338134766
1739232144.2001603,altitude,0.001497030258178711
1739232144.2001927,altitude,0.0016069412231445312
1739232145.200444,altitude,0.0011889934539794922
1739232145.2004666,altitude,0.0012767314910888672
1739232146.2005146,altitude,0.0011358261108398438
1739232146.2005112,altitude,0.0010488033294677734
1739232147.2114832,altitude,0.0011889934539794922
1739232147.2115426,altitude,0.0011897087097167969
1739232148.2115738,altitude,0.0009801387786865234
1739232148.2115726,altitude,0.0009441375732421875
1739232149.216888,altitude,0.0014426708221435547
1739232149.2169187,altitude,0.0015757083892822266
1739232150.2196708,altitude,0.0019614696502685547
1739232150.2200732,altitude,0.002172231674194336
1739232151.2243755,altitude,0.0011210441589355469
1739232151.2244809,altitude,0.0013020038604736328
1739232152.224001,altitude,0.001178741455078125
1739232152.2240713,altitude,0.001178741455078125
1739232153.225539,altitude,0.0016374588012695312
1739232153.2255518,altitude,0.0016374588012695312
1739232154.228853,altitude,0.0022509098052978516
1739232154.2290342,altitude,0.0024585723876953125
1739232155.2263095,altitude,0.001262664794921875
1739232155.2263145,altitude,0.001262664794921875
1739232156.2259686,altitude,0.0010006427764892578
1739232156.2260375,altitude,0.0009245872497558594
1739232157.2453873,altitude,0.001965045928955078
1739232157.245406,altitude,0.0019600391387939453
1739232158.2453682,altitude,0.0010521411895751953
1739232158.245444,altitude,0.001050710678100586
1739232159.2646816,altitude,0.0032777786254882812
1739232159.2647781,altitude,0.0032775402069091797
1739232160.2707298,altitude,0.0009353160858154297
1739232160.2708097,altitude,0.0009303092956542969
1739232161.2715008,altitude,0.0010149478912353516
1739232161.2715416,altitude,0.0010149478912353516
1739232162.281779,altitude,0.0013442039489746094
1739232162.2818358,altitude,0.0013937950134277344
1739232163.2889125,altitude,0.0010423660278320312
1739232163.2889633,altitude,0.0010960102081298828
1739232164.2951586,altitude,0.001173257827758789
1739232164.2952914,altitude,0.0011746883392333984
1739232165.3007438,altitude,0.0015697479248046875
1739232165.3008418,altitude,0.0015985965728759766
1739232166.3007462,altitude,0.001219034194946289
1739232166.300799,altitude,0.001247406005859375
1739232167.301629,altitude,0.0013437271118164062
1739232167.3017087,altitude,0.0014348030090332031
1739232168.307692,altitude,0.001405477523803711
1739232168.307748,altitude,0.0014140605926513672
1739232169.3134716,altitude,0.0010118484497070312
1739232169.3135724,altitude,0.0010695457458496094
1739232170.3178875,altitude,0.001455545425415039
1739232170.317928,altitude,0.001459360122680664
1739232169.8488557,altitude,0.0010325908660888672
1739232169.848891,altitude,0.0011355876922607422
1739232170.8500247,altitude,0.0012807846069335938
1739232170.8500566,altitude,0.001218557357788086
1739232171.8530025,altitude,0.0018372535705566406
1739232171.8530636,altitude,0.0018839836120605469
1739232172.8553264,altitude,0.0012679100036621094
1739232172.8553526,altitude,0.0012712478637695312
1739232173.8682733,altitude,0.0010242462158203125
1739232173.8683178,altitude,0.0010221004486083984
1739232174.8678029,altitude,0.0007679462432861328
1739232174.8678102,altitude,0.0007660388946533203
1739232175.869073,altitude,0.0011131763458251953
1739232175.8691683,altitude,0.0012316703796386719
1739232176.8800678,altitude,0.002811908721923828
1739232176.8801837,altitude,0.0029113292694091797
1739232177.8779514,altitude,0.0014858245849609375
1739232177.87795,altitude,0.0013861656188964844
1739232178.878326,altitude,0.0009708404541015625
1739232178.8783956,altitude,0.001005411148071289
1739232179.8790634,altitude,0.0009982585906982422
1739232179.8790653,altitude,0.0010612010955810547
1739232180.880372,altitude,0.0013701915740966797
1739232180.8803704,altitude,0.0015246868133544922
1739232181.889117,altitude,0.0025234222412109375
1739232181.8891969,altitude,0.0025141239166259766
1739232182.8971758,altitude,0.0013935565948486328
1739232182.8972206,altitude,0.0014371871948242188
1739232183.9193418,altitude,0.003102540969848633
1739232183.919399,altitude,0.0029299259185791016
1739232184.9168863,altitude,0.0016050338745117188
1739232184.9170039,altitude,0.0016055107116699219
1739232185.9169707,altitude,0.0012106895446777344
1739232185.9169848,altitude,0.0011205673217773438
1739232186.9315853,altitude,0.00391840934753418
1739232186.931983,altitude,0.003525972366333008
1739232187.939767,altitude,0.0016832351684570312
1739232187.9397933,altitude,0.0017192363739013672
1739232188.9409738,altitude,0.0015900135040283203
1739232188.9409964,altitude,0.00157928466796875
1739232189.9432533,altitude,0.0016620159149169922
1739232189.9432871,altitude,0.0017044544219970703
1739232190.9439542,altitude,0.0012180805206298828
1739232190.9441705,altitude,0.0012373924255371094
1739232191.9508746,altitude,0.0011818408966064453
1739232191.9508944,altitude,0.0011818408966064453
1739232192.956896,altitude,0.0012543201446533203
1739232192.9571664,altitude,0.001390695571899414
1739232193.9590049,altitude,0.0010154247283935547
1739232193.9590275,altitude,0.001013040542602539
1739232194.9634163,altitude,0.001638174057006836
1739232194.9634051,altitude,0.0016317367553710938
1739232195.9630795,altitude,0.0013666152954101562
1739232195.9630806,altitude,0.0014541149139404297
1739232196.9698532,altitude,0.0006597042083740234
1739232196.9698727,altitude,0.0007393360137939453
1739232197.9797468,altitude,0.0010249614715576172
1739232197.9797482,altitude,0.0010323524475097656
1739232198.9895654,altitude,0.0028786659240722656
1739232198.9896238,altitude,0.002889394760131836
1739232199.9842432,altitude,0.0011811256408691406
1739232199.9843001,altitude,0.0012867450714111328
1739232200.9869535,altitude,0.0020384788513183594
1739232200.9870148,altitude,0.0020635128021240234
1739232200.5185246,altitude,0.0008957386016845703
1739232200.5185385,altitude,0.0008957386016845703
1739232201.5196264,altitude,0.0011749267578125
1739232201.519644,altitude,0.0011763572692871094
1739232202.524682,altitude,0.0012187957763671875
1739232202.5247357,altitude,0.0012202262878417969
1739232203.5299037,altitude,0.0028095245361328125
1739232203.5300436,altitude,0.002798318862915039
1739232204.52608,altitude,0.0009717941284179688
1739232204.5261197,altitude,0.0009789466857910156
1739232205.5352015,altitude,0.0038831233978271484
1739232205.5361152,altitude,0.003849506378173828
1739232206.5299637,altitude,0.0010516643524169922
1739232206.5299618,altitude,0.0010521411895751953
1739232207.5342698,altitude,0.0011477470397949219
1739232207.5343194,altitude,0.0011434555053710938
1739232208.539058,altitude,0.0013930797576904297
1739232208.5391505,altitude,0.00131988525390625
1739232209.5468826,altitude,0.0014362335205078125
1739232209.5471067,altitude,0.001550912857055664
1739232210.5459447,altitude,0.0010967254638671875
1739232210.5459852,altitude,0.0011069774627685547
1739232211.5675006,altitude,0.002913951873779297
1739232211.567583,altitude,0.002902507781982422
1739232212.5712116,altitude,0.0014083385467529297
1739232212.5712144,altitude,0.0013535022735595703
1739232213.5724528,altitude,0.001209259033203125
1739232213.5724578,altitude,0.0013103485107421875
1739232214.5720088,altitude,0.0009884834289550781
1739232214.5720286,altitude,0.0010762214660644531
1739232215.573675,altitude,0.0015294551849365234
1739232215.573675,altitude,0.0015282630920410156
1739232216.6016352,altitude,0.0009407997131347656
1739232216.6018224,altitude,0.0010271072387695312
1739232217.6028938,altitude,0.0011403560638427734
1739232217.6029036,altitude,0.0011196136474609375
1739232218.6048765,altitude,0.0012202262878417969
1739232218.6049013,altitude,0.0012235641479492188
1739232219.6059875,altitude,0.0012063980102539062
1739232219.6060328,altitude,0.001207113265991211
1739232220.6088247,altitude,0.0016160011291503906
1739232220.6088388,altitude,0.0017821788787841797
1739232221.6090147,altitude,0.0013227462768554688
1739232221.609057,altitude,0.001424551010131836
1739232222.6112206,altitude,0.0017032623291015625
1739232222.6112666,altitude,0.0017099380493164062
1739232223.6139405,altitude,0.0019140243530273438
1739232223.614057,altitude,0.0021822452545166016
1739232224.612002,altitude,0.0015048980712890625
1739232224.6120129,altitude,0.0012578964233398438
1739232225.612775,altitude,0.0011513233184814453
1739232225.6128342,altitude,0.0011720657348632812
1739232226.6159737,altitude,0.0015139579772949219
1739232226.6159801,altitude,0.0015594959259033203
1739232227.6152973,altitude,0.001306772232055664
1739232227.6154063,altitude,0.0014069080352783203
1739232228.6153064,altitude,0.0009512901306152344
1739232228.6153133,altitude,0.0009953975677490234
1739232229.6167753,altitude,0.001428842544555664
1739232229.6168752,altitude,0.001416921615600586
1739232230.617224,altitude,0.0015268325805664062
1739232230.6172476,altitude,0.0013496875762939453
1739232231.6187558,altitude,0.0019752979278564453
1739232231.618807,altitude,0.002109050750732422
1739232231.1429892,altitude,0.0010952949523925781
1739232231.143483,altitude,0.0010929107666015625
1739232232.154283,altitude,0.004462480545043945
1739232232.1557913,altitude,0.0044612884521484375
1739232233.146007,altitude,0.0014352798461914062
1739232233.1460915,altitude,0.0015881061553955078
1739232234.1458776,altitude,0.001399993896484375
1739232234.1459143,altitude,0.0014128684997558594
1739232235.1667957,altitude,0.0012447834014892578
1739232235.1667957,altitude,0.0012459754943847656
1739232236.166768,altitude,0.0011451244354248047
1739232236.1667974,altitude,0.0012879371643066406
1739232237.1757123,altitude,0.003387928009033203
1739232237.1785574,altitude,0.0037152767181396484
1739232238.1683564,altitude,0.00128936767578125
1739232238.1683648,altitude,0.0012049674987792969
1739232239.169243,altitude,0.0010199546813964844
1739232239.169243,altitude,0.0010223388671875
1739232240.1705954,altitude,0.0014252662658691406
1739232240.170971,altitude,0.0014264583587646484
1739232241.1718829,altitude,0.0016248226165771484
1739232241.1718943,altitude,0.0016677379608154297
1739232242.171366,altitude,0.001264333724975586
1739232242.1713727,altitude,0.0012640953063964844
1739232243.171912,altitude,0.0013096332550048828
1739232243.1719084,altitude,0.001399993896484375
1739232244.1718783,altitude,0.0009713172912597656
1739232244.1718993,altitude,0.0009703636169433594
1739232245.1875355,altitude,0.0017473697662353516
1739232245.187621,altitude,0.001932382583618164
1739232246.1858025,altitude,0.0010707378387451172
1739232246.1858182,altitude,0.0010690689086914062
1739232247.1861153,altitude,0.0009555816650390625
1739232247.1861181,altitude,0.001056671142578125
1739232248.1911647,altitude,0.0022478103637695312
1739232248.191213,altitude,0.0023431777954101562
1739232249.1913712,altitude,0.001934051513671875
1739232249.1914244,altitude,0.002128124237060547
1739232250.1927395,altitude,0.001966238021850586
1739232250.1927686,altitude,0.0021843910217285156
1739232251.1919138,altitude,0.0016345977783203125
1739232251.1919138,altitude,0.0015404224395751953
1739232252.1928756,altitude,0.001657724380493164
1739232252.192961,altitude,0.0016968250274658203
1739232253.1928496,altitude,0.00140380859375
1739232253.1928976,altitude,0.0014040470123291016
1739232254.1943038,altitude,0.0011560916900634766
1739232254.194397,altitude,0.0010025501251220703
1739232255.1948047,altitude,0.0014867782592773438
1739232255.1948047,altitude,0.0014872550964355469
1739232256.2059162,altitude,0.002656221389770508
1739232256.2060764,altitude,0.0028171539306640625
1739232257.2024634,altitude,0.0012385845184326172
1739232257.2024627,altitude,0.0012412071228027344
1739232258.2035253,altitude,0.0013113021850585938
1739232258.2035506,altitude,0.0014193058013916016
1739232259.206226,altitude,0.0011668205261230469
1739232259.206237,altitude,0.0011668205261230469
1739232260.2109764,altitude,0.001271963119506836
1739232260.2110505,altitude,0.0013377666473388672
1739232261.2148285,altitude,0.0013263225555419922
1739232261.2148283,altitude,0.0013127326965332031
1739232262.2178638,altitude,0.0013306140899658203
1739232262.217865,altitude,0.0013284683227539062
1739232261.7739763,altitude,0.0035440921783447266
1739232261.774032,altitude,0.0035440921783447266
1739232262.7690182,altitude,0.001783609390258789
1739232262.7690444,altitude,0.0016853809356689453
1739232263.7710338,altitude,0.002135038375854492
1739232263.7710667,altitude,0.0021419525146484375
1739232264.7828634,altitude,0.0020198822021484375
1739232264.7829225,altitude,0.0022618770599365234
1739232265.7898383,altitude,0.0034596920013427734
1739232265.7899485,altitude,0.0034596920013427734
1739232266.786974,altitude,0.0016570091247558594
1739232266.787006,altitude,0.0016624927520751953
1739232267.7883265,altitude,0.001195669174194336
1739232267.788339,altitude,0.0011968612670898438
1739232268.8047976,altitude,0.003276348114013672
1739232268.8049018,altitude,0.0032203197479248047
1739232269.8058267,altitude,0.001523733139038086
1739232269.8058622,altitude,0.0016372203826904297
1739232270.8123686,altitude,0.0016758441925048828
1739232270.8126607,altitude,0.001886606216430664
1739232271.811066,altitude,0.0009171962738037109
1739232271.8110871,altitude,0.0009169578552246094
1739232272.8173943,altitude,0.0009603500366210938
1739232272.817416,altitude,0.0009596347808837891
1739232273.8295715,altitude,0.003684520721435547
1739232273.8296835,altitude,0.0036725997924804688
1739232274.8230813,altitude,0.0011341571807861328
1739232274.823092,altitude,0.0012137889862060547
1739232275.824249,altitude,0.0013589859008789062
1739232275.824263,altitude,0.001360177993774414
1739232276.8249393,altitude,0.001255035400390625
1739232276.8249393,altitude,0.0013880729675292969
1739232277.8322165,altitude,0.00164031982421875
1739232277.8322382,altitude,0.0016779899597167969
1739232278.833091,altitude,0.0012774467468261719
1739232278.8331873,altitude,0.00121307373046875
1739232279.8427756,altitude,0.003648042678833008
1739232279.8428311,altitude,0.0037593841552734375
1739232280.840307,altitude,0.0013365745544433594
1739232280.8403418,altitude,0.0013871192932128906
1739232281.85855,altitude,0.0008332729339599609
1739232281.8585703,altitude,0.0008933544158935547
1739232282.8812847,altitude,0.001741647720336914
1739232282.88133,altitude,0.0020329952239990234
1739232283.8872955,altitude,0.003615856170654297
1739232283.8873246,altitude,0.003186941146850586
1739232284.8815093,altitude,0.0010399818420410156
1739232284.8815093,altitude,0.0010380744934082031
1739232285.895231,altitude,0.0031440258026123047
1739232285.8953156,altitude,0.003324270248413086
1739232286.8920233,altitude,0.0015933513641357422
1739232286.892121,altitude,0.0016798973083496094
1739232287.9030678,altitude,0.0015561580657958984
1739232287.9032474,altitude,0.001603841781616211
1739232288.9178236,altitude,0.0018379688262939453
1739232288.9179523,altitude,0.0018439292907714844
1739232289.9195683,altitude,0.0016450881958007812
1739232289.919597,altitude,0.0018551349639892578
1739232290.9287162,altitude,0.002832174301147461
1739232290.928847,altitude,0.003349781036376953
1739232291.9234173,altitude,0.0010862350463867188
1739232291.9234514,altitude,0.0010902881622314453
1739232292.9246078,altitude,0.0009882450103759766
1739232292.9246078,altitude,0.0009698867797851562
1739232292.4611616,altitude,0.0010645389556884766
1739232292.4611838,altitude,0.0009701251983642578
1739232293.461514,altitude,0.0011749267578125
1739232293.4615257,altitude,0.00116729736328125
1739232294.4730155,altitude,0.0014355182647705078
1739232294.473005,altitude,0.0014460086822509766
1739232295.473551,altitude,0.0013489723205566406
1739232295.4735854,altitude,0.0013799667358398438
1739232296.4744797,altitude,0.0013642311096191406
1739232296.4745593,altitude,0.0013637542724609375
1739232297.4821115,altitude,0.0015571117401123047
1739232297.482153,altitude,0.0015573501586914062
1739232298.486838,altitude,0.0013058185577392578
1739232298.4868472,altitude,0.0012295246124267578
1739232299.4869573,altitude,0.001119375228881836
1739232299.4869514,altitude,0.0011229515075683594
1739232300.4931955,altitude,0.0017228126525878906
1739232300.49322,altitude,0.0017213821411132812
1739232301.493,altitude,0.0010879039764404297
1739232301.4930007,altitude,0.0011725425720214844
1739232302.5091605,altitude,0.0037539005279541016
1739232302.5093756,altitude,0.003710508346557617
1739232303.5087368,altitude,0.0017285346984863281
1739232303.5090363,altitude,0.001962423324584961
1739232304.5122693,altitude,0.0012683868408203125
1739232304.5123203,altitude,0.001470804214477539
1739232305.5136194,altitude,0.0014116764068603516
1739232305.5136402,altitude,0.001508951187133789
1739232306.5228624,altitude,0.0018901824951171875
1739232306.5229023,altitude,0.0018992424011230469
1739232307.5289276,altitude,0.001224517822265625
1739232307.5289276,altitude,0.001172780990600586
1739232308.5350857,altitude,0.0010831356048583984
1739232308.535102,altitude,0.0009589195251464844
1739232309.5364852,altitude,0.0009374618530273438
1739232309.5364928,altitude,0.0009374618530273438
1739232310.5431483,altitude,0.0028493404388427734
1739232310.5432076,altitude,0.002882242202758789
1739232311.5403492,altitude,0.0009095668792724609
1739232311.540353,altitude,0.0009112358093261719
1739232312.5458093,altitude,0.0021529197692871094
1739232312.545851,altitude,0.0024471282958984375
1739232313.5567312,altitude,0.002141714096069336
1739232313.556841,altitude,0.0022127628326416016
1739232314.5565653,altitude,0.0021741390228271484
1739232314.556678,altitude,0.002245664596557617
1739232315.557211,altitude,0.0019834041595458984
1739232315.5572534,altitude,0.0019385814666748047
1739232316.570993,altitude,0.0011436939239501953
1739232316.5710201,altitude,0.0011296272277832031
1739232317.571194,altitude,0.00107574462890625
1739232317.5712218,altitude,0.00107574462890625
1739232318.5736659,altitude,0.0018575191497802734
1739232318.5737977,altitude,0.0018579959869384766
1739232319.5746706,altitude,0.0015172958374023438
1739232319.574739,altitude,0.0015325546264648438
1739232320.5742023,altitude,0.0011601448059082031
1739232320.574328,altitude,0.001157999038696289
1739232321.5778394,altitude,0.0011334419250488281
1739232321.5778775,altitude,0.0012080669403076172
1739232322.585158,altitude,0.0011527538299560547
1739232322.585158,altitude,0.0011546611785888672
1739232323.5911899,altitude,0.0014309883117675781
1739232323.5911732,altitude,0.0014309883117675781
1739232324.5913515,altitude,0.0016324520111083984
1739232324.5913653,altitude,0.0017049312591552734
1739232324.1238282,altitude,0.0010271072387695312
1739232324.1240284,altitude,0.0010752677917480469
1739232325.1265373,altitude,0.0021445751190185547
1739232325.1265373,altitude,0.0022056102752685547
1739232326.1348603,altitude,0.003556966781616211
1739232326.134893,altitude,0.0035567283630371094
1739232327.128447,altitude,0.0009829998016357422
1739232327.1284552,altitude,0.0009829998016357422
1739232328.1327078,altitude,0.0020754337310791016
1739232328.1327982,altitude,0.002082347869873047
1739232329.1315238,altitude,0.0010974407196044922
1739232329.1315284,altitude,0.0011546611785888672
1739232330.144744,altitude,0.0040361881256103516
1739232330.1448872,altitude,0.004149198532104492
1739232331.144834,altitude,0.0017325878143310547
1739232331.1448958,altitude,0.0017924308776855469
1739232332.1499565,altitude,0.001499176025390625
1739232332.1500554,altitude,0.0015444755554199219
1739232333.1556163,altitude,0.0014317035675048828
1739232333.1556554,altitude,0.0015308856964111328
1739232334.1561005,altitude,0.001476287841796875
1739232334.1562524,altitude,0.0014774799346923828
1739232335.161426,altitude,0.0014650821685791016
1739232335.1615858,altitude,0.0014584064483642578
1739232336.177671,altitude,0.002700328826904297
1739232336.1778166,altitude,0.002691984176635742
1739232337.1781154,altitude,0.001840353012084961
1739232337.178471,altitude,0.0017850399017333984
1739232338.1903439,altitude,0.0032579898834228516
1739232338.19039,altitude,0.0032563209533691406
1739232339.1877818,altitude,0.0015382766723632812
1739232339.1877863,altitude,0.0015382766723632812
1739232340.1975496,altitude,0.0014939308166503906
1739232340.1975706,altitude,0.0014753341674804688
1739232341.2070603,altitude,0.0013179779052734375
1739232341.2070649,altitude,0.0012195110321044922
1739232342.2163706,altitude,0.0016148090362548828
1739232342.2164183,altitude,0.0015082359313964844
1739232343.2222862,altitude,0.0009438991546630859
1739232343.2222867,altitude,0.0009450912475585938
1739232344.2298007,altitude,0.0011706352233886719
1739232344.229809,altitude,0.0012285709381103516
1739232345.2414453,altitude,0.003349781036376953
1739232345.242029,altitude,0.003731250762939453
1739232346.2379053,altitude,0.0013971328735351562
1739232346.2381146,altitude,0.0014240741729736328
1739232347.2417924,altitude,0.0014848709106445312
1739232347.2418811,altitude,0.0014827251434326172
1739232348.2423737,altitude,0.0011022090911865234
1739232348.2424967,altitude,0.0012447834014892578
1739232349.2468958,altitude,0.0017485618591308594
1739232349.246968,altitude,0.002009153366088867
1739232350.246242,altitude,0.0012972354888916016
1739232350.246265,altitude,0.0012972354888916016
1739232351.2577238,altitude,0.0010395050048828125
1739232351.257838,altitude,0.0009911060333251953
1739232352.3005548,altitude,0.002866029739379883
1739232352.300623,altitude,0.002835988998413086
1739232353.2968218,altitude,0.0009515285491943359
1739232353.2969103,altitude,0.0010616779327392578
1739232354.2993493,altitude,0.0011262893676757812
1739232354.2993631,altitude,0.001131296157836914
1739232355.301969,altitude,0.001422882080078125
1739232355.3019893,altitude,0.0014748573303222656
1739232354.8303936,altitude,0.0012583732604980469
1739232354.830421,altitude,0.001367807388305664
1739232355.8324344,altitude,0.0013117790222167969
1739232355.8324218,altitude,0.0013153553009033203
1739232356.8329382,altitude,0.0011858940124511719
1739232356.8329592,altitude,0.001196146011352539
1739232357.8357823,altitude,0.001226663589477539
1739232357.8358057,altitude,0.0013148784637451172
1739232358.83789,altitude,0.0012259483337402344
1739232358.837938,altitude,0.001234292984008789
1739232359.839466,altitude,0.0011534690856933594
1739232359.8394852,altitude,0.0011513233184814453
1739232360.8396633,altitude,0.001142263412475586
1739232360.8397236,altitude,0.0011425018310546875
1739232361.844592,altitude,0.002125263214111328
1739232361.8446465,altitude,0.0021715164184570312
1739232362.8512447,altitude,0.0033588409423828125
1739232362.8513653,altitude,0.0038535594940185547
1739232363.8432891,altitude,0.0010483264923095703
1739232363.8432913,altitude,0.0010666847229003906
1739232364.8449676,altitude,0.001680135726928711
1739232364.844988,altitude,0.0018494129180908203
1739232365.8459034,altitude,0.001149892807006836
1739232365.8459396,altitude,0.0011372566223144531
1739232366.8461401,altitude,0.001203298568725586
1739232366.8461783,altitude,0.0012025833129882812
1739232367.8467858,altitude,0.0014319419860839844
1739232367.8468077,altitude,0.001432657241821289
1739232368.8461936,altitude,0.0008814334869384766
1739232368.8461936,altitude,0.0009529590606689453
1739232369.8480926,altitude,0.001255035400390625
1739232369.8481371,altitude,0.0013070106506347656
1739232370.849497,altitude,0.0013277530670166016
1739232370.8496742,altitude,0.0013551712036132812
1739232371.8497736,altitude,0.0012407302856445312
1739232371.8498287,altitude,0.0013546943664550781
1739232372.8583868,altitude,0.003096342086791992
1739232372.8588054,altitude,0.003178834915161133
1739232373.8504703,altitude,0.001215219497680664
1739232373.850471,altitude,0.0010957717895507812
1739232374.8514822,altitude,0.001207590103149414
1739232374.8515139,altitude,0.001271963119506836
1739232375.8514936,altitude,0.0012211799621582031
1739232375.8515,altitude,0.0012204647064208984
1739232376.8523514,altitude,0.0010280609130859375
1739232376.8523772,altitude,0.0011143684387207031
1739232377.8646362,altitude,0.004187345504760742
1739232377.8647673,altitude,0.004214286804199219
1739232378.855196,altitude,0.001583099365234375
1739232378.8552153,altitude,0.0018260478973388672
1739232379.8555243,altitude,0.0014827251434326172
1739232379.8555243,altitude,0.0014853477478027344
1739232380.8555648,altitude,0.0012159347534179688
1739232380.8555672,altitude,0.0012197494506835938
1739232381.8604887,altitude,0.002592325210571289
1739232381.8604941,altitude,0.0026111602783203125
1739232382.8562698,altitude,0.001161336898803711
1739232382.856452,altitude,0.0012516975402832031
1739232383.8614361,altitude,0.0023887157440185547
1739232383.8615005,altitude,0.002394437789916992
1739232384.8750796,altitude,0.0035703182220458984
1739232384.8753943,altitude,0.004299640655517578
1739232385.8678768,altitude,0.0021071434020996094
1739232385.8679116,altitude,0.001961231231689453
1739232385.4129665,altitude,0.0031147003173828125
1739232385.4132416,altitude,0.0031387805938720703
1739232386.4098802,altitude,0.0012526512145996094
1739232386.4098802,altitude,0.001253366470336914
1739232387.4165437,altitude,0.0012388229370117188
1739232387.4165998,altitude,0.0013279914855957031
1739232388.4235182,altitude,0.0009777545928955078
1739232388.42353,altitude,0.0009810924530029297
1739232389.4309704,altitude,0.0017430782318115234
1739232389.4309711,altitude,0.00185394287109375
1739232390.4305775,altitude,0.001249074935913086
1739232390.430628,altitude,0.0013408660888671875
1739232391.432884,altitude,0.001638650894165039
1739232391.432902,altitude,0.0016405582427978516
1739232392.4441946,altitude,0.0011744499206542969
1739232392.4442277,altitude,0.0012159347534179688
1739232393.4461372,altitude,0.0018870830535888672
1739232393.4461372,altitude,0.001986980438232422
1739232394.445252,altitude,0.00213623046875
1739232394.4453087,altitude,0.0018355846405029297
1739232395.4456224,altitude,0.001093149185180664
1739232395.445647,altitude,0.0010933876037597656
1739232396.4476025,altitude,0.0012729167938232422
1739232396.448048,altitude,0.0012772083282470703
1739232397.4522161,altitude,0.0025377273559570312
1739232397.4522908,altitude,0.002588033676147461
1739232398.45917,altitude,0.0024352073669433594
1739232398.4592397,altitude,0.002623319625854492
1739232399.5010152,altitude,0.0011708736419677734
1739232399.5010152,altitude,0.0012617111206054688
1739232400.5110521,altitude,0.0017039775848388672
1739232400.5110939,altitude,0.0017039775848388672
1739232401.5175514,altitude,0.0015873908996582031
1739232401.5175872,altitude,0.0014617443084716797
1739232402.5245516,altitude,0.0012934207916259766
1739232402.5247734,altitude,0.0014052391052246094
1739232403.5302875,altitude,0.0011970996856689453
1739232403.5303578,altitude,0.0013697147369384766
1739232404.5331972,altitude,0.0017867088317871094
1739232404.5335166,altitude,0.0017478466033935547
1739232405.537726,altitude,0.0018620491027832031
1739232405.5377512,altitude,0.0018680095672607422
1739232406.5400834,altitude,0.00128173828125
1739232406.540091,altitude,0.0011868476867675781
1739232407.5418406,altitude,0.0014183521270751953
1739232407.5418403,altitude,0.0016214847564697266
1739232408.5425918,altitude,0.0011827945709228516
1739232408.5426006,altitude,0.0011832714080810547
1739232409.5615087,altitude,0.0017104148864746094
1739232409.5615058,altitude,0.0010576248168945312
1739232410.5673323,altitude,0.0017418861389160156
1739232410.5673394,altitude,0.0017282962799072266
1739232411.5812097,altitude,0.0010995864868164062
1739232411.5812767,altitude,0.0011625289916992188
1739232412.5968926,altitude,0.0010809898376464844
1739232412.5970817,altitude,0.0011839866638183594
1739232413.5993392,altitude,0.0016045570373535156
1739232413.5993469,altitude,0.0012104511260986328
1739232414.5988896,altitude,0.0012378692626953125
1739232414.5991147,altitude,0.0013022422790527344
1739232415.607201,altitude,0.003086566925048828
1739232415.607501,altitude,0.0033571720123291016
1739232416.600781,altitude,0.0008780956268310547
1739232416.6007748,altitude,0.0009438991546630859
1739232416.134205,altitude,0.0010733604431152344
1739232416.1342049,altitude,0.0012052059173583984
1739232417.1409225,altitude,0.0010976791381835938
1739232417.140923,altitude,0.0010485649108886719
1739232418.1463368,altitude,0.001756906509399414
1739232418.1463614,altitude,0.001756906509399414
1739232419.1516325,altitude,0.003010988235473633
1739232419.1516345,altitude,0.0029664039611816406
1739232420.1606507,altitude,0.002620220184326172
1739232420.1610081,altitude,0.002804994583129883
1739232421.1631942,altitude,0.0031991004943847656
1739232421.1631942,altitude,0.0032401084899902344
1739232422.1633368,altitude,0.003427743911743164
1739232422.1636639,altitude,0.0034575462341308594
1739232423.1597576,altitude,0.0015282630920410156
1739232423.1597698,altitude,0.0015277862548828125
1739232424.1724262,altitude,0.003676176071166992
1739232424.1727204,altitude,0.003659486770629883
1739232425.17472,altitude,0.001567840576171875
1739232425.1747458,altitude,0.0017042160034179688
1739232426.1816008,altitude,0.0013568401336669922
1739232426.181601,altitude,0.0012156963348388672
1739232427.189714,altitude,0.0015993118286132812
1739232427.18974,altitude,0.0016293525695800781
1739232428.1901107,altitude,0.0013623237609863281
1739232428.1901379,altitude,0.0013554096221923828
1739232429.189833,altitude,0.0010142326354980469
1739232429.1898673,altitude,0.0010142326354980469
1739232430.199247,altitude,0.003767251968383789
1739232430.199402,altitude,0.004149436950683594
1739232431.1954854,altitude,0.001972198486328125
1739232431.195555,altitude,0.0019745826721191406
1739232432.2008617,altitude,0.002207517623901367
1739232432.2009444,altitude,0.0022144317626953125
1739232433.1989243,altitude,0.0013582706451416016
1739232433.198947,altitude,0.0013628005981445312
1739232434.1990132,altitude,0.0011799335479736328
1739232434.1990414,altitude,0.001127004623413086
1739232435.2002854,altitude,0.0009491443634033203
1739232435.200299,altitude,0.000989675521850586
1739232436.2022934,altitude,0.0013072490692138672
1739232436.2022932,altitude,0.0012257099151611328
1739232437.2254567,altitude,0.003083467483520508
1739232437.2255263,altitude,0.003090381622314453
1739232438.220522,altitude,0.0009443759918212891
1739232438.2205513,altitude,0.001026153564453125
1739232439.221782,altitude,0.00133514404296875
1739232439.221819,altitude,0.0012884140014648438
1739232440.221478,altitude,0.001008749008178711
1739232440.2214792,altitude,0.0010676383972167969
1739232441.229008,altitude,0.0031065940856933594
1739232441.2290523,altitude,0.003801584243774414
1739232442.230372,altitude,0.0017621517181396484
1739232442.2304595,altitude,0.001920461654663086
1739232443.2297082,altitude,0.0010495185852050781
1739232443.2298238,altitude,0.0011451244354248047
1739232444.231873,altitude,0.0012326240539550781
1739232444.2322392,altitude,0.0012259483337402344
1739232445.2362537,altitude,0.0013523101806640625
1739232445.236254,altitude,0.001359701156616211
1739232446.2421274,altitude,0.0011861324310302734
1739232446.2421372,altitude,0.001272439956665039
1739232447.264844,altitude,0.0024433135986328125
1739232447.264844,altitude,0.002631664276123047
1739232446.7994099,altitude,0.0012335777282714844
1739232446.7994099,altitude,0.0011138916015625
1739232447.801199,altitude,0.0013432502746582031
1739232447.801199,altitude,0.001455068588256836
1739232448.8185875,altitude,0.001340627670288086
1739232448.8186204,altitude,0.0013537406921386719
1739232449.8245418,altitude,0.0013294219970703125
1739232449.824545,altitude,0.0013294219970703125
1739232450.8267677,altitude,0.0011234283447265625
1739232450.8267758,altitude,0.0011281967163085938
1739232451.826964,altitude,0.0009124279022216797
1739232451.8269835,altitude,0.0009572505950927734
1739232452.8274567,altitude,0.0009648799896240234
1739232452.827575,altitude,0.0009930133819580078
1739232453.8290126,altitude,0.0013194084167480469
1739232453.82903,altitude,0.0013194084167480469
1739232454.829359,altitude,0.001279592514038086
1739232454.8293784,altitude,0.0013425350189208984
1739232455.8488271,altitude,0.0011856555938720703
1739232455.8489387,altitude,0.0012881755828857422
1739232456.8497005,altitude,0.0015151500701904297
1739232456.8497005,altitude,0.0015153884887695312
1739232457.8528564,altitude,0.0015513896942138672
1739232457.8529131,altitude,0.0015354156494140625
1739232458.8523808,altitude,0.001667022705078125
1739232458.852464,altitude,0.0018341541290283203
1739232459.8576002,altitude,0.0023338794708251953
1739232459.857656,altitude,0.002339601516723633
1739232460.8547022,altitude,0.0010724067687988281
1739232460.8547223,altitude,0.0010709762573242188
1739232461.8575776,altitude,0.0010535717010498047
1739232461.8577495,altitude,0.0009720325469970703
1739232462.8579545,altitude,0.0009489059448242188
1739232462.8581285,altitude,0.0009486675262451172
1739232463.8719692,altitude,0.003263711929321289
1739232463.8719993,altitude,0.003155946731567383
1739232464.8708825,altitude,0.0016834735870361328
1739232464.8709207,altitude,0.0018229484558105469
1739232465.8774188,altitude,0.002868175506591797
1739232465.8778906,altitude,0.0032656192779541016
1739232466.9085763,altitude,0.0013651847839355469
1739232466.908635,altitude,0.0014884471893310547
1739232467.91264,altitude,0.0030651092529296875
1739232467.9126801,altitude,0.0032913684844970703
1739232468.9108634,altitude,0.0015411376953125
1739232468.9108632,altitude,0.001535654067993164
1739232469.9115362,altitude,0.001600027084350586
1739232469.9115355,altitude,0.0016164779663085938
1739232470.911588,altitude,0.0014178752899169922
1739232470.9117272,altitude,0.0014183521270751953
1739232471.912255,altitude,0.0012040138244628906
1739232471.9122713,altitude,0.0012009143829345703
1739232472.9117365,altitude,0.0010941028594970703
1739232472.911771,altitude,0.0011668205261230469
1739232473.9138737,altitude,0.0017542839050292969
1739232473.9138794,altitude,0.0016303062438964844
1739232474.9127038,altitude,0.0010259151458740234
1739232474.9127128,altitude,0.001119852066040039
1739232475.914084,altitude,0.0012063980102539062
1739232475.9140944,altitude,0.001451730728149414
1739232476.9153929,altitude,0.0013501644134521484
1739232476.9156406,altitude,0.0013337135314941406
1739232477.9154744,altitude,0.0011723041534423828
1739232477.9157748,altitude,0.0011916160583496094
1739232477.4403582,altitude,0.0011761188507080078
1739232477.4403675,altitude,0.0011761188507080078
1739232478.441474,altitude,0.0015788078308105469
1739232478.4415095,altitude,0.0016779899597167969
1739232479.4421303,altitude,0.0015540122985839844
1739232479.4421852,altitude,0.0016584396362304688
1739232480.4498053,altitude,0.0024318695068359375
1739232480.4498053,altitude,0.0027790069580078125
1739232481.450306,altitude,0.001241445541381836
1739232481.450306,altitude,0.0013623237609863281
1739232482.450096,altitude,0.001203298568725586
1739232482.4501357,altitude,0.001203775405883789
1739232483.4593806,altitude,0.0017256736755371094
1739232483.4594443,altitude,0.0019116401672363281
1739232484.458472,altitude,0.001130819320678711
1739232484.4584827,altitude,0.001130819320678711
1739232485.462195,altitude,0.0013453960418701172
1739232485.4622,altitude,0.0014469623565673828
1739232486.4623928,altitude,0.0015277862548828125
1739232486.4624074,altitude,0.0015494823455810547
1739232487.4686022,altitude,0.001148223876953125
1739232487.4686193,altitude,0.001148223876953125
1739232488.4792354,altitude,0.0013120174407958984
1739232488.4792607,altitude,0.0013148784637451172
1739232489.5035105,altitude,0.0026946067810058594
1739232489.5035713,altitude,0.0031576156616210938
1739232490.50105,altitude,0.0013594627380371094
1739232490.5010557,altitude,0.0012538433074951172
1739232491.5080853,altitude,0.003721952438354492
1739232491.508164,altitude,0.003721952438354492
1739232492.5077276,altitude,0.003257274627685547
1739232492.5079696,altitude,0.003330230712890625
1739232493.5024498,altitude,0.0011677742004394531
1739232493.5024953,altitude,0.0012638568878173828
1739232494.5025237,altitude,0.001093149185180664
1739232494.5025237,altitude,0.001093149185180664
1739232495.5035374,altitude,0.0010972023010253906
1739232495.5035431,altitude,0.0011720657348632812
1739232496.5053914,altitude,0.0017497539520263672
1739232496.5054376,altitude,0.0017502307891845703
1739232497.5052998,altitude,0.0012373924255371094
1739232497.5054574,altitude,0.001407623291015625
1739232498.5051177,altitude,0.0012364387512207031
1739232498.5051303,altitude,0.001247406005859375
1739232499.5053658,altitude,0.0011005401611328125
1739232499.505446,altitude,0.0012364387512207031
1739232500.5059657,altitude,0.0011982917785644531
1739232500.506041,altitude,0.0011975765228271484
1739232501.5064354,altitude,0.0011987686157226562
1739232501.5064769,altitude,0.0011992454528808594
1739232502.5074084,altitude,0.0012440681457519531
1739232502.507497,altitude,0.0011851787567138672
1739232503.5070431,altitude,0.0010528564453125
1739232503.5071976,altitude,0.0010614395141601562
1739232504.5105083,altitude,0.0009608268737792969
1739232504.5106635,altitude,0.0009377002716064453
1739232505.5177433,altitude,0.001157999038696289
1739232505.5177987,altitude,0.0010986328125
1739232506.5290017,altitude,0.003735780715942383
1739232506.5290442,altitude,0.0034334659576416016
1739232507.535556,altitude,0.002656698226928711
1739232507.53602,altitude,0.002630472183227539
1739232508.5443728,altitude,0.0013077259063720703
1739232508.5443728,altitude,0.0015401840209960938
1739232508.0877986,altitude,0.0009284019470214844
1739232508.0878222,altitude,0.0008792877197265625
1739232509.0970016,altitude,0.002332448959350586
1739232509.0970128,altitude,0.002373933792114258
1739232510.1000402,altitude,0.002208232879638672
1739232510.1001103,altitude,0.0023794174194335938
1739232511.0997727,altitude,0.001363515853881836
1739232511.0997727,altitude,0.0012640953063964844
1739232512.1009276,altitude,0.0013675689697265625
1739232512.1009629,altitude,0.0014832019805908203
1739232513.1019607,altitude,0.0010569095611572266
1739232513.102112,altitude,0.0012519359588623047
1739232514.1023204,altitude,0.0011930465698242188
1739232514.102357,altitude,0.0011935234069824219
1739232515.1113045,altitude,0.0012030601501464844
1739232515.1113033,altitude,0.0011143684387207031
1739232516.1155899,altitude,0.0012202262878417969
1739232516.1156056,altitude,0.0012202262878417969
1739232517.1204844,altitude,0.0025556087493896484
1739232517.1207032,altitude,0.0025482177734375
1739232518.1253107,altitude,0.002485990524291992
1739232518.125489,altitude,0.002719879150390625
1739232519.127983,altitude,0.0016832351684570312
1739232519.127983,altitude,0.0015358924865722656
1739232520.1315315,altitude,0.001018524169921875
1739232520.1316862,altitude,0.0012433528900146484
1739232521.134128,altitude,0.001087188720703125
1739232521.1342132,altitude,0.0011625289916992188
1739232522.1359966,altitude,0.0009362697601318359
1739232522.136085,altitude,0.0009913444519042969
1739232523.1613054,altitude,0.0014090538024902344
1739232523.1613412,altitude,0.0015339851379394531
1739232524.1969337,altitude,0.0020058155059814453
1739232524.196981,altitude,0.0018398761749267578
1739232525.1961396,altitude,0.0012776851654052734
1739232525.1961777,altitude,0.00131988525390625
1739232526.2072768,altitude,0.003943443298339844
1739232526.2069643,altitude,0.0038671493530273438
1739232527.2052436,altitude,0.0010528564453125
1739232527.2052662,altitude,0.0011205673217773438
1739232528.2100115,altitude,0.00127410888671875
1739232528.2103872,altitude,0.0013337135314941406
1739232529.2237046,altitude,0.0040378570556640625
1739232529.2237046,altitude,0.004010438919067383
1739232530.2232924,altitude,0.00341033935546875
1739232530.223447,altitude,0.0032160282135009766
1739232531.222152,altitude,0.0022780895233154297
1739232531.2222126,altitude,0.0024194717407226562
1739232532.2190533,altitude,0.0009474754333496094
1739232532.2190537,altitude,0.0009479522705078125
1739232533.2213197,altitude,0.0011067390441894531
1739232533.2213197,altitude,0.0011851787567138672
1739232534.232426,altitude,0.003975629806518555
1739232534.232585,altitude,0.004272937774658203
1739232535.2688475,altitude,0.0012040138244628906
1739232535.2690628,altitude,0.0012788772583007812
1739232536.2697709,altitude,0.0010216236114501953
1739232536.2697923,altitude,0.0010216236114501953
1739232537.2709007,altitude,0.0014452934265136719
1739232537.2709508,altitude,0.0013973712921142578
1739232538.271107,altitude,0.001081705093383789
1739232538.2711062,altitude,0.0010025501251220703
1739232539.2728806,altitude,0.0013327598571777344
1739232539.2728906,altitude,0.0013592243194580078
1739232538.8083367,altitude,0.0010762214660644531
1739232538.8083882,altitude,0.0011568069458007812
1739232539.8152277,altitude,0.003305673599243164
1739232540.8087966,altitude,0.0008950233459472656
