1743124369.728705,altitude,0.17255210876464844
1743124370.7303107,altitude,0.17373180389404297
1743124371.7329822,altitude,0.1749579906463623
1743124372.734681,altitude,0.17540264129638672
1743124373.7357304,altitude,0.17542815208435059
1743124374.737018,altitude,0.17595624923706055
1743124375.7386348,altitude,0.17572927474975586
1743124376.7402725,altitude,0.17651844024658203
1743124377.7413108,altitude,0.17565035820007324
1743124378.7426178,altitude,0.17545151710510254
1743124379.744262,altitude,0.1759932041168213
1743124380.745424,altitude,0.17656755447387695
1743124381.746915,altitude,0.17650771141052246
1743124382.7490647,altitude,0.17705106735229492
1743124383.7502818,altitude,0.1776108741760254
1743124384.7513807,altitude,0.17722535133361816
1743124385.7532957,altitude,0.1773667335510254
1743124386.7558527,altitude,0.1786799430847168
1743124387.7573123,altitude,0.17859148979187012
1743124388.7586715,altitude,0.17810606956481934
1743124389.7600722,altitude,0.17847442626953125
1743124390.761585,altitude,0.17882990837097168
1743124391.7641184,altitude,0.18027853965759277
1743124392.7659376,altitude,0.18140149116516113
1743124393.767657,altitude,0.18236875534057617
1743124394.7704275,altitude,0.1844654083251953
1743124395.7726157,altitude,0.18608856201171875
1743124396.7749686,altitude,0.18577885627746582
1743124397.776168,altitude,0.18595266342163086
1743124398.7780423,altitude,0.18686962127685547
1743124399.7797942,altitude,0.1881272792816162
1743124400.783246,altitude,0.19080376625061035
1743124401.022278,altitude,0.4298670291900635
1743124401.7843852,altitude,0.19048142433166504
1743124402.023769,altitude,0.42985987663269043
1743124402.785909,altitude,0.19108080863952637
1743124403.0251703,altitude,0.4303932189941406
1743124403.789276,altitude,0.19306659698486328
1743124404.0272298,altitude,0.43096160888671875
1743124404.790511,altitude,0.19049835205078125
1743124405.0283775,altitude,0.42835068702697754
1743124405.7921212,altitude,0.19027161598205566
1743124406.0296755,altitude,0.42780566215515137
1743124406.7945344,altitude,0.19196319580078125
1743124407.0311368,altitude,0.42856454849243164
1743124407.7965128,altitude,0.19181466102600098
1743124408.0331423,altitude,0.4283866882324219
1743124408.798479,altitude,0.19264650344848633
1743124409.0343108,altitude,0.4285423755645752
1743124409.8004563,altitude,0.19307374954223633
1743124410.035915,altitude,0.42847299575805664
1743124410.802774,altitude,0.19425344467163086
1743124411.0376449,altitude,0.42908644676208496
1743124411.8042214,altitude,0.1948866844177246
1743124412.0390055,altitude,0.42963123321533203
1743124412.805557,altitude,0.19417691230773926
1743124413.0402787,altitude,0.4288017749786377
1743124413.8070767,altitude,0.19353556632995605
1743124414.0419886,altitude,0.4285159111022949
1743124414.8083732,altitude,0.1940445899963379
1743124415.043473,altitude,0.42900562286376953
1743124415.809403,altitude,0.1942901611328125
1743124416.0472164,altitude,0.4320790767669678
1743124416.810428,altitude,0.19446897506713867
1743124417.0497756,altitude,0.4337935447692871
1743124417.8117685,altitude,0.1922159194946289
1743124418.051922,altitude,0.43235158920288086
1743124418.8133016,altitude,0.1930086612701416
1743124419.053613,altitude,0.4329512119293213
1743124419.8143508,altitude,0.18909716606140137
1743124420.055368,altitude,0.4301009178161621
1743124420.8154013,altitude,0.18784379959106445
1743124421.0565321,altitude,0.4289867877960205
1743124421.8169465,altitude,0.18801569938659668
1743124422.0580642,altitude,0.42909979820251465
1743124422.8183641,altitude,0.18703961372375488
1743124423.0600765,altitude,0.42862772941589355
1743124423.8195693,altitude,0.18683719635009766
1743124424.0612743,altitude,0.4286057949066162
1743124424.8206081,altitude,0.18543457984924316
1743124425.0621204,altitude,0.42695045471191406
1743124425.8220356,altitude,0.18577027320861816
1743124426.065157,altitude,0.42871737480163574
1743124426.8240335,altitude,0.18404483795166016
1743124427.066659,altitude,0.4267613887786865
1743124427.8253393,altitude,0.1843557357788086
1743124428.067654,altitude,0.426680326461792
1743124428.826729,altitude,0.1850287914276123
1743124429.0684485,altitude,0.42683887481689453
1743124429.8289769,altitude,0.18627285957336426
1743124430.0697815,altitude,0.42717599868774414
1743124430.8314126,altitude,0.18740129470825195
1743124431.0726335,altitude,0.4286181926727295
1743124431.8334508,altitude,0.18837761878967285
1743124432.0749676,altitude,0.42983579635620117
1743124432.835,altitude,0.18918085098266602
1743124433.0761223,altitude,0.4303774833679199
1743124433.836631,altitude,0.18950223922729492
1743124434.0791206,altitude,0.43198680877685547
1743124434.8381963,altitude,0.19026780128479004
1743124435.0819762,altitude,0.4339582920074463
1743124435.840055,altitude,0.19112491607666016
1743124436.0833964,altitude,0.4343593120574951
1743124436.842428,altitude,0.19236302375793457
1743124437.0852711,altitude,0.4351656436920166
1743124437.8444526,altitude,0.1936657428741455
1743124438.0872335,altitude,0.43645524978637695
1743124438.8466969,altitude,0.19375324249267578
1743124439.0886912,altitude,0.4357903003692627
1743124439.8484042,altitude,0.19488024711608887
1743124440.0902445,altitude,0.43677496910095215
1743124440.849712,altitude,0.1955106258392334
1743124441.0916789,altitude,0.43744683265686035
1743124441.8510306,altitude,0.19478297233581543
1743124442.0929012,altitude,0.43668699264526367
1743124442.8527243,altitude,0.1955857276916504
1743124443.0945244,altitude,0.4373948574066162
1743124443.8543766,altitude,0.19617652893066406
1743124444.0958717,altitude,0.4376528263092041
1743124444.8555589,altitude,0.19627881050109863
1743124445.0968747,altitude,0.4376051425933838
1743124445.857391,altitude,0.19752192497253418
1743124446.0981624,altitude,0.43824005126953125
1743124446.8593426,altitude,0.19873642921447754
1743124447.099606,altitude,0.4390256404876709
1743124447.861351,altitude,0.19956302642822266
1743124448.1012764,altitude,0.43946385383605957
1743124448.86344,altitude,0.20058894157409668
1743124449.1027613,altitude,0.43998098373413086
1743124449.865272,altitude,0.2009415626525879
1743124450.1041772,altitude,0.4398365020751953
1743124450.8664024,altitude,0.20133590698242188
1743124451.10614,altitude,0.44071221351623535
1743124451.8685453,altitude,0.20267534255981445
1743124452.1078384,altitude,0.44202542304992676
1743124452.8705995,altitude,0.20204925537109375
1743124453.109085,altitude,0.4405815601348877
1743124453.8720582,altitude,0.2016456127166748
1743124454.1102378,altitude,0.43987345695495605
1743124454.8744338,altitude,0.20279788970947266
1743124455.1114087,altitude,0.4398322105407715
1743124455.8758879,altitude,0.20342731475830078
1743124456.112467,altitude,0.44008469581604004
1743124456.877311,altitude,0.20347356796264648
1743124457.1135275,altitude,0.4396648406982422
1743124457.8787153,altitude,0.2038710117340088
1743124458.1155677,altitude,0.44055843353271484
1743124458.8806238,altitude,0.20513534545898438
1743124459.1181867,altitude,0.44269824028015137
1743124459.882707,altitude,0.20631957054138184
1743124460.1201892,altitude,0.44381284713745117
1743124460.8846283,altitude,0.20748138427734375
1743124461.1214805,altitude,0.44437742233276367
1743124461.8866773,altitude,0.20913243293762207
1743124462.123677,altitude,0.4460761547088623
1743124462.8886702,altitude,0.2102680206298828
1743124463.1249952,altitude,0.44654059410095215
1743124463.8904305,altitude,0.20953750610351562
1743124464.1262612,altitude,0.44545984268188477
1743124464.8919065,altitude,0.20973801612854004
1743124465.1272745,altitude,0.4451711177825928
1743124465.8942628,altitude,0.2110576629638672
1743124466.1284008,altitude,0.44522786140441895
1743124466.8960278,altitude,0.21170330047607422
1743124467.1294615,altitude,0.4452190399169922
1743124467.897221,altitude,0.21182560920715332
1743124468.130415,altitude,0.44502735137939453
1743124468.8989446,altitude,0.21173882484436035
1743124469.131498,altitude,0.44434428215026855
1743124469.90116,altitude,0.21282124519348145
1743124470.1324303,altitude,0.44413113594055176
1743124470.9023538,altitude,0.21311306953430176
1743124471.1339965,altitude,0.44469594955444336
1743124471.90343,altitude,0.21367645263671875
1743124472.1361647,altitude,0.44640660285949707
1743124472.9046354,altitude,0.21116399765014648
1743124473.1372633,altitude,0.44385290145874023
1743124473.9071536,altitude,0.21258831024169922
1743124474.1384103,altitude,0.4439725875854492
1743124474.909033,altitude,0.21379637718200684
1743124475.13972,altitude,0.4445762634277344
1743124475.9108818,altitude,0.21387290954589844
1743124476.1409295,altitude,0.4438469409942627
1743124476.9129028,altitude,0.21535801887512207
1743124477.1432154,altitude,0.4457385540008545
1743124477.9162042,altitude,0.21805834770202637
1743124478.1443813,altitude,0.4463047981262207
1743124478.9185889,altitude,0.21946167945861816
1743124479.146303,altitude,0.4471766948699951
1743124479.9210923,altitude,0.2209782600402832
1743124480.1474655,altitude,0.44748878479003906
1743124480.9232223,altitude,0.2222154140472412
1743124481.1487103,altitude,0.44780492782592773
1743124481.9251027,altitude,0.22308826446533203
1743124482.1503794,altitude,0.44872045516967773
1743124482.9274476,altitude,0.22495675086975098
1743124483.1514258,altitude,0.4489443302154541
1743124483.9305866,altitude,0.2273271083831787
1743124484.152453,altitude,0.44926929473876953
1743124484.9333758,altitude,0.22907590866088867
1743124485.153559,altitude,0.44931817054748535
1743124485.934933,altitude,0.22956442832946777
1743124486.155128,altitude,0.44978833198547363
1743124486.9390354,altitude,0.2326807975769043
1743124487.1569324,altitude,0.45058679580688477
1743124487.9403024,altitude,0.2332291603088379
1743124488.1584883,altitude,0.45142197608947754
1743124488.9414446,altitude,0.2337191104888916
1743124489.160713,altitude,0.45301008224487305
1743124489.9433205,altitude,0.2351078987121582
1743124490.1624453,altitude,0.4542098045349121
1743124490.9450073,altitude,0.23595285415649414
1743124491.1642675,altitude,0.45530080795288086
1743124491.946924,altitude,0.23697328567504883
1743124492.1661592,altitude,0.4561746120452881
1743124492.9486136,altitude,0.23783516883850098
1743124493.167662,altitude,0.4568910598754883
1743124493.949655,altitude,0.23797035217285156
1743124494.1712327,altitude,0.4595673084259033
1743124494.9508693,altitude,0.23769474029541016
1743124495.1722598,altitude,0.45916128158569336
1743124495.9544559,altitude,0.24045848846435547
1743124496.1733227,altitude,0.4594912528991699
1743124496.9565349,altitude,0.24199295043945312
1743124497.1749632,altitude,0.4603147506713867
1743124497.9583158,altitude,0.242781400680542
1743124498.1772761,altitude,0.46181654930114746
1743124498.9595242,altitude,0.24309086799621582
1743124499.1792421,altitude,0.4628114700317383
1743124499.9608939,altitude,0.24305200576782227
1743124500.1812828,altitude,0.4635348320007324
1743124500.963392,altitude,0.24463391304016113
1743124501.182528,altitude,0.46392250061035156
1743124501.965176,altitude,0.2455449104309082
1743124502.1838815,altitude,0.464263916015625
1743124502.9667659,altitude,0.24648642539978027
1743124503.1847022,altitude,0.4644911289215088
1743124503.9682589,altitude,0.2473740577697754
1743124504.1863928,altitude,0.4655306339263916
1743124504.970244,altitude,0.24879240989685059
1743124505.1881497,altitude,0.46672964096069336
1743124505.9715412,altitude,0.24929475784301758
1743124506.1894915,altitude,0.4671778678894043
1743124506.9734557,altitude,0.2497706413269043
1743124507.1913939,altitude,0.4677398204803467
1743124507.9756548,altitude,0.2490220069885254
1743124508.1926994,altitude,0.4660656452178955
1743124508.9770947,altitude,0.24920272827148438
1743124509.193994,altitude,0.4660930633544922
1743124509.978963,altitude,0.24984312057495117
1743124510.1959102,altitude,0.4665539264678955
1743124510.9802687,altitude,0.24802851676940918
1743124511.1974435,altitude,0.46511220932006836
1743124511.9827976,altitude,0.24727487564086914
1743124512.1991732,altitude,0.4634113311767578
1743124512.9840019,altitude,0.24529790878295898
1743124513.200442,altitude,0.4618527889251709
1743124513.9858541,altitude,0.24616408348083496
1743124514.201597,altitude,0.46201491355895996
1743124514.9889889,altitude,0.24860858917236328
1743124515.20357,altitude,0.4633002281188965
1743124515.9907594,altitude,0.24950933456420898
1743124516.2051065,altitude,0.4638049602508545
1743124516.9923558,altitude,0.24782776832580566
1743124517.2070036,altitude,0.4624941349029541
1743124517.9936075,altitude,0.24734759330749512
1743124518.2083573,altitude,0.4621849060058594
1743124518.996027,altitude,0.24873137474060059
1743124519.2095852,altitude,0.4623863697052002
1743124519.9977913,altitude,0.24668431282043457
1743124520.2113178,altitude,0.4601466655731201
1743124520.999173,altitude,0.24538493156433105
1743124521.2136185,altitude,0.4598855972290039
1743124522.0003693,altitude,0.24495768547058105
1743124522.215567,altitude,0.46008801460266113
1743124523.001599,altitude,0.24520587921142578
1743124523.2167099,altitude,0.4602997303009033
1743124524.0032218,altitude,0.24613380432128906
1743124524.2182028,altitude,0.46106815338134766
1743124525.0060425,altitude,0.24682402610778809
1743124525.2210503,altitude,0.46126532554626465
1743124526.0093765,altitude,0.24718999862670898
1743124526.2229116,altitude,0.46067190170288086
1743124527.0113523,altitude,0.24855780601501465
1743124527.2253673,altitude,0.46256542205810547
1743124528.0124397,altitude,0.24831080436706543
1743124528.226915,altitude,0.4627645015716553
1743124529.0134764,altitude,0.24840855598449707
1743124529.2277086,altitude,0.46270155906677246
1743124530.0162845,altitude,0.25061917304992676
1743124530.229501,altitude,0.46380186080932617
1743124531.0187,altitude,0.2514045238494873
1743124531.231996,altitude,0.4646942615509033
1743124532.0200903,altitude,0.25092291831970215
1743124532.2339268,altitude,0.4647042751312256
1743124533.022719,altitude,0.2525675296783447
1743124533.2352257,altitude,0.46517348289489746
1743124534.0244758,altitude,0.25229406356811523
1743124534.2371585,altitude,0.4649336338043213
1743124535.0272782,altitude,0.2540905475616455
1743124535.2395632,altitude,0.46636033058166504
1743124536.0282736,altitude,0.2541060447692871
1743124536.24153,altitude,0.46719813346862793
1743124537.0293512,altitude,0.2542705535888672
1743124537.2430823,altitude,0.46800899505615234
1743124538.031051,altitude,0.25539445877075195
1743124538.244729,altitude,0.4691493511199951
1743124539.0338552,altitude,0.25734782218933105
1743124539.2457073,altitude,0.4694504737854004
1743124540.038017,altitude,0.2608511447906494
1743124540.246941,altitude,0.4696991443634033
1743124541.0399985,altitude,0.2623140811920166
1743124541.248772,altitude,0.4711904525756836
1743124542.042126,altitude,0.26389074325561523
1743124542.2501845,altitude,0.4716510772705078
1743124543.0435417,altitude,0.26441335678100586
1743124543.2518487,altitude,0.4726693630218506
1743124544.0454473,altitude,0.2652618885040283
1743124544.2544913,altitude,0.474123477935791
1743124545.0510914,altitude,0.2692265510559082
1743124545.256469,altitude,0.47467660903930664
1743124546.0533638,altitude,0.2696535587310791
1743124546.258501,altitude,0.47479867935180664
1743124547.0562565,altitude,0.27109527587890625
1743124547.259995,altitude,0.4747171401977539
1743124548.057975,altitude,0.2712898254394531
1743124548.2619245,altitude,0.47525453567504883
1743124549.0592694,altitude,0.2720146179199219
1743124549.265366,altitude,0.47811317443847656
1743124550.0626607,altitude,0.27457427978515625
1743124550.2664952,altitude,0.4784128665924072
1743124551.0649083,altitude,0.27607107162475586
1743124551.2684882,altitude,0.47971248626708984
1743124552.068458,altitude,0.2789764404296875
1743124552.270714,altitude,0.4812760353088379
1743124553.071652,altitude,0.2795870304107666
1743124553.2719352,altitude,0.47998476028442383
1743124554.0729213,altitude,0.2792174816131592
1743124554.273531,altitude,0.4797806739807129
1743124555.0745778,altitude,0.2786598205566406
1743124555.276286,altitude,0.48033714294433594
1743124556.0757847,altitude,0.2787907123565674
1743124556.278242,altitude,0.48125720024108887
1743124557.0771558,altitude,0.2794950008392334
1743124557.2795322,altitude,0.48192262649536133
1743124558.079747,altitude,0.28041768074035645
1743124558.2822168,altitude,0.48290157318115234
1743124559.0821676,altitude,0.2816798686981201
1743124559.2848783,altitude,0.4842522144317627
1743124560.0847611,altitude,0.2825605869293213
1743124560.2872264,altitude,0.48511266708374023
1743124561.0874734,altitude,0.2843739986419678
1743124561.2889214,altitude,0.48580193519592285
1743124562.0884812,altitude,0.2838609218597412
1743124562.2906494,altitude,0.4860196113586426
1743124563.0894415,altitude,0.2832765579223633
1743124563.2926648,altitude,0.4865117073059082
1743124564.0903392,altitude,0.28271985054016113
1743124564.2943308,altitude,0.48641371726989746
1743124565.0914154,altitude,0.2826671600341797
1743124565.2960875,altitude,0.4872453212738037
1743124566.0924256,altitude,0.28200435638427734
1743124566.297566,altitude,0.48712825775146484
1743124567.0933335,altitude,0.281630277633667
1743124567.2994893,altitude,0.48778820037841797
1743124568.0955617,altitude,0.28215932846069336
1743124568.3014176,altitude,0.48807597160339355
1743124569.0972373,altitude,0.28325843811035156
1743124569.3044057,altitude,0.4904308319091797
1743124570.098771,altitude,0.2831997871398926
1743124570.3078742,altitude,0.49231553077697754
1743124571.101348,altitude,0.2849087715148926
1743124571.3093908,altitude,0.4930901527404785
1743124572.1025012,altitude,0.2852799892425537
1743124572.3111024,altitude,0.4937164783477783
1743124573.1034775,altitude,0.2848508358001709
1743124573.312628,altitude,0.4939713478088379
1743124574.1044612,altitude,0.28474855422973633
1743124574.3156047,altitude,0.4958810806274414
1743124575.1056292,altitude,0.28530287742614746
1743124575.3171759,altitude,0.49685239791870117
1743124576.1067576,altitude,0.2822856903076172
1743124576.319467,altitude,0.49473094940185547
1743124577.108527,altitude,0.2826807498931885
1743124577.321227,altitude,0.4954237937927246
1743124578.1120803,altitude,0.2853119373321533
1743124578.3241453,altitude,0.49735045433044434
1743124579.114466,altitude,0.2852044105529785
1743124579.3269434,altitude,0.4975922107696533
1743124580.1155899,altitude,0.28455328941345215
1743124580.3285854,altitude,0.4974985122680664
1743124581.1196325,altitude,0.28792667388916016
1743124581.3317575,altitude,0.5000755786895752
1743124582.1209931,altitude,0.2876451015472412
1743124582.3331647,altitude,0.49981021881103516
1743124583.1227653,altitude,0.2881639003753662
1743124583.335277,altitude,0.5006883144378662
1743124584.1246982,altitude,0.2885615825653076
1743124584.3366728,altitude,0.5005171298980713
1743124585.1260066,altitude,0.28687429428100586
1743124585.338423,altitude,0.4992990493774414
1743124586.127901,altitude,0.2878098487854004
1743124586.3397942,altitude,0.4997241497039795
1743124587.1303163,altitude,0.28955984115600586
1743124587.3428009,altitude,0.5020012855529785
1743124588.131342,altitude,0.28989648818969727
1743124588.3445857,altitude,0.5030982494354248
1743124589.1326919,altitude,0.29027295112609863
1743124589.346609,altitude,0.5041770935058594
1743124590.134179,altitude,0.29114818572998047
1743124590.3491354,altitude,0.5060153007507324
1743124591.136225,altitude,0.2924613952636719
1743124591.35106,altitude,0.5072262287139893
1743124592.1380503,altitude,0.29370760917663574
1743124592.3541017,altitude,0.5097050666809082
1743124593.1400962,altitude,0.29526352882385254
1743124593.3572724,altitude,0.5123727321624756
1743124594.1415808,altitude,0.29605650901794434
1743124594.3597527,altitude,0.5142180919647217
1743124595.1436675,altitude,0.29706668853759766
1743124595.3616333,altitude,0.5149528980255127
1743124596.1447165,altitude,0.2959930896759033
1743124596.363625,altitude,0.5148367881774902
1743124597.1458669,altitude,0.29648256301879883
1743124597.3655453,altitude,0.51613450050354
1743124598.1471555,altitude,0.2968101501464844
1743124598.3680828,altitude,0.5177962779998779
1743124599.1481686,altitude,0.29588937759399414
1743124599.371079,altitude,0.518669605255127
1743124600.1497326,altitude,0.2966148853302002
1743124600.3731747,altitude,0.520043134689331
1743124601.151277,altitude,0.2974209785461426
1743124601.3750966,altitude,0.5212142467498779
1743124602.1522522,altitude,0.29784059524536133
1743124602.3767633,altitude,0.5222487449645996
1743124603.1536458,altitude,0.2984151840209961
1743124603.3780947,altitude,0.5228250026702881
1743124604.1556547,altitude,0.2994120121002197
1743124604.3798904,altitude,0.5236058235168457
1743124605.1570184,altitude,0.29976654052734375
1743124605.3811588,altitude,0.5239596366882324
1743124606.1595716,altitude,0.3018224239349365
1743124606.382395,altitude,0.5247092247009277
1743124607.1617372,altitude,0.30289554595947266
1743124607.3841238,altitude,0.5252830982208252
1743124608.163453,altitude,0.30390024185180664
1743124608.385873,altitude,0.5262067317962646
1743124609.165395,altitude,0.3051869869232178
1743124609.3875625,altitude,0.5274050235748291
1743124610.1665547,altitude,0.3059549331665039
1743124610.3889556,altitude,0.5282590389251709
1743124611.1684885,altitude,0.30734825134277344
1743124611.389989,altitude,0.5288481712341309
1743124612.1706333,altitude,0.3085825443267822
1743124612.3934875,altitude,0.5314395427703857
1743124613.1725502,altitude,0.30944156646728516
1743124613.395293,altitude,0.5322587490081787
1743124614.1736863,altitude,0.30987071990966797
1743124614.3970308,altitude,0.5330495834350586
1743124615.1766613,altitude,0.3114495277404785
1743124615.3995597,altitude,0.5344493389129639
1743124616.178315,altitude,0.3123292922973633
1743124616.4014766,altitude,0.5354471206665039
1743124617.1795099,altitude,0.3126821517944336
1743124617.4036634,altitude,0.5369143486022949
1743124618.180595,altitude,0.3131699562072754
1743124618.405154,altitude,0.5377740859985352
1743124619.1832848,altitude,0.3150489330291748
1743124619.4066343,altitude,0.5384712219238281
1743124620.1857789,altitude,0.3168013095855713
1743124620.4087641,altitude,0.5397863388061523
1743124621.1878004,altitude,0.31760668754577637
1743124621.4108489,altitude,0.5404722690582275
1743124622.1900141,altitude,0.3189098834991455
1743124622.4130652,altitude,0.5421841144561768
1743124623.191447,altitude,0.3197464942932129
1743124623.414992,altitude,0.5431342124938965
1743124624.193883,altitude,0.3213784694671631
1743124624.418113,altitude,0.5455207824707031
1743124625.1969743,altitude,0.32375335693359375
1743124625.420742,altitude,0.547537088394165
1743124626.1993737,altitude,0.3256809711456299
1743124626.4226983,altitude,0.5491116046905518
1743124627.2011814,altitude,0.32621002197265625
1743124627.4243345,altitude,0.5493836402893066
1743124628.2034895,altitude,0.327747106552124
1743124628.425443,altitude,0.5497598648071289
1743124629.2057762,altitude,0.32911133766174316
1743124629.4265945,altitude,0.550119161605835
1743124630.207795,altitude,0.33057093620300293
1743124630.4280226,altitude,0.5507798194885254
1743124631.2090232,altitude,0.3309824466705322
1743124631.43022,altitude,0.5522727966308594
1743124632.2110262,altitude,0.33206725120544434
1743124632.4317808,altitude,0.5529224872589111
1743124633.2134213,altitude,0.33383750915527344
1743124633.432877,altitude,0.5534262657165527
1743124634.2167292,altitude,0.3360755443572998
1743124634.4339106,altitude,0.5531916618347168
1743124635.2187295,altitude,0.3366718292236328
1743124635.4361918,altitude,0.5541107654571533
1743124636.221282,altitude,0.3385746479034424
1743124636.4388456,altitude,0.5562436580657959
1743124637.224879,altitude,0.3415963649749756
1743124637.4411254,altitude,0.5577318668365479
1743124638.226622,altitude,0.3415706157684326
1743124638.4432087,altitude,0.5582075119018555
1743124639.2276378,altitude,0.34148502349853516
1743124639.4452913,altitude,0.5590493679046631
1743124640.229596,altitude,0.34268975257873535
1743124640.4472919,altitude,0.5603892803192139
1743124641.2316914,altitude,0.34398770332336426
1743124641.449079,altitude,0.5613493919372559
1743124642.234435,altitude,0.3456847667694092
1743124642.452103,altitude,0.5633490085601807
1743124643.2355323,altitude,0.34600114822387695
1743124643.4538703,altitude,0.5641825199127197
1743124644.2373936,altitude,0.34725189208984375
1743124644.456405,altitude,0.566171407699585
1743124645.239241,altitude,0.3483400344848633
1743124645.4586618,altitude,0.5677289962768555
1743124646.2405143,altitude,0.34876418113708496
1743124646.460208,altitude,0.5684468746185303
1743124647.242745,altitude,0.35009074211120605
1743124647.4639056,altitude,0.5711939334869385
1743124648.2451143,altitude,0.35137224197387695
1743124648.464987,altitude,0.5712523460388184
1743124649.24669,altitude,0.35146379470825195
1743124649.4675744,altitude,0.5721991062164307
1743124650.2494392,altitude,0.35314345359802246
1743124650.4712615,altitude,0.5750539302825928
1743124651.2519011,altitude,0.35491085052490234
1743124651.4761162,altitude,0.5791115760803223
1743124652.2544053,altitude,0.35649824142456055
1743124652.4788928,altitude,0.5808413028717041
1743124653.2564147,altitude,0.35729122161865234
1743124653.4799585,altitude,0.5809378623962402
1743124654.2582958,altitude,0.3580334186553955
1743124654.4812129,altitude,0.5809061527252197
1743124655.2612464,altitude,0.3600888252258301
1743124655.4855125,altitude,0.5841782093048096
1743124656.2629995,altitude,0.3611643314361572
1743124656.490026,altitude,0.5881199836730957
1743124657.2645526,altitude,0.361785888671875
1743124657.4928763,altitude,0.5900146961212158
1743124658.2659125,altitude,0.36206650733947754
1743124658.494312,altitude,0.5905537605285645
1743124659.2673192,altitude,0.36246609687805176
1743124659.4953418,altitude,0.5904979705810547
1743124660.2694314,altitude,0.36333513259887695
1743124660.4979808,altitude,0.5916311740875244
1743124661.271253,altitude,0.36389899253845215
1743124661.5005193,altitude,0.5931181907653809
1743124662.2747097,altitude,0.36643505096435547
1743124662.5017607,altitude,0.5935676097869873
1743124663.2761989,altitude,0.36731457710266113
1743124663.5033436,altitude,0.5945956707000732
1743124664.2789025,altitude,0.36939382553100586
1743124664.5041945,altitude,0.5947673320770264
1743124665.2831976,altitude,0.3731505870819092
1743124665.5066023,altitude,0.5965726375579834
1743124666.2874484,altitude,0.37604594230651855
1743124666.5094411,altitude,0.597991943359375
1743124667.2913687,altitude,0.3790762424468994
1743124667.5128448,altitude,0.6001710891723633
1743124668.2935157,altitude,0.38034677505493164
1743124668.5162404,altitude,0.6031830310821533
1743124669.2985072,altitude,0.3835127353668213
1743124669.5175185,altitude,0.6025583744049072
1743124670.3013818,altitude,0.3858296871185303
1743124670.5191796,altitude,0.6035432815551758
1743124671.3047233,altitude,0.3882787227630615
1743124671.521351,altitude,0.6048476696014404
1743124672.3065748,altitude,0.3891177177429199
1743124672.5246341,altitude,0.6071369647979736
1743124673.3105354,altitude,0.3917539119720459
1743124673.525884,altitude,0.6071078777313232
1743124674.3117516,altitude,0.39053988456726074
1743124674.5278563,altitude,0.606602668762207
1743124675.3132517,altitude,0.39101624488830566
1743124675.531251,altitude,0.6089906692504883
1743124676.3150172,altitude,0.3921656608581543
1743124676.5333328,altitude,0.6105315685272217
1743124677.3175244,altitude,0.394028902053833
1743124677.536905,altitude,0.6133522987365723
1743124678.3201966,altitude,0.3961143493652344
1743124678.5378277,altitude,0.6139078140258789
1743124679.322605,altitude,0.3979458808898926
1743124679.5395765,altitude,0.6149842739105225
1743124680.324432,altitude,0.3991725444793701
1743124680.542355,altitude,0.6172010898590088
1743124681.3267245,altitude,0.4008622169494629
1743124681.544126,altitude,0.6183571815490723
1743124682.328753,altitude,0.4021873474121094
1743124682.5460384,altitude,0.6194968223571777
1743124683.331558,altitude,0.403853178024292
1743124683.5471134,altitude,0.6194612979888916
1743124684.3396666,altitude,0.41126298904418945
1743124684.5480268,altitude,0.6195871829986572
1743124685.3414466,altitude,0.41233277320861816
1743124685.5493438,altitude,0.6202898025512695
1743124686.3435295,altitude,0.4137580394744873
1743124686.5518398,altitude,0.621990442276001
1743124687.3452318,altitude,0.4140937328338623
1743124687.553764,altitude,0.6225776672363281
1743124688.3510373,altitude,0.4187953472137451
1743124688.5551045,altitude,0.6229920387268066
1743124689.356076,altitude,0.42238402366638184
1743124689.5559316,altitude,0.6223323345184326
1743124690.357711,altitude,0.42261743545532227
1743124690.5601735,altitude,0.625037431716919
1743124691.3607213,altitude,0.4244835376739502
1743124691.561255,altitude,0.6250791549682617
1743124692.36333,altitude,0.4266085624694824
1743124692.5623827,altitude,0.6256637573242188
1743124693.3681746,altitude,0.4291572570800781
1743124693.563775,altitude,0.6247456073760986
1743124694.3717756,altitude,0.4313356876373291
1743124694.565485,altitude,0.6250803470611572
1743124695.3737721,altitude,0.432680606842041
1743124695.566928,altitude,0.6255145072937012
1743124696.377284,altitude,0.43471622467041016
1743124696.568547,altitude,0.6259658336639404
1743124697.3813033,altitude,0.43743467330932617
1743124697.571282,altitude,0.6274216175079346
1743124698.3844645,altitude,0.4394688606262207
1743124698.5722084,altitude,0.6272437572479248
1743124699.3855035,altitude,0.43926143646240234
1743124699.5737007,altitude,0.6273493766784668
1743124700.3943143,altitude,0.445833683013916
1743124700.57812,altitude,0.6296520233154297
1743124701.397705,altitude,0.44858336448669434
1743124701.5793412,altitude,0.6302554607391357
1743124702.4001253,altitude,0.4493262767791748
1743124702.580374,altitude,0.6295583248138428
1743124703.401869,altitude,0.44965052604675293
1743124703.5814545,altitude,0.62933349609375
1743124704.4032378,altitude,0.44955968856811523
1743124704.5825202,altitude,0.6287679672241211
1743124705.4046116,altitude,0.4503183364868164
1743124705.5852866,altitude,0.6309995651245117
1743124706.4061258,altitude,0.45131802558898926
1743124706.5865712,altitude,0.6317415237426758
1743124707.408308,altitude,0.45255088806152344
1743124707.5899673,altitude,0.6342148780822754
1743124708.4094298,altitude,0.45290470123291016
1743124708.5912519,altitude,0.6347086429595947
1743124709.412615,altitude,0.45548272132873535
1743124709.5930378,altitude,0.6359667778015137
1743124710.4143896,altitude,0.4546506404876709
1743124710.5944502,altitude,0.6347177028656006
1743124711.4173203,altitude,0.4567101001739502
1743124711.5967767,altitude,0.6356287002563477
1743124712.4223561,altitude,0.4611344337463379
1743124712.5986335,altitude,0.6374778747558594
1743124713.4245057,altitude,0.46173691749572754
1743124713.60001,altitude,0.6372098922729492
1743124714.4280686,altitude,0.46446943283081055
1743124714.601864,altitude,0.6383566856384277
1743124715.430263,altitude,0.4656848907470703
1743124715.603492,altitude,0.6390249729156494
1743124716.4319844,altitude,0.4657738208770752
1743124716.6050117,altitude,0.6387741565704346
1743124717.434354,altitude,0.4657857418060303
1743124717.6066628,altitude,0.638117790222168
1743124718.4354198,altitude,0.4648714065551758
1743124718.6077158,altitude,0.6370759010314941
1743124719.4367495,altitude,0.46447253227233887
1743124719.6094162,altitude,0.6372201442718506
1743124720.438985,altitude,0.466111421585083
1743124720.6109073,altitude,0.6380615234375
1743124721.4404852,altitude,0.46713972091674805
1743124721.6120608,altitude,0.638697624206543
1743124722.4435792,altitude,0.46843981742858887
1743124722.6134446,altitude,0.638317346572876
1743124723.445267,altitude,0.4681971073150635
1743124723.6147437,altitude,0.637566089630127
1743124724.4465065,altitude,0.4662511348724365
1743124724.6166239,altitude,0.6362810134887695
1743124725.449343,altitude,0.4671823978424072
1743124725.6185677,altitude,0.6363503932952881
1743124726.4514112,altitude,0.468461275100708
1743124726.6206272,altitude,0.6376147270202637
1743124727.4531178,altitude,0.46947503089904785
1743124727.6225102,altitude,0.6388914585113525
1743124728.4541922,altitude,0.4698903560638428
1743124728.6244967,altitude,0.6398544311523438
1743124729.4573147,altitude,0.47069549560546875
1743124729.6264956,altitude,0.6398570537567139
1743124730.4603603,altitude,0.4727354049682617
1743124730.628144,altitude,0.6405749320983887
1743124731.4621,altitude,0.472930908203125
1743124731.629438,altitude,0.6402461528778076
1743124732.4672253,altitude,0.47652626037597656
1743124732.631037,altitude,0.640265941619873
1743124733.4694629,altitude,0.4778001308441162
1743124733.6323826,altitude,0.6410009860992432
1743124734.4736423,altitude,0.48145079612731934
1743124734.633963,altitude,0.6416609287261963
1743124735.475633,altitude,0.48146510124206543
1743124735.635206,altitude,0.6411104202270508
1743124736.4771352,altitude,0.48145008087158203
1743124736.636557,altitude,0.6408865451812744
1743124737.4793344,altitude,0.48158717155456543
1743124737.6375363,altitude,0.6397712230682373
1743124738.480374,altitude,0.4783601760864258
1743124738.6387382,altitude,0.6365604400634766
1743124739.4813666,altitude,0.477139949798584
1743124739.640075,altitude,0.6358387470245361
1743124740.4880555,altitude,0.4804410934448242
1743124740.641386,altitude,0.63385009765625
1743124741.4891498,altitude,0.479870080947876
1743124741.6423755,altitude,0.6331753730773926
1743124742.4906142,altitude,0.4806246757507324
1743124742.643606,altitude,0.6335079669952393
1743124743.4917889,altitude,0.4785728454589844
1743124743.6449575,altitude,0.6316220760345459
1743124744.4934888,altitude,0.477419376373291
1743124744.6464725,altitude,0.630500078201294
1743124745.4952447,altitude,0.47859883308410645
1743124745.6474235,altitude,0.6307344436645508
1743124746.49766,altitude,0.4740316867828369
1743124746.6484559,altitude,0.624922513961792
1743124747.5019414,altitude,0.47693371772766113
1743124747.6494021,altitude,0.6245672702789307
1743124748.5039644,altitude,0.47776126861572266
1743124748.6509855,altitude,0.6247682571411133
1743124749.5058928,altitude,0.47869300842285156
1743124749.652166,altitude,0.6250336170196533
1743124750.508978,altitude,0.48128199577331543
1743124750.6555002,altitude,0.6275992393493652
1743124751.5105267,altitude,0.4814000129699707
1743124751.6582959,altitude,0.6291036605834961
1743124752.5132518,altitude,0.4831666946411133
1743124752.6599288,altitude,0.6297287940979004
1743124753.516275,altitude,0.4845426082611084
1743124753.661788,altitude,0.6299443244934082
1743124754.5176673,altitude,0.4820888042449951
1743124754.6632109,altitude,0.6277859210968018
1743124755.5199683,altitude,0.48241639137268066
1743124755.6643908,altitude,0.6268324851989746
1743124756.5211961,altitude,0.4824380874633789
1743124756.6671088,altitude,0.6282479763031006
1743124757.5233316,altitude,0.483858585357666
1743124757.6696923,altitude,0.6302368640899658
1743124758.5242026,altitude,0.4821145534515381
1743124758.6723297,altitude,0.6301529407501221
1743124759.5253718,altitude,0.47516465187072754
1743124759.6733532,altitude,0.6230745315551758
1743124760.5264487,altitude,0.4749166965484619
1743124760.6764746,altitude,0.6249635219573975
1743124761.5282516,altitude,0.4750385284423828
1743124761.6775463,altitude,0.6243135929107666
1743124762.5303524,altitude,0.4752187728881836
1743124762.6785522,altitude,0.623445987701416
1743124763.5312505,altitude,0.4756174087524414
1743124763.6810486,altitude,0.6252849102020264
1743124764.5330992,altitude,0.4759557247161865
1743124764.6834111,altitude,0.6263227462768555
1743124765.5369709,altitude,0.4790050983428955
1743124765.6853676,altitude,0.6274173259735107
1743124766.538317,altitude,0.47968220710754395
1743124766.6876233,altitude,0.6289918422698975
1743124767.540159,altitude,0.47939562797546387
1743124767.6894376,altitude,0.6286177635192871
1743124768.5419466,altitude,0.48041319847106934
1743124768.6938663,altitude,0.6322367191314697
1743124769.5443287,altitude,0.4817805290222168
1743124769.6955895,altitude,0.6330280303955078
1743124770.5463316,altitude,0.48256397247314453
1743124770.6969755,altitude,0.6332228183746338
1743124771.5483508,altitude,0.48287200927734375
1743124771.6979167,altitude,0.6324033737182617
1743124772.549473,altitude,0.4830620288848877
1743124772.7015355,altitude,0.6350224018096924
1743124773.5503058,altitude,0.4808337688446045
1743124773.7036598,altitude,0.6341578960418701
1743124774.5514688,altitude,0.4813416004180908
1743124774.7050838,altitude,0.6348633766174316
1743124775.5531359,altitude,0.4819920063018799
1743124775.706594,altitude,0.6355135440826416
1743124776.555468,altitude,0.48172497749328613
1743124776.7094421,altitude,0.6356966495513916
1743124777.5584915,altitude,0.4833073616027832
1743124777.711041,altitude,0.6357898712158203
1743124778.5597377,altitude,0.48136115074157715
1743124778.7122598,altitude,0.6338744163513184
1743124779.5617058,altitude,0.4828457832336426
1743124779.7136066,altitude,0.6346549987792969
1743124780.5651402,altitude,0.48497653007507324
1743124780.7147477,altitude,0.6345095634460449
1743124781.5666783,altitude,0.48530030250549316
1743124781.7171874,altitude,0.6357464790344238
1743124782.5691211,altitude,0.4867384433746338
1743124782.718679,altitude,0.6363251209259033
1743124783.5716224,altitude,0.488480806350708
1743124783.719918,altitude,0.6367056369781494
1743124784.573339,altitude,0.48972034454345703
1743124784.7213192,altitude,0.6376588344573975
1743124785.5747597,altitude,0.48969602584838867
1743124785.7225904,altitude,0.6375970840454102
1743124786.5771024,altitude,0.49117350578308105
1743124786.7246084,altitude,0.6387331485748291
1743124787.5797672,altitude,0.49060702323913574
1743124787.7270095,altitude,0.6378190517425537
1743124788.581387,altitude,0.49103760719299316
1743124788.72835,altitude,0.6382067203521729
1743124789.5822835,altitude,0.4912571907043457
1743124789.7296712,altitude,0.6385865211486816
1743124790.58323,altitude,0.4914536476135254
1743124790.7311032,altitude,0.6393828392028809
1743124791.5842335,altitude,0.49186182022094727
1743124791.7321503,altitude,0.639796257019043
1743124792.5852458,altitude,0.4913930892944336
1743124792.7341943,altitude,0.6402754783630371
1743124793.586258,altitude,0.4895784854888916
1743124793.7362573,altitude,0.6395518779754639
1743124794.5872278,altitude,0.489016056060791
1743124794.7377925,altitude,0.6394569873809814
1743124795.589999,altitude,0.490872859954834
1743124795.740043,altitude,0.6409845352172852
1743124796.592935,altitude,0.49311113357543945
1743124796.7407913,altitude,0.6411211490631104
1743124797.594673,altitude,0.492342472076416
1743124797.7432206,altitude,0.6408824920654297
1743124798.5963206,altitude,0.49315977096557617
1743124798.744514,altitude,0.641376256942749
1743124799.5973606,altitude,0.4937126636505127
1743124799.7481487,altitude,0.6441426277160645
1743124800.5984678,altitude,0.49320554733276367
1743124800.7499506,altitude,0.6446750164031982
1743124801.599595,altitude,0.4938225746154785
1743124801.7508879,altitude,0.6450915336608887
1743124802.6013763,altitude,0.4935777187347412
1743124802.7519712,altitude,0.644167423248291
1743124803.6044908,altitude,0.49538612365722656
1743124803.7533352,altitude,0.6443648338317871
1743124804.60672,altitude,0.4969749450683594
1743124804.7547357,altitude,0.6451315879821777
1743124805.608695,altitude,0.4970266819000244
1743124805.7562196,altitude,0.6446242332458496
1743124806.6107411,altitude,0.4983341693878174
1743124806.757696,altitude,0.6453413963317871
1743124807.6128607,altitude,0.49985456466674805
1743124807.7607067,altitude,0.6476449966430664
1743124808.6146429,altitude,0.500429630279541
1743124808.7622933,altitude,0.6480638980865479
1743124809.6167037,altitude,0.5015847682952881
1743124809.763924,altitude,0.6487951278686523
1743124810.6185465,altitude,0.5025968551635742
1743124810.765242,altitude,0.6492924690246582
1743124811.6211798,altitude,0.5042531490325928
1743124811.7670937,altitude,0.6500420570373535
1743124812.6230521,altitude,0.5046091079711914
1743124812.77001,altitude,0.65152907371521
1743124813.62479,altitude,0.5050880908966064
1743124813.7734206,altitude,0.6537303924560547
1743124814.6282082,altitude,0.5076274871826172
1743124814.7757921,altitude,0.6553728580474854
1743124815.6314707,altitude,0.5102353096008301
1743124815.7782195,altitude,0.6570205688476562
1743124816.6342778,altitude,0.5123353004455566
1743124816.7804604,altitude,0.6586360931396484
1743124817.6363525,altitude,0.513481616973877
1743124817.7818599,altitude,0.6590967178344727
1743124818.639287,altitude,0.5142850875854492
1743124818.7856364,altitude,0.6605522632598877
1743124819.6404736,altitude,0.5149095058441162
1743124819.7875166,altitude,0.6619420051574707
1743124820.6416254,altitude,0.515155553817749
1743124820.7889452,altitude,0.6624627113342285
1743124821.6436684,altitude,0.5160801410675049
1743124821.7915378,altitude,0.6640105247497559
1743124822.6461546,altitude,0.5170390605926514
1743124822.7935154,altitude,0.6643834114074707
1743124823.647988,altitude,0.5179455280303955
1743124823.7954614,altitude,0.665557861328125
1743124824.6513176,altitude,0.5206553936004639
1743124824.797913,altitude,0.6671841144561768
1743124825.6540675,altitude,0.5225710868835449
1743124825.7997468,altitude,0.6685318946838379
1743124826.6572256,altitude,0.5241513252258301
1743124826.802059,altitude,0.6689603328704834
1743124827.658328,altitude,0.5245175361633301
1743124827.804165,altitude,0.6702573299407959
1743124828.6601799,altitude,0.5256686210632324
1743124828.8065557,altitude,0.6720037460327148
1743124829.662342,altitude,0.5269365310668945
1743124829.8085012,altitude,0.6729660034179688
1743124830.665684,altitude,0.5294349193572998
1743124830.8115091,altitude,0.6752238273620605
1743124831.6683168,altitude,0.5314526557922363
1743124831.8134792,altitude,0.6765880584716797
1743124832.671278,altitude,0.533679723739624
1743124832.8161676,altitude,0.6786041259765625
1743124833.6738875,altitude,0.5355329513549805
1743124833.817964,altitude,0.6796364784240723
1743124834.6767755,altitude,0.5377607345581055
1743124834.8201182,altitude,0.6813032627105713
1743124835.6784744,altitude,0.5389518737792969
1743124835.8221252,altitude,0.6826093196868896
1743124836.6807647,altitude,0.5405089855194092
1743124836.8240638,altitude,0.6837971210479736
1743124837.6822236,altitude,0.5401661396026611
1743124837.8265254,altitude,0.6846258640289307
1743124838.6847095,altitude,0.541327953338623
1743124838.8290563,altitude,0.6856949329376221
1743124839.6870115,altitude,0.5424497127532959
1743124839.8304121,altitude,0.6859025955200195
1743124840.68817,altitude,0.5429410934448242
1743124840.8322473,altitude,0.6869862079620361
1743124841.6907628,altitude,0.5439369678497314
1743124841.8342824,altitude,0.6874079704284668
1743124842.6928988,altitude,0.5453522205352783
1743124842.838435,altitude,0.690948486328125
1743124843.6961305,altitude,0.5471935272216797
1743124843.8407423,altitude,0.6919398307800293
1743124844.6984253,altitude,0.5490028858184814
1743124844.8433323,altitude,0.6939489841461182
1743124845.7013376,altitude,0.5512278079986572
1743124845.8456068,altitude,0.6954307556152344
1743124846.7029703,altitude,0.5520803928375244
1743124846.8479648,altitude,0.6970770359039307
1743124847.7046025,altitude,0.5530011653900146
1743124847.8510938,altitude,0.6993627548217773
1743124848.7061474,altitude,0.5513896942138672
1743124848.852693,altitude,0.697972297668457
1743124849.7083309,altitude,0.5512580871582031
1743124849.855916,altitude,0.6987812519073486
1743124850.7100983,altitude,0.5524463653564453
1743124850.859667,altitude,0.7020204067230225
1743124851.7115433,altitude,0.5502369403839111
1743124851.8635423,altitude,0.7022390365600586
1743124852.713152,altitude,0.5500268936157227
1743124852.8650239,altitude,0.7017908096313477
1743124853.7140167,altitude,0.5498723983764648
1743124853.8662732,altitude,0.7021148204803467
1743124854.717061,altitude,0.5509321689605713
1743124854.8685782,altitude,0.7034642696380615
1743124855.7191272,altitude,0.5533678531646729
1743124855.870774,altitude,0.7049546241760254
1743124856.721469,altitude,0.5545392036437988
1743124856.8735547,altitude,0.7065958976745605
1743124857.7225041,altitude,0.5528016090393066
1743124857.876004,altitude,0.7062053680419922
1743124858.7236295,altitude,0.5530097484588623
1743124858.878944,altitude,0.7081477642059326
1743124859.7246413,altitude,0.5514681339263916
1743124859.8802857,altitude,0.7071018218994141
1743124860.7255638,altitude,0.5518341064453125
1743124860.8816724,altitude,0.7077505588531494
1743124861.7270758,altitude,0.5518038272857666
1743124861.883536,altitude,0.7082743644714355
1743124862.7284107,altitude,0.5512635707855225
1743124862.887663,altitude,0.7096819877624512
1743124863.730214,altitude,0.5513143539428711
1743124863.8898573,altitude,0.7108001708984375
1743124864.7323592,altitude,0.5512094497680664
1743124864.8920512,altitude,0.7109074592590332
1743124865.7333875,altitude,0.5512430667877197
1743124865.8961275,altitude,0.7139089107513428
1743124866.734374,altitude,0.5501961708068848
1743124866.8990011,altitude,0.7147114276885986
1743124867.7354035,altitude,0.5503184795379639
1743124867.9000242,altitude,0.714862585067749
1743124868.7367475,altitude,0.5501956939697266
1743124868.9013364,altitude,0.7147688865661621
1743124869.7388504,altitude,0.5505979061126709
1743124869.902573,altitude,0.7144730091094971
1743124870.7401316,altitude,0.5512189865112305
1743124870.9038675,altitude,0.7148406505584717
1743124871.7407982,altitude,0.5508089065551758
1743124871.9052227,altitude,0.7149202823638916
1743124872.7428997,altitude,0.5512382984161377
1743124872.9065588,altitude,0.7149045467376709
1743124873.7439206,altitude,0.5487017631530762
1743124873.910273,altitude,0.7150387763977051
1743124874.744996,altitude,0.5491340160369873
1743124874.911566,altitude,0.715874195098877
1743124875.7459185,altitude,0.5487480163574219
1743124875.9136975,altitude,0.7165095806121826
1743124876.7467625,altitude,0.5485713481903076
1743124876.917083,altitude,0.7188169956207275
1743124877.748436,altitude,0.5492169857025146
1743124877.9203193,altitude,0.7210977077484131
1743124878.7504284,altitude,0.5482017993927002
1743124878.9225984,altitude,0.7203676700592041
1743124879.7514558,altitude,0.5485172271728516
1743124879.9237258,altitude,0.7208461761474609
1743124880.7530284,altitude,0.548302173614502
1743124880.9243672,altitude,0.7198061943054199
1743124881.7548468,altitude,0.5490622520446777
1743124881.9271445,altitude,0.7214932441711426
1743124882.7564192,altitude,0.5501995086669922
1743124882.931428,altitude,0.7251975536346436
1743124883.7574496,altitude,0.5499680042266846
1743124883.9365368,altitude,0.7290165424346924
1743124884.7591136,altitude,0.5495553016662598
1743124884.93835,altitude,0.7293925285339355
1743124885.7615125,altitude,0.5513522624969482
1743124885.9399993,altitude,0.7297732830047607
1743124886.762466,altitude,0.5516629219055176
1743124886.9412346,altitude,0.7303290367126465
1743124887.7642088,altitude,0.5513629913330078
1743124887.9444363,altitude,0.731564998626709
1743124888.7655566,altitude,0.5509676933288574
1743124888.9456763,altitude,0.7311012744903564
1743124889.7672014,altitude,0.5504791736602783
1743124889.9484284,altitude,0.731804609298706
1743124890.7692108,altitude,0.550999641418457
1743124890.9500933,altitude,0.7318873405456543
1743124891.7706046,altitude,0.5514135360717773
1743124891.9521093,altitude,0.732882022857666
1743124892.7721918,altitude,0.551398515701294
1743124892.9537098,altitude,0.7329580783843994
1743124893.7734258,altitude,0.5508739948272705
1743124893.9558976,altitude,0.7332935333251953
1743124894.7746181,altitude,0.5515012741088867
1743124894.9576526,altitude,0.7344722747802734
1743124895.775916,altitude,0.5512101650238037
1743124895.9591138,altitude,0.734506368637085
1743124896.7771885,altitude,0.5512592792510986
1743124896.9609072,altitude,0.7348847389221191
1743124897.7784307,altitude,0.5513720512390137
1743124897.9625876,altitude,0.7354710102081299
1743124898.7799158,altitude,0.5521538257598877
1743124898.964764,altitude,0.7371339797973633
1743124899.7816675,altitude,0.5507993698120117
1743124899.9669511,altitude,0.7360520362854004
1743124900.782946,altitude,0.5511245727539062
1743124900.9686089,altitude,0.7367262840270996
1743124901.7840288,altitude,0.5514013767242432
1743124901.973275,altitude,0.7406280040740967
1743124902.7851539,altitude,0.5512819290161133
1743124902.9754436,altitude,0.7414588928222656
1743124903.7862985,altitude,0.5518746376037598
1743124903.9790354,altitude,0.7445003986358643
1743124904.7879546,altitude,0.5496745109558105
1743124904.981042,altitude,0.7427959442138672
1743124905.790977,altitude,0.5511558055877686
1743124905.982952,altitude,0.7433023452758789
1743124906.7934115,altitude,0.5517160892486572
1743124906.9844346,altitude,0.742717981338501
1743124907.7953677,altitude,0.55269455909729
1743124907.987988,altitude,0.7452306747436523
1743124908.7964818,altitude,0.5532941818237305
1743124908.9907134,altitude,0.7473688125610352
1743124909.798975,altitude,0.5552265644073486
1743124909.9923725,altitude,0.7487249374389648
1743124910.8020782,altitude,0.5569117069244385
1743124910.9944913,altitude,0.7493524551391602
1743124911.8034515,altitude,0.556797981262207
1743124911.9973643,altitude,0.7506885528564453
1743124912.805594,altitude,0.5562105178833008
1743124912.998794,altitude,0.7494783401489258
1743124913.811498,altitude,0.5609931945800781
1743124914.0054593,altitude,0.7549307346343994
1743124914.8126621,altitude,0.5612609386444092
1743124915.0067055,altitude,0.7552359104156494
1743124915.8136187,altitude,0.5614590644836426
1743124916.0106325,altitude,0.7583985328674316
1743124916.8172474,altitude,0.5629589557647705
1743124917.012622,altitude,0.7583045959472656
1743124917.8273246,altitude,0.5713143348693848
1743124918.0144613,altitude,0.7584583759307861
1743124918.8291383,altitude,0.5714929103851318
1743124919.016283,altitude,0.7586369514465332
1743124919.8309937,altitude,0.5727925300598145
1743124920.0196147,altitude,0.761296272277832
1743124920.8319633,altitude,0.5716044902801514
1743124921.0219038,altitude,0.7615087032318115
1743124921.8333764,altitude,0.5675771236419678
1743124922.023442,altitude,0.7578756809234619
1743124922.8348582,altitude,0.567277193069458
1743124923.0246205,altitude,0.7572910785675049
1743124923.8371418,altitude,0.5689780712127686
1743124924.0268989,altitude,0.758903980255127
1743124924.8384845,altitude,0.5700504779815674
1743124925.02874,altitude,0.7602717876434326
1743124925.8398798,altitude,0.5679717063903809
1743124926.034092,altitude,0.7620186805725098
1743124926.840921,altitude,0.5663454532623291
1743124927.036236,altitude,0.7617199420928955
1743124927.8419607,altitude,0.5637321472167969
1743124928.0377636,altitude,0.759610652923584
1743124928.8434162,altitude,0.5646193027496338
1743124929.0393403,altitude,0.760554313659668
1743124929.8451204,altitude,0.5631215572357178
1743124930.0406518,altitude,0.7589099407196045
1743124930.8493307,altitude,0.566962480545044
1743124931.0452313,altitude,0.7626709938049316
1743124931.8510787,altitude,0.5667991638183594
1743124932.0465498,altitude,0.7622747421264648
1743124932.8527765,altitude,0.5676050186157227
1743124933.0485647,altitude,0.7633469104766846
1743124933.8541512,altitude,0.5683495998382568
1743124934.0499556,altitude,0.7641785144805908
1743124934.8557587,altitude,0.5696237087249756
1743124935.0519545,altitude,0.7657735347747803
1743124935.8568914,altitude,0.568152666091919
1743124936.0537944,altitude,0.7650387287139893
1743124936.8581622,altitude,0.5679657459259033
1743124937.0565796,altitude,0.7662928104400635
1743124937.8592904,altitude,0.5680272579193115
1743124938.0592322,altitude,0.7679946422576904
1743124938.8617418,altitude,0.5699687004089355
1743124939.0608923,altitude,0.7689547538757324
1743124939.863762,altitude,0.5710716247558594
1743124940.062036,altitude,0.7693417072296143
1743124940.8652408,altitude,0.5711097717285156
1743124941.0630178,altitude,0.7688086032867432
1743124941.8677728,altitude,0.572516679763794
1743124942.066466,altitude,0.7711968421936035
1743124942.8702307,altitude,0.5739834308624268
1743124943.0688713,altitude,0.7725598812103271
1743124943.8716948,altitude,0.5741379261016846
1743124944.0702853,altitude,0.7727019786834717
1743124944.8732698,altitude,0.5751819610595703
1743124945.0723245,altitude,0.7742066383361816
1743124945.8749382,altitude,0.5756173133850098
1743124946.0736554,altitude,0.774479866027832
1743124946.8765125,altitude,0.5753333568572998
1743124947.075475,altitude,0.7742793560028076
1743124947.8775737,altitude,0.5754399299621582
1743124948.0769854,altitude,0.7748832702636719
1743124948.8799245,altitude,0.575993537902832
1743124949.078373,altitude,0.77447509765625
1743124949.8817909,altitude,0.5768294334411621
1743124950.0800762,altitude,0.7750849723815918
1743124950.883743,altitude,0.5779240131378174
1743124951.0817513,altitude,0.7758715152740479
1743124951.8857648,altitude,0.5787172317504883
1743124952.083859,altitude,0.7758793830871582
1743124952.8876102,altitude,0.5794107913970947
1743124953.0863132,altitude,0.7780942916870117
1743124953.8887403,altitude,0.578549861907959
1743124954.0881062,altitude,0.777712345123291
1743124954.8896427,altitude,0.5787777900695801
1743124955.0893083,altitude,0.7783913612365723
1743124955.8906465,altitude,0.5792903900146484
1743124956.0909102,altitude,0.7795069217681885
1743124956.894365,altitude,0.5820775032043457
1743124957.092402,altitude,0.7801265716552734
1743124957.8987556,altitude,0.5845766067504883
1743124958.0956683,altitude,0.781489372253418
1743124958.9005592,altitude,0.5848984718322754
1743124959.0969162,altitude,0.7812190055847168
1743124959.9028618,altitude,0.5861456394195557
1743124960.0980375,altitude,0.7813644409179688
1743124960.9062927,altitude,0.5890846252441406
1743124961.1002991,altitude,0.7831480503082275
1743124961.9084673,altitude,0.5884184837341309
1743124962.1015503,altitude,0.7815866470336914
1743124962.9108002,altitude,0.5894005298614502
1743124963.1030357,altitude,0.7816216945648193
1743124963.9136794,altitude,0.5898997783660889
1743124964.1053295,altitude,0.7815089225769043
1743124964.91476,altitude,0.5894138813018799
1743124965.1076417,altitude,0.7822372913360596
1743124965.9161863,altitude,0.5899536609649658
1743124966.1095684,altitude,0.7833349704742432
1743124966.9176695,altitude,0.5891237258911133
1743124967.1111188,altitude,0.7825703620910645
1743124967.9192812,altitude,0.5886728763580322
1743124968.112354,altitude,0.781712532043457
1743124968.9206085,altitude,0.5871067047119141
1743124969.11353,altitude,0.7800517082214355
1743124969.9216073,altitude,0.5865488052368164
1743124970.1167772,altitude,0.781574010848999
1743124970.9231915,altitude,0.5834074020385742
1743124971.1184342,altitude,0.7786428928375244
1743124971.9249146,altitude,0.5843009948730469
1743124972.1203105,altitude,0.7796897888183594
1743124972.926943,altitude,0.5851984024047852
1743124973.1217666,altitude,0.7800858020782471
1743124973.9288983,altitude,0.5857775211334229
1743124974.1230404,altitude,0.7799727916717529
1743124974.9341934,altitude,0.588036298751831
1743124975.124719,altitude,0.7784297466278076
1743124975.9363692,altitude,0.5891075134277344
1743124976.1262617,altitude,0.7790067195892334
1743124976.9384284,altitude,0.5875322818756104
1743124977.1276143,altitude,0.7766635417938232
1743124977.940664,altitude,0.587395429611206
1743124978.1290894,altitude,0.7758162021636963
1743124978.9433484,altitude,0.5892343521118164
1743124979.1303005,altitude,0.7761821746826172
1743124979.94487,altitude,0.5884003639221191
1743124980.1314254,altitude,0.7749190330505371
1743124980.945766,altitude,0.5886423587799072
1743124981.133615,altitude,0.776357889175415
1743124981.9475737,altitude,0.5876474380493164
1743124982.1353807,altitude,0.7754619121551514
1743124982.9501364,altitude,0.587698221206665
1743124983.136638,altitude,0.7741580009460449
1743124983.9517663,altitude,0.5854811668395996
1743124984.1384997,altitude,0.7721614837646484
1743124984.9543936,altitude,0.5869123935699463
1743124985.1408734,altitude,0.7732710838317871
1743124985.9553702,altitude,0.5872402191162109
1743124986.1423638,altitude,0.7742266654968262
1743124986.9563386,altitude,0.5862247943878174
1743124987.1436665,altitude,0.7735629081726074
1743124987.9581475,altitude,0.5870428085327148
1743124988.1451607,altitude,0.7740590572357178
1743124988.960603,altitude,0.5868597030639648
1743124989.1465325,altitude,0.7728359699249268
1743124989.9634712,altitude,0.5886185169219971
1743124990.147673,altitude,0.7728712558746338
1743124990.964922,altitude,0.5877022743225098
1743124991.148704,altitude,0.7715449333190918
1743124991.9677353,altitude,0.5892853736877441
1743124992.1502793,altitude,0.7718262672424316
1743124992.9692063,altitude,0.5886785984039307
1743124993.1513927,altitude,0.7708759307861328
1743124993.9706354,altitude,0.5885703563690186
1743124994.1536522,altitude,0.7716526985168457
1743124994.9741156,altitude,0.5886163711547852
1743124995.1557245,altitude,0.7702438831329346
1743124995.976526,altitude,0.5900533199310303
1743124996.1574957,altitude,0.7710211277008057
1743124996.9786918,altitude,0.5883824825286865
1743124997.1597536,altitude,0.7695426940917969
1743124997.9823604,altitude,0.5908172130584717
1743124998.161683,altitude,0.7701201438903809
1743124998.9859324,altitude,0.59031081199646
1743124999.1636436,altitude,0.7681422233581543
1743124999.9885876,altitude,0.5893728733062744
1743125000.1654007,altitude,0.7661664485931396
1743125000.9913745,altitude,0.5890707969665527
1743125001.1679125,altitude,0.7655861377716064
1743125001.9931502,altitude,0.5878982543945312
1743125002.169281,altitude,0.7640306949615479
1743125002.9963715,altitude,0.589759111404419
1743125003.1702166,altitude,0.7636480331420898
1743125003.9998639,altitude,0.5895566940307617
1743125004.1724586,altitude,0.7621994018554688
1743125005.003208,altitude,0.5912446975708008
1743125005.1741185,altitude,0.7619941234588623
1743125006.0053213,altitude,0.5916340351104736
1743125006.1771686,altitude,0.7634570598602295
1743125007.0065818,altitude,0.5912313461303711
1743125007.1806784,altitude,0.7653799057006836
1743125008.008019,altitude,0.5908935070037842
1743125008.1841924,altitude,0.7671163082122803
1743125009.0091155,altitude,0.5906543731689453
1743125009.1876378,altitude,0.7691860198974609
1743125010.012035,altitude,0.5916643142700195
1743125010.189224,altitude,0.7688894271850586
1743125011.0150528,altitude,0.5930867195129395
1743125011.193436,altitude,0.7714848518371582
1743125012.018138,altitude,0.5955193042755127
1743125012.1944542,altitude,0.7718489170074463
1743125013.0196226,altitude,0.5954210758209229
1743125013.1979206,altitude,0.773681640625
1743125014.0209088,altitude,0.594688892364502
1743125014.2002974,altitude,0.7741286754608154
1743125015.0241225,altitude,0.5969395637512207
1743125015.201857,altitude,0.7746410369873047
1743125016.0252438,altitude,0.5961217880249023
1743125016.2049127,altitude,0.7754735946655273
1743125017.0270922,altitude,0.5931198596954346
1743125017.2069488,altitude,0.7729358673095703
1743125018.028408,altitude,0.5922689437866211
1743125018.208771,altitude,0.772601842880249
1743125019.032221,altitude,0.5948870182037354
1743125019.2110817,altitude,0.7736184597015381
1743125020.0364547,altitude,0.5982480049133301
1743125020.213768,altitude,0.7755513191223145
1743125021.0400689,altitude,0.5986359119415283
1743125021.2153492,altitude,0.7740428447723389
1743125022.0442233,altitude,0.6020567417144775
1743125022.216341,altitude,0.7741832733154297
1743125023.0485802,altitude,0.6054739952087402
1743125023.217365,altitude,0.7742512226104736
1743125024.0531435,altitude,0.6019611358642578
1743125024.2190032,altitude,0.767754316329956
1743125025.0565608,altitude,0.6013848781585693
1743125025.2211263,altitude,0.7659144401550293
1743125026.0585287,altitude,0.600722074508667
1743125026.2236307,altitude,0.7656190395355225
1743125027.0607579,altitude,0.6016950607299805
1743125027.2261727,altitude,0.7670671939849854
1743125028.063478,altitude,0.6026904582977295
1743125028.228103,altitude,0.7673771381378174
1743125029.0657272,altitude,0.60394287109375
1743125029.2298667,altitude,0.7680172920227051
1743125030.0703967,altitude,0.6061477661132812
1743125030.2311015,altitude,0.766831636428833
1743125031.0726793,altitude,0.6043107509613037
1743125031.2330453,altitude,0.7646260261535645
1743125032.0765386,altitude,0.6077475547790527
1743125032.2347531,altitude,0.7658994197845459
1743125033.0783694,altitude,0.6080782413482666
1743125033.2367148,altitude,0.7664082050323486
1743125034.0811272,altitude,0.6098711490631104
1743125034.2383919,altitude,0.7670736312866211
1743125035.0844195,altitude,0.6098902225494385
1743125035.2403278,altitude,0.7657325267791748
1743125036.08722,altitude,0.6109232902526855
1743125036.2421796,altitude,0.765852689743042
1743125037.0909064,altitude,0.6117990016937256
1743125037.2452993,altitude,0.7661421298980713
1743125038.0923276,altitude,0.6121120452880859
1743125038.2492504,altitude,0.7689783573150635
1743125039.0935862,altitude,0.6052234172821045
1743125039.2506273,altitude,0.7622008323669434
1743125040.0952287,altitude,0.6053249835968018
1743125040.2529666,altitude,0.763028621673584
1743125041.0977943,altitude,0.6073398590087891
1743125041.2549715,altitude,0.7643780708312988
1743125042.1013362,altitude,0.6094169616699219
1743125042.2567506,altitude,0.7647583484649658
1743125043.1029274,altitude,0.6101038455963135
1743125043.2581267,altitude,0.7653234004974365
1743125044.1066656,altitude,0.6113717555999756
1743125044.2602594,altitude,0.7648603916168213
1743125045.1084402,altitude,0.6105935573577881
1743125045.2618778,altitude,0.7639780044555664
1743125046.111267,altitude,0.612069845199585
1743125046.263329,altitude,0.7641353607177734
1743125047.113177,altitude,0.6120338439941406
1743125047.2645996,altitude,0.7633993625640869
1743125048.1149788,altitude,0.6128754615783691
1743125048.2662292,altitude,0.7641582489013672
1743125049.1162643,altitude,0.6121721267700195
1743125049.2677443,altitude,0.7635910511016846
1743125050.1172934,altitude,0.6118783950805664
1743125050.2690597,altitude,0.7635231018066406
1743125051.118672,altitude,0.6117143630981445
1743125051.2704887,altitude,0.7635300159454346
1743125052.1211045,altitude,0.6128926277160645
1743125052.271721,altitude,0.763519287109375
1743125053.1224077,altitude,0.6120872497558594
1743125053.2732244,altitude,0.7628328800201416
1743125054.1268315,altitude,0.6146240234375
1743125054.2756162,altitude,0.7632813453674316
1743125055.1332002,altitude,0.6202847957611084
1743125055.2830818,altitude,0.7678630352020264
1743125056.1351035,altitude,0.6200799942016602
1743125056.2843792,altitude,0.7693116664886475
1743125057.1363916,altitude,0.6204864978790283
1743125057.285928,altitude,0.7698485851287842
1743125058.137345,altitude,0.6206810474395752
1743125058.2877815,altitude,0.7711544036865234
1743125059.1401014,altitude,0.6222875118255615
1743125059.2887523,altitude,0.7710108757019043
1743125060.142214,altitude,0.623405933380127
1743125060.2901425,altitude,0.771209716796875
1743125061.1430507,altitude,0.6229846477508545
1743125061.2922256,altitude,0.772078275680542
1743125062.1456575,altitude,0.6223363876342773
1743125062.2936244,altitude,0.7703595161437988
1743125063.1477256,altitude,0.6218228340148926
1743125063.2952647,altitude,0.7694120407104492
1743125064.1514528,altitude,0.6247091293334961
1743125064.2975354,altitude,0.7708311080932617
1743125065.153924,altitude,0.6259987354278564
1743125065.298709,altitude,0.7707393169403076
1743125066.1588593,altitude,0.6290147304534912
1743125066.3008351,altitude,0.7708063125610352
1743125067.162704,altitude,0.632312536239624
1743125067.3025472,altitude,0.7721779346466064
1743125068.1657803,altitude,0.6337904930114746
1743125068.3035703,altitude,0.7716305255889893
1743125069.168465,altitude,0.6357736587524414
1743125069.304707,altitude,0.7720260620117188
1743125070.1693058,altitude,0.6358861923217773
1743125070.3060396,altitude,0.7724874019622803
1743125071.170766,altitude,0.6358261108398438
1743125071.3080475,altitude,0.7728652954101562
1743125072.1737554,altitude,0.6380336284637451
1743125072.3124561,altitude,0.7766768932342529
1743125073.177617,altitude,0.640800952911377
1743125073.314691,altitude,0.7778646945953369
1743125074.1794384,altitude,0.6413600444793701
1743125074.3163955,altitude,0.7783560752868652
1743125075.1803086,altitude,0.6402232646942139
1743125075.3180494,altitude,0.7778012752532959
1743125076.1823583,altitude,0.6413192749023438
1743125076.320656,altitude,0.7794444561004639
1743125077.1834128,altitude,0.6412181854248047
1743125077.3236394,altitude,0.781348466873169
1743125078.1843626,altitude,0.6379647254943848
1743125078.326502,altitude,0.7800276279449463
1743125079.1867492,altitude,0.6394810676574707
1743125079.3273787,altitude,0.7801938056945801
1743125080.1883492,altitude,0.6394457817077637
1743125080.32841,altitude,0.7795913219451904
1743125081.1917238,altitude,0.6416008472442627
1743125081.329482,altitude,0.7793183326721191
1743125082.1944761,altitude,0.6425633430480957
1743125083.1959171,altitude,0.6427586078643799
1743125084.1989458,altitude,0.6441206932067871
1743125085.2010229,altitude,0.6447300910949707
1743125086.2046607,altitude,0.6459131240844727
