1745585475.4999325,light,0.29379868507385254
1745585476.5008159,light,0.29425835609436035
1745585477.5015733,light,0.2943754196166992
1745585478.5026026,light,0.2938570976257324
1745585479.5035634,light,0.29331040382385254
1745585480.227713,humidity,0.3346073627471924
1745585480.5042634,light,0.2937624454498291
1745585481.2287257,humidity,0.33495521545410156
1745585481.5082057,light,0.29726362228393555
1745585482.2297864,humidity,0.3355119228363037
1745585482.508825,light,0.2973651885986328
1745585483.2306201,humidity,0.33588194847106934
1745585483.509485,light,0.29735326766967773
1745585484.231339,humidity,0.33601999282836914
1745585484.5105052,light,0.29772114753723145
1745585485.2320747,humidity,0.33634090423583984
1745585485.5111961,light,0.2981438636779785
1745585486.2328546,humidity,0.33658838272094727
1745585486.5120478,light,0.29854297637939453
1745585487.2339714,humidity,0.3371117115020752
1745585487.5126655,light,0.29842281341552734
1745585488.2347608,humidity,0.33753395080566406
1745585488.5132477,light,0.2981836795806885
1745585489.235801,humidity,0.3379859924316406
1745585489.5138912,light,0.29814791679382324
1745585490.236622,humidity,0.3385007381439209
1745585490.5149543,light,0.2982351779937744
1745585491.2372723,humidity,0.33866357803344727
1745585491.5159013,light,0.2987194061279297
1745585492.2381334,humidity,0.3388667106628418
1745585492.516544,light,0.2987194061279297
1745585493.2387438,humidity,0.33907604217529297
1745585493.5169973,light,0.29837608337402344
1745585494.2393537,humidity,0.33899569511413574
1745585494.5179398,light,0.298992395401001
1745585495.240104,humidity,0.3390841484069824
1745585495.5189612,light,0.29920291900634766
1745585496.0896316,weather,0.4459874629974365
1745585496.2408533,humidity,0.33940887451171875
1745585496.519971,light,0.29958295822143555
1745585497.090369,weather,0.4463326930999756
1745585497.2421951,humidity,0.3401656150817871
1745585497.5250921,light,0.3044278621673584
1745585498.0910857,weather,0.4465329647064209
1745585498.2428722,humidity,0.3400402069091797
1745585498.5257742,light,0.30451273918151855
1745585499.0918326,weather,0.44656872749328613
1745585499.2437015,humidity,0.34021687507629395
1745585499.5265102,light,0.30472731590270996
1745585500.0924883,weather,0.44660186767578125
1745585500.2448354,humidity,0.3405418395996094
1745585500.5273147,light,0.3047306537628174
1745585501.093547,weather,0.44696593284606934
1745585501.2458346,humidity,0.34106874465942383
1745585501.5093188,pressure,0.5415124893188477
1745585501.5279367,light,0.3050246238708496
1745585502.0969255,weather,0.45004844665527344
1745585502.248332,humidity,0.3432483673095703
1745585502.5099788,pressure,0.5418393611907959
1745585502.5308924,light,0.30714845657348633
1745585503.0982566,weather,0.45050883293151855
1745585503.2494097,humidity,0.34363770484924316
1745585503.5106921,pressure,0.5421388149261475
1745585503.532181,light,0.3077883720397949
1745585504.0988092,weather,0.4503967761993408
1745585504.2513328,humidity,0.34502196311950684
1745585504.5115666,pressure,0.5424561500549316
1745585504.5329986,light,0.30841875076293945
1745585505.0997536,weather,0.4504706859588623
1745585505.2521567,humidity,0.34549975395202637
1745585505.5130517,pressure,0.5431187152862549
1745585505.5338826,light,0.30867648124694824
1745585506.1004608,weather,0.45083045959472656
1745585506.2529109,humidity,0.34575557708740234
1745585506.5137205,pressure,0.5434842109680176
1745585506.5346222,light,0.308804988861084
1745585507.10116,weather,0.4511282444000244
1745585507.2538385,humidity,0.3460407257080078
1745585507.5145905,pressure,0.5436561107635498
1745585507.535375,light,0.30914735794067383
1745585508.1018975,weather,0.4514892101287842
1745585508.2545326,humidity,0.34641456604003906
1745585508.515522,pressure,0.5439550876617432
1745585508.5362456,light,0.3094325065612793
1745585509.1025922,weather,0.45183610916137695
1745585509.2553978,humidity,0.34680795669555664
1745585509.5161874,pressure,0.5442931652069092
1745585509.5369568,light,0.3096780776977539
1745585510.1041327,weather,0.4524965286254883
1745585510.2568438,humidity,0.34770774841308594
1745585510.517924,pressure,0.5454249382019043
1745585510.5381444,light,0.31037425994873047
1745585511.1048295,weather,0.4530599117279053
1745585511.2578337,humidity,0.3480401039123535
1745585511.5189235,pressure,0.5455241203308105
1745585511.5388424,light,0.31058764457702637
1745585512.1056757,weather,0.4531545639038086
1745585512.2585702,humidity,0.34816837310791016
1745585512.5196273,pressure,0.5459611415863037
1745585512.539643,light,0.3107109069824219
1745585513.1065197,weather,0.4535713195800781
1745585513.2596025,humidity,0.3485114574432373
1745585513.5218914,pressure,0.5477488040924072
1745585513.5405521,light,0.3112311363220215
1745585514.1071477,weather,0.4538004398345947
1745585514.2606535,humidity,0.3489353656768799
1745585514.5227714,pressure,0.5481300354003906
1745585514.5413687,light,0.3117964267730713
1745585515.107973,weather,0.45407581329345703
1745585515.261461,humidity,0.34921884536743164
1745585515.52352,pressure,0.5483715534210205
1745585515.5422263,light,0.3120615482330322
1745585516.1085396,weather,0.4526822566986084
1745585516.2621117,humidity,0.34751033782958984
1745585516.5250583,pressure,0.5492970943450928
1745585516.5431426,light,0.31216931343078613
1745585517.1090074,weather,0.45255589485168457
1745585517.2629576,humidity,0.3475310802459717
1745585517.5257783,pressure,0.5501246452331543
1745585517.5439086,light,0.3125331401824951
1745585518.109681,weather,0.45247697830200195
1745585518.263965,humidity,0.34796142578125
1745585518.5265646,pressure,0.5504333972930908
1745585518.5448494,light,0.31292200088500977
1745585519.1104646,weather,0.45157313346862793
1745585519.2648857,humidity,0.3478426933288574
1745585519.5274663,pressure,0.5506930351257324
1745585519.545936,light,0.3130989074707031
1745585520.111314,weather,0.4505913257598877
1745585520.2661586,humidity,0.3484623432159424
1745585520.528199,pressure,0.5510952472686768
1745585520.5472558,light,0.31358790397644043
1745585521.111973,weather,0.45084142684936523
1745585521.2672012,humidity,0.34825992584228516
1745585521.5291348,pressure,0.5513331890106201
1745585521.5480893,light,0.31380176544189453
1745585522.1126447,weather,0.4505915641784668
1745585522.2681706,humidity,0.3486344814300537
1745585522.5297794,pressure,0.5517754554748535
1745585522.5490458,light,0.31426167488098145
1745585523.1133296,weather,0.45045971870422363
1745585523.2688522,humidity,0.34881043434143066
1745585523.5308256,pressure,0.5518307685852051
1745585523.549949,light,0.3146803379058838
1745585524.1144652,weather,0.45095276832580566
1745585524.2698402,humidity,0.34901928901672363
1745585524.531701,pressure,0.5524344444274902
1745585524.5506883,light,0.31488800048828125
1745585525.1149788,weather,0.4493999481201172
1745585525.2705956,humidity,0.3493771553039551
1745585525.5325248,pressure,0.5525736808776855
1745585525.551826,light,0.3153388500213623
1745585526.1156967,weather,0.4497692584991455
1745585526.2716281,humidity,0.34975743293762207
1745585526.5341694,pressure,0.5533592700958252
1745585526.5528646,light,0.31559062004089355
1745585527.1164975,weather,0.4497392177581787
1745585527.2724955,humidity,0.3502771854400635
1745585527.5348554,pressure,0.5539488792419434
1745585527.5538392,light,0.3161327838897705
1745585528.117257,weather,0.4490940570831299
1745585528.2732763,humidity,0.35050463676452637
1745585528.5356688,pressure,0.5541484355926514
1745585528.554774,light,0.3167130947113037
1745585529.1179614,weather,0.44951796531677246
1745585529.2739007,humidity,0.350846529006958
1745585529.536548,pressure,0.5544569492340088
1745585529.5556436,light,0.3167238235473633
1745585530.118824,weather,0.4499337673187256
1745585530.275194,humidity,0.35131263732910156
1745585530.5375316,pressure,0.5548689365386963
1745585530.5564995,light,0.31720781326293945
1745585531.1193974,weather,0.4496629238128662
1745585531.2759602,humidity,0.3514978885650635
1745585531.5383058,pressure,0.5550589561462402
1745585531.5573459,light,0.31734251976013184
1745585532.1203284,weather,0.44902992248535156
1745585532.2771952,humidity,0.35187292098999023
1745585532.5390725,pressure,0.5553884506225586
1745585532.5580761,light,0.317751407623291
1745585533.1215215,weather,0.44933176040649414
1745585533.2787266,humidity,0.35298609733581543
1745585533.5398066,pressure,0.555741548538208
1745585533.5591683,light,0.3180267810821533
1745585534.1229694,weather,0.4505493640899658
1745585534.2793489,humidity,0.3532567024230957
1745585534.5410898,pressure,0.5564899444580078
1745585534.5604966,light,0.3186221122741699
1745585535.123741,weather,0.4507620334625244
1745585535.2802184,humidity,0.35327792167663574
1745585535.5420241,pressure,0.5569958686828613
1745585535.5612295,light,0.3185896873474121
1745585536.1247027,weather,0.4511559009552002
1745585536.280926,humidity,0.3527235984802246
1745585536.542656,pressure,0.5569748878479004
1745585536.5619652,light,0.3183865547180176
1745585537.1257043,weather,0.45186877250671387
1745585537.2815518,humidity,0.3525989055633545
1745585537.5432246,pressure,0.5569689273834229
1745585537.5629082,light,0.31862735748291016
1745585538.1266248,weather,0.4523191452026367
1745585538.2826276,humidity,0.35277581214904785
1745585538.5439901,pressure,0.5569782257080078
1745585538.5637326,light,0.3189074993133545
1745585539.1276639,weather,0.4526684284210205
1745585539.2834604,humidity,0.35298991203308105
1745585539.5448258,pressure,0.5573692321777344
1745585539.564468,light,0.3193058967590332
1745585540.1289985,weather,0.45325613021850586
1745585540.284963,humidity,0.3533923625946045
1745585540.5455866,pressure,0.5576419830322266
1745585540.5653021,light,0.3194262981414795
1745585541.1297667,weather,0.4538300037384033
1745585541.2857165,humidity,0.35350847244262695
1745585541.5462103,pressure,0.5575790405273438
1745585541.566041,light,0.31961703300476074
1745585542.1308808,weather,0.4539656639099121
1745585542.2865388,humidity,0.3537890911102295
1745585542.547016,pressure,0.5578067302703857
1745585542.5667562,light,0.3196873664855957
1745585543.1315792,weather,0.4543466567993164
1745585543.2879474,humidity,0.35463404655456543
1745585543.5483727,pressure,0.5586707592010498
1745585543.5695817,light,0.32187342643737793
1745585544.1368165,weather,0.4590780735015869
1745585544.2434046,sound,0.9881453514099121
1745585544.288704,humidity,0.3550422191619873
1745585544.5496843,pressure,0.5595600605010986
1745585544.5706606,light,0.32245779037475586
1745585545.1376712,weather,0.4590609073638916
1745585545.2442355,sound,0.9876010417938232
1745585545.289325,humidity,0.35457801818847656
1745585545.550599,pressure,0.5598609447479248
1745585545.5713732,light,0.3229713439941406
1745585546.1385636,weather,0.45932459831237793
1745585546.2450883,sound,0.9879183769226074
1745585546.289946,humidity,0.35456085205078125
1745585546.5518754,pressure,0.5606443881988525
1745585546.5720985,light,0.32317042350769043
1745585547.1392589,weather,0.4596850872039795
1745585547.2458055,sound,0.98807692527771
1745585547.2908401,humidity,0.3545701503753662
1745585547.55271,pressure,0.561046838760376
1745585547.5729253,light,0.32350993156433105
1745585548.1402721,weather,0.46012282371520996
1745585548.2468846,sound,0.9885110855102539
1745585548.2918901,humidity,0.35509324073791504
1745585548.5533643,pressure,0.5613296031951904
1745585548.573845,light,0.3238980770111084
1745585549.141184,weather,0.4605584144592285
1745585549.2475789,sound,0.9888615608215332
1745585549.2927797,humidity,0.35522007942199707
1745585549.5540974,pressure,0.5616343021392822
1745585549.5745735,light,0.32419681549072266
1745585550.1420536,weather,0.46103501319885254
1745585550.2487638,sound,0.9891190528869629
1745585550.293376,humidity,0.3549156188964844
1745585550.5558481,pressure,0.5626487731933594
1745585550.5752504,light,0.3231358528137207
1745585551.1431427,weather,0.4616367816925049
1745585551.2495127,sound,0.989509105682373
1745585551.2941837,humidity,0.3551952838897705
1745585551.5565238,pressure,0.5626547336578369
1745585551.5759494,light,0.3231379985809326
1745585552.1438215,weather,0.4618721008300781
1745585552.2503664,sound,0.989816427230835
1745585552.2949414,humidity,0.35507893562316895
1745585552.5572345,pressure,0.5629673004150391
1745585552.5768394,light,0.3234670162200928
1745585553.1446354,weather,0.4620394706726074
1745585553.2510307,sound,0.9901158809661865
1745585553.2957964,humidity,0.3553612232208252
1745585553.5580478,pressure,0.563300609588623
1745585553.5776927,light,0.32381510734558105
1745585554.1456246,weather,0.46235132217407227
1745585554.251766,sound,0.9904096126556396
1745585554.2970243,humidity,0.355881929397583
1745585554.5587897,pressure,0.5636088848114014
1745585554.5785494,light,0.32395100593566895
1745585555.1462858,weather,0.4627370834350586
1745585555.2525659,sound,0.9906177520751953
1745585555.2978296,humidity,0.35609960556030273
1745585555.5596855,pressure,0.5637826919555664
1745585555.5793304,light,0.324321985244751
1745585556.14713,weather,0.4629039764404297
1745585556.253294,sound,0.9905450344085693
1745585556.298517,humidity,0.35648488998413086
1745585556.560714,pressure,0.564178466796875
1745585556.580197,light,0.32480812072753906
1745585557.1478481,weather,0.4632582664489746
1745585557.2540927,sound,0.990755558013916
1745585557.2994764,humidity,0.3567030429840088
1745585557.561513,pressure,0.5618207454681396
1745585557.5808713,light,0.3245856761932373
1745585558.1486115,weather,0.46358799934387207
1745585558.2552931,sound,0.9913756847381592
1745585558.3003018,humidity,0.357252836227417
1745585558.562603,pressure,0.562551736831665
1745585558.581768,light,0.32480931282043457
1745585559.1492887,weather,0.4635312557220459
1745585559.2573884,sound,0.9926919937133789
1745585559.3011732,humidity,0.35741186141967773
1745585559.5633745,pressure,0.5625655651092529
1745585559.5826256,light,0.3252532482147217
1745585560.1502957,weather,0.4640316963195801
1745585560.2593832,sound,0.9927802085876465
1745585560.301955,humidity,0.35750579833984375
1745585560.5643547,pressure,0.5627305507659912
1745585560.583803,light,0.32523584365844727
1745585561.1511095,weather,0.46452784538269043
1745585561.2604027,sound,0.993943452835083
1745585561.3026357,humidity,0.3570139408111572
1745585561.5652902,pressure,0.5626678466796875
1745585561.5844903,light,0.3251502513885498
1745585562.151863,weather,0.4647061824798584
1745585562.2613049,sound,0.994060754776001
1745585562.3032646,humidity,0.3571453094482422
1745585562.5660987,pressure,0.5628504753112793
1745585562.585659,light,0.3254551887512207
1745585563.152577,weather,0.4647672176361084
1745585563.2621796,sound,0.9946680068969727
1745585563.3039956,humidity,0.35729503631591797
1745585563.5671077,pressure,0.5631670951843262
1745585563.5864844,light,0.3261098861694336
1745585564.1541073,weather,0.4656956195831299
1745585564.2629838,sound,0.9952449798583984
1745585564.3048346,humidity,0.3576326370239258
1745585564.5679672,pressure,0.5633447170257568
1745585564.5871844,light,0.326397180557251
1745585565.1551282,weather,0.4662313461303711
1745585565.2638285,sound,0.9954299926757812
1745585565.3055131,humidity,0.3579113483428955
1745585565.568642,pressure,0.5634346008300781
1745585565.5881639,light,0.32675909996032715
1745585566.1559315,weather,0.46647024154663086
1745585566.2647698,sound,0.9958455562591553
1745585566.306349,humidity,0.35799455642700195
1745585566.5693505,pressure,0.563474178314209
1745585566.5890875,light,0.32701730728149414
1745585567.156849,weather,0.4666304588317871
1745585567.265539,sound,0.9963159561157227
1745585567.307067,humidity,0.3580207824707031
1745585567.570094,pressure,0.5635280609130859
1745585567.5898814,light,0.3273141384124756
1745585568.1576893,weather,0.46680450439453125
1745585568.26638,sound,0.9965410232543945
1745585568.3077512,humidity,0.35832738876342773
1745585568.570831,pressure,0.5638580322265625
1745585568.5909147,light,0.32769346237182617
1745585569.158557,weather,0.4668142795562744
1745585569.26726,sound,0.9968123435974121
1745585569.3089764,humidity,0.35834836959838867
1745585569.5716836,pressure,0.56398606300354
1745585569.5917528,light,0.32714414596557617
1745585570.1596396,weather,0.4676704406738281
1745585570.2698877,sound,0.9988272190093994
1745585570.3100085,humidity,0.35945773124694824
1745585570.572573,pressure,0.5642030239105225
1745585570.592687,light,0.32764434814453125
1745585571.160684,weather,0.4681823253631592
1745585571.271071,sound,0.9997076988220215
1745585571.3108597,humidity,0.3596210479736328
1745585571.574185,pressure,0.5646891593933105
1745585571.593548,light,0.3273429870605469
1745585572.161553,weather,0.46831274032592773
1745585572.2718215,sound,0.998896598815918
1745585572.3116803,humidity,0.35985565185546875
1745585572.57487,pressure,0.5654430389404297
1745585572.594649,light,0.32764291763305664
1745585573.162316,weather,0.4686713218688965
1745585573.2726827,sound,0.9989783763885498
1745585573.3125718,humidity,0.36002540588378906
1745585573.5758014,pressure,0.5656487941741943
1745585573.595631,light,0.32780933380126953
1745585574.163928,weather,0.4696662425994873
1745585574.27325,sound,0.9991705417633057
1745585574.3134766,humidity,0.36041927337646484
1745585574.577031,pressure,0.5660200119018555
1745585574.5963778,light,0.32782649993896484
1745585575.1647608,weather,0.4701049327850342
1745585575.2740412,sound,0.998892068862915
1745585575.3153796,humidity,0.3608248233795166
1745585575.5779665,pressure,0.5669405460357666
1745585575.5972126,light,0.3280625343322754
1745585576.1655178,weather,0.4698481559753418
1745585576.274916,sound,0.9992353916168213
1745585576.3162503,humidity,0.36212658882141113
1745585576.5787067,pressure,0.567147970199585
1745585576.5984817,light,0.32858824729919434
1745585577.166215,weather,0.4700932502746582
1745585577.2756016,sound,0.9990921020507812
1745585577.3168983,humidity,0.36180830001831055
1745585577.5793326,pressure,0.5673081874847412
1745585577.5992553,light,0.3290994167327881
1745585578.166891,weather,0.4703216552734375
1745585578.2773058,sound,0.999549388885498
1745585578.3178039,humidity,0.3620617389678955
1745585578.579982,pressure,0.5675601959228516
1745585578.599921,light,0.3292732238769531
1745585579.1683655,weather,0.4711887836456299
1745585579.277943,sound,1.0001912117004395
1745585579.318473,humidity,0.3621554374694824
1745585579.5809705,pressure,0.5678553581237793
1745585579.6006923,light,0.32958006858825684
1745585580.169283,weather,0.47175049781799316
1745585580.2793992,sound,1.0008480548858643
1745585580.3195045,humidity,0.36266231536865234
1745585580.5826256,pressure,0.5684115886688232
1745585580.6016836,light,0.32993578910827637
1745585581.1700377,weather,0.47206687927246094
1745585581.2802968,sound,1.0012884140014648
1745585581.3203263,humidity,0.3629443645477295
1745585581.5833511,pressure,0.5688796043395996
1745585581.6027102,light,0.3295261859893799
1745585582.171081,weather,0.47233128547668457
1745585582.2809823,sound,1.000519037246704
1745585582.3211918,humidity,0.36311960220336914
1745585582.5841296,pressure,0.5691874027252197
1745585582.60361,light,0.33004331588745117
1745585583.171914,weather,0.4727332592010498
1745585583.281771,sound,1.0006954669952393
1745585583.3218472,humidity,0.3634672164916992
1745585583.585124,pressure,0.5696394443511963
1745585583.604365,light,0.33027100563049316
1745585584.1726737,weather,0.4728720188140869
1745585584.2823603,sound,1.0009090900421143
1745585584.2828436,sound,0.0009279251098632812
1745585584.3227255,humidity,0.3638269901275635
1745585584.5858064,pressure,0.5699882507324219
1745585584.6051407,light,0.33046579360961914
1745585585.173377,weather,0.47332763671875
1745585585.2832778,sound,0.0011491775512695312
1745585585.3235576,humidity,0.36424994468688965
1745585585.586704,pressure,0.5703017711639404
1745585585.6062238,light,0.33112335205078125
1745585586.1741207,weather,0.47347140312194824
1745585586.284257,sound,0.0016400814056396484
1745585586.3244045,humidity,0.36478447914123535
1745585586.5873497,pressure,0.5706291198730469
1745585586.6070518,light,0.33048081398010254
1745585587.1751297,weather,0.4735138416290283
1745585587.2852502,sound,0.001967906951904297
1745585587.3252418,humidity,0.365067720413208
1745585587.588113,pressure,0.5708084106445312
1745585587.6079662,light,0.33090662956237793
1745585588.1760259,weather,0.47380805015563965
1745585588.285947,sound,0.0021257400512695312
1745585588.3260653,humidity,0.3655076026916504
1745585588.588938,pressure,0.5709924697875977
1745585588.6095643,light,0.331712007522583
1745585589.1766758,weather,0.4741964340209961
1745585589.2866914,sound,0.002050638198852539
1745585589.3270905,humidity,0.3659672737121582
1745585589.5897682,pressure,0.5712683200836182
1745585589.6103394,light,0.33234333992004395
1745585590.1785843,weather,0.47441983222961426
1745585590.2872252,sound,0.002295255661010742
1745585590.3287678,humidity,0.3674335479736328
1745585590.5909295,pressure,0.571840763092041
1745585590.6112528,light,0.33288145065307617
1745585591.1799798,weather,0.47655653953552246
1745585591.2878997,sound,0.002451181411743164
1745585591.3302097,humidity,0.3673555850982666
1745585591.5918045,pressure,0.572073221206665
1745585591.612097,light,0.3326702117919922
1745585592.1806865,weather,0.4767758846282959
1745585592.288724,sound,0.0022695064544677734
1745585592.3311884,humidity,0.36779046058654785
1745585592.59269,pressure,0.5721302032470703
1745585592.612851,light,0.3328416347503662
1745585593.1813092,weather,0.4769096374511719
1745585593.2894492,sound,0.002369403839111328
1745585593.3320003,humidity,0.3680739402770996
1745585593.5933473,pressure,0.572514533996582
1745585593.6135008,light,0.33236122131347656
1745585594.1818788,weather,0.47699880599975586
1745585594.2901137,sound,0.002756357192993164
1745585594.3330204,humidity,0.36864209175109863
1745585594.5941367,pressure,0.5727066993713379
1745585594.6142416,light,0.33228516578674316
1745585595.182612,weather,0.4771149158477783
1745585595.290649,sound,0.0028276443481445312
1745585595.3338988,humidity,0.3689100742340088
1745585595.595192,pressure,0.5732851028442383
1745585595.6150675,light,0.33248019218444824
1745585596.1832345,weather,0.4770050048828125
1745585596.291352,sound,0.002770662307739258
1745585596.3349245,humidity,0.36939239501953125
1745585596.5966864,pressure,0.5744509696960449
1745585596.6159225,light,0.33275413513183594
1745585597.183903,weather,0.47718191146850586
1745585597.2925353,sound,0.003256559371948242
1745585597.3359706,humidity,0.3696897029876709
1745585597.5972962,pressure,0.5745546817779541
1745585597.6170022,light,0.33319830894470215
1745585598.1845458,weather,0.4773120880126953
1745585598.2932537,sound,0.0037720203399658203
1745585598.336672,humidity,0.3698399066925049
1745585598.5983481,pressure,0.5749931335449219
1745585598.618066,light,0.33377838134765625
1745585599.1852057,weather,0.4775395393371582
1745585599.2939415,sound,0.003597736358642578
1745585599.3373096,humidity,0.37008094787597656
1745585599.5992334,pressure,0.575507402420044
1745585599.6189985,light,0.3340573310852051
1745585600.185842,weather,0.47771573066711426
1745585600.2945893,sound,0.0037102699279785156
1745585600.338072,humidity,0.3701627254486084
1745585600.601207,pressure,0.5763862133026123
1745585600.619878,light,0.334578275680542
1745585601.1866071,weather,0.478008508682251
1745585601.295715,sound,0.003965616226196289
1745585601.3388863,humidity,0.3704798221588135
1745585601.6021857,pressure,0.5767908096313477
1745585601.620551,light,0.3344695568084717
1745585602.1872902,weather,0.4782588481903076
1745585602.296917,sound,0.0047228336334228516
1745585602.3395836,humidity,0.37087202072143555
1745585602.6030245,pressure,0.5772011280059814
1745585602.621238,light,0.33465147018432617
1745585603.1880736,weather,0.4771761894226074
1745585603.2980208,sound,0.005095481872558594
1745585603.3403654,humidity,0.3709735870361328
1745585603.6037226,pressure,0.5775189399719238
1745585603.622053,light,0.3348984718322754
1745585604.1889381,weather,0.47754907608032227
1745585604.298829,sound,0.005753040313720703
1745585604.3412373,humidity,0.37135934829711914
1745585604.604623,pressure,0.5778486728668213
1745585604.6227155,light,0.33527135848999023
1745585605.1896303,weather,0.47736430168151855
1745585605.299501,sound,0.005812883377075195
1745585605.3422468,humidity,0.3715686798095703
1745585605.6053178,pressure,0.578277587890625
1745585605.6235957,light,0.3355438709259033
1745585606.190328,weather,0.477463960647583
1745585606.3002164,sound,0.0056629180908203125
1745585606.3432443,humidity,0.3721163272857666
1745585606.6069367,pressure,0.5792334079742432
1745585606.624361,light,0.33574891090393066
1745585607.1911945,weather,0.4778571128845215
1745585607.3015466,sound,0.006342887878417969
1745585607.3440826,humidity,0.37256336212158203
1745585607.6078844,pressure,0.5794503688812256
1745585607.6250057,light,0.3360710144042969
1745585608.1919763,weather,0.4770936965942383
1745585608.3021622,sound,0.006684780120849609
1745585608.3449452,humidity,0.37280917167663574
1745585608.6085606,pressure,0.5793972015380859
1745585608.6256902,light,0.33628010749816895
1745585609.1929088,weather,0.4774973392486572
1745585609.3030214,sound,0.007010221481323242
1745585609.3466566,humidity,0.3737335205078125
1745585609.6093192,pressure,0.57938551902771
1745585609.6272604,light,0.3373715877532959
1745585610.1939282,weather,0.4778752326965332
1745585610.3037882,sound,0.0073392391204833984
1745585610.347397,humidity,0.3743314743041992
1745585610.610102,pressure,0.5797069072723389
1745585610.6284506,light,0.33789801597595215
1745585611.1950214,weather,0.4783947467803955
1745585611.3048992,sound,0.00757288932800293
1745585611.3483312,humidity,0.3744330406188965
1745585611.6108608,pressure,0.5795638561248779
1745585611.6292257,light,0.33830690383911133
1745585612.1965103,weather,0.47879600524902344
1745585612.3059022,sound,0.00815129280090332
1745585612.3491933,humidity,0.3750326633453369
1745585612.611957,pressure,0.580153226852417
1745585612.6302354,light,0.33844590187072754
1745585613.1971834,weather,0.47971606254577637
1745585613.3065746,sound,0.008370637893676758
1745585613.349876,humidity,0.3749685287475586
1745585613.6128116,pressure,0.5806128978729248
1745585613.6310143,light,0.3386380672454834
1745585614.1984518,weather,0.4804697036743164
1745585614.3072374,sound,0.008649826049804688
1745585614.3506331,humidity,0.37529420852661133
1745585614.6134937,pressure,0.5809974670410156
1745585614.6318147,light,0.33882880210876465
1745585615.199574,weather,0.48104023933410645
1745585615.3078444,sound,0.008404970169067383
1745585615.3514857,humidity,0.37549829483032227
1745585615.6145613,pressure,0.5815002918243408
1745585615.6327047,light,0.3390939235687256
1745585616.2005968,weather,0.48092150688171387
1745585616.3086135,sound,0.008723020553588867
1745585616.3523088,humidity,0.3757050037384033
1745585616.6151881,pressure,0.5818605422973633
1745585616.6337304,light,0.33954691886901855
1745585617.2012722,weather,0.48136425018310547
1745585617.30949,sound,0.00883936882019043
1745585617.3529782,humidity,0.3759322166442871
1745585617.6158016,pressure,0.5818765163421631
1745585617.6346216,light,0.3396899700164795
1745585618.2020855,weather,0.48161911964416504
1745585618.310164,sound,0.00901651382446289
1745585618.3536448,humidity,0.37607431411743164
1745585618.616562,pressure,0.5820190906524658
1745585618.6352172,light,0.3397984504699707
1745585619.203062,weather,0.48204731941223145
1745585619.3109941,sound,0.009417057037353516
1745585619.355016,humidity,0.37659406661987305
1745585619.6172168,pressure,0.5821175575256348
1745585619.635839,light,0.33989620208740234
1745585620.2048967,weather,0.48360252380371094
1745585620.3120809,sound,0.009826898574829102
1745585620.3559847,humidity,0.3774607181549072
1745585620.6180573,pressure,0.5823485851287842
1745585620.6369026,light,0.3404257297515869
1745585621.2058258,weather,0.48401975631713867
1745585621.312815,sound,0.009907007217407227
1745585621.3568149,humidity,0.37741589546203613
1745585621.6189153,pressure,0.5822451114654541
1745585621.6377647,light,0.34053921699523926
1745585622.2065456,weather,0.48419785499572754
1745585622.313636,sound,0.010082483291625977
1745585622.3576155,humidity,0.37770891189575195
1745585622.6197507,pressure,0.5824968814849854
1745585622.6385155,light,0.3407435417175293
1745585623.2071497,weather,0.48431968688964844
1745585623.314911,sound,0.01083993911743164
1745585623.3583379,humidity,0.3777487277984619
1745585623.620334,pressure,0.5827217102050781
1745585623.639212,light,0.3409116268157959
1745585624.2079842,weather,0.4845542907714844
1745585624.3156896,sound,0.011285543441772461
1745585624.359085,humidity,0.3778665065765381
1745585624.6209314,pressure,0.5828602313995361
1745585624.6400228,light,0.3413221836090088
1745585625.2088346,weather,0.48499417304992676
1745585625.3165822,sound,0.011539697647094727
1745585625.3601232,humidity,0.3782937526702881
1745585625.6217191,pressure,0.583143949508667
1745585625.6407895,light,0.34134984016418457
1745585626.20953,weather,0.4851508140563965
1745585626.3173184,sound,0.011290550231933594
1745585626.3607895,humidity,0.37870073318481445
1745585626.622305,pressure,0.5834310054779053
1745585626.6418035,light,0.3416717052459717
1745585627.2106586,weather,0.48563075065612793
1745585627.3180966,sound,0.011649847030639648
1745585627.3618352,humidity,0.37917089462280273
1745585627.623457,pressure,0.5840592384338379
1745585627.6425865,light,0.34212279319763184
1745585628.2113037,weather,0.4844486713409424
1745585628.318825,sound,0.011546134948730469
1745585628.3625264,humidity,0.37944912910461426
1745585628.6246562,pressure,0.583721399307251
1745585628.643293,light,0.3420698642730713
1745585629.2120328,weather,0.4843616485595703
1745585629.3195229,sound,0.01169276237487793
1745585629.3632116,humidity,0.3795440196990967
1745585629.6257105,pressure,0.5840845108032227
1745585629.6440136,light,0.3422739505767822
1745585630.2126706,weather,0.48450589179992676
1745585630.3206055,sound,0.01221919059753418
1745585630.3641324,humidity,0.3799479007720947
1745585630.626583,pressure,0.5843603610992432
1745585630.6448088,light,0.3426790237426758
1745585631.2134717,weather,0.48419642448425293
1745585631.3213413,sound,0.012598752975463867
1745585631.365147,humidity,0.37930893898010254
1745585631.6277611,pressure,0.5849308967590332
1745585631.6457567,light,0.34277820587158203
1745585632.2143497,weather,0.48424458503723145
1745585632.3220358,sound,0.012822151184082031
1745585632.3658276,humidity,0.3795957565307617
1745585632.6287873,pressure,0.5852172374725342
1745585632.6463952,light,0.3429398536682129
1745585633.2151585,weather,0.4845278263092041
1745585633.3228514,sound,0.012911796569824219
1745585633.3667164,humidity,0.3797726631164551
1745585633.629392,pressure,0.5845608711242676
1745585633.6470318,light,0.34303784370422363
1745585634.2162263,weather,0.48467373847961426
1745585634.323977,sound,0.013113737106323242
1745585634.3676739,humidity,0.38016843795776367
1745585634.6301744,pressure,0.5846614837646484
1745585634.6478655,light,0.3432590961456299
1745585635.216768,weather,0.4847850799560547
1745585635.3247674,sound,0.013486385345458984
1745585635.3684788,humidity,0.38034534454345703
1745585635.6311896,pressure,0.5849003791809082
1745585635.6485174,light,0.34322214126586914
1745585636.2173245,weather,0.48487329483032227
1745585636.3255694,sound,0.013802766799926758
1745585636.369477,humidity,0.38080644607543945
1745585636.631979,pressure,0.5852043628692627
1745585636.6494753,light,0.3435094356536865
1745585637.2179701,weather,0.4848177433013916
1745585637.3263853,sound,0.014019250869750977
1745585637.3705726,humidity,0.3811326026916504
1745585637.632661,pressure,0.5848169326782227
1745585637.6502569,light,0.3438546657562256
1745585638.2189102,weather,0.48493242263793945
1745585638.3272448,sound,0.01418447494506836
1745585638.3712292,humidity,0.38116979598999023
1745585638.6332054,pressure,0.584630012512207
1745585638.6509454,light,0.3436284065246582
1745585639.2198658,weather,0.48551058769226074
1745585639.3279161,sound,0.014588594436645508
1745585639.3721068,humidity,0.38139843940734863
1745585639.6342402,pressure,0.5849206447601318
1745585639.6526618,light,0.34496045112609863
1745585640.2205768,weather,0.4857206344604492
1745585640.3289971,sound,0.014809370040893555
1745585640.3730087,humidity,0.38198041915893555
1745585640.6348748,pressure,0.5853073596954346
1745585640.6533983,light,0.34501028060913086
1745585641.2213242,weather,0.48601675033569336
1745585641.3298745,sound,0.015226364135742188
1745585641.3737543,humidity,0.3817174434661865
1745585641.6354947,pressure,0.5851945877075195
1745585641.6549168,light,0.3460350036621094
1745585642.2222433,weather,0.4863154888153076
1745585642.3323514,sound,0.017194032669067383
1745585642.3749077,humidity,0.382244348526001
1745585642.6364958,pressure,0.5856668949127197
1745585642.656048,light,0.34645915031433105
1745585643.2228684,weather,0.48678159713745117
1745585643.3331723,sound,0.01697397232055664
1745585643.375908,humidity,0.3827371597290039
1745585643.6371167,pressure,0.5857141017913818
1745585643.6569085,light,0.34682226181030273
1745585644.2237642,weather,0.4871816635131836
1745585644.3338451,sound,0.01714920997619629
1745585644.3766894,humidity,0.3829495906829834
1745585644.6381752,pressure,0.5859477519989014
1745585644.6578417,light,0.34739208221435547
1745585645.224354,weather,0.487140417098999
1745585645.3348134,sound,0.017483949661254883
1745585645.3775678,humidity,0.383425235748291
1745585645.6388662,pressure,0.5860652923583984
1745585645.6586678,light,0.34758758544921875
1745585646.2252882,weather,0.487163782119751
1745585646.3355625,sound,0.01775193214416504
1745585646.37855,humidity,0.3833749294281006
1745585646.639989,pressure,0.5865833759307861
1745585646.6593635,light,0.3481004238128662
1745585647.2265534,weather,0.48790955543518066
1745585647.3367305,sound,0.018253564834594727
1745585647.3795097,humidity,0.38388967514038086
1745585647.6410105,pressure,0.587029218673706
1745585647.6606662,light,0.3488328456878662
1745585648.2275069,weather,0.48732829093933105
1745585648.3378437,sound,0.018964290618896484
1745585648.3806033,humidity,0.3841547966003418
1745585648.6417034,pressure,0.5868432521820068
1745585648.661583,light,0.34908223152160645
1745585649.2282887,weather,0.48659229278564453
1745585649.3387096,sound,0.019441843032836914
1745585649.381345,humidity,0.38451337814331055
1745585649.6427286,pressure,0.5870320796966553
1745585649.6623073,light,0.3490111827850342
1745585650.2288404,weather,0.4866816997528076
1745585650.3391697,sound,0.019605159759521484
1745585650.3819075,humidity,0.3847835063934326
1745585650.6433465,pressure,0.5874316692352295
1745585650.6631615,light,0.34837865829467773
1745585651.2296154,weather,0.4868135452270508
1745585651.3399847,sound,0.019820451736450195
1745585651.382919,humidity,0.38478970527648926
1745585651.6446524,pressure,0.5880181789398193
1745585651.6638846,light,0.34746623039245605
1745585652.230746,weather,0.48741960525512695
1745585652.3408375,sound,0.020206928253173828
1745585652.3838236,humidity,0.38541674613952637
1745585652.645563,pressure,0.587895393371582
1745585652.66479,light,0.34767937660217285
1745585653.2313688,weather,0.48775172233581543
1745585653.3416355,sound,0.020396947860717773
1745585653.3845353,humidity,0.3856174945831299
1745585653.6462352,pressure,0.5880804061889648
1745585653.6655948,light,0.3478367328643799
1745585654.2320442,weather,0.48780369758605957
1745585654.342275,sound,0.02069091796875
1745585654.3852184,humidity,0.3858177661895752
1745585654.6471846,pressure,0.5879833698272705
1745585654.6662455,light,0.34815192222595215
1745585655.2329125,weather,0.48810410499572754
1745585655.3433974,sound,0.02106785774230957
1745585655.3860395,humidity,0.38620901107788086
1745585655.6477962,pressure,0.5875914096832275
1745585655.6668231,light,0.3483870029449463
1745585656.233607,weather,0.48827576637268066
1745585656.3441086,sound,0.021495342254638672
1745585656.3867466,humidity,0.3865022659301758
1745585656.6488364,pressure,0.5881164073944092
1745585656.6676776,light,0.34876441955566406
1745585657.234651,weather,0.4886651039123535
1745585657.3451207,sound,0.021957874298095703
1745585657.3874545,humidity,0.38679003715515137
1745585657.6495864,pressure,0.5881731510162354
1745585657.6683018,light,0.34882307052612305
1745585658.235699,weather,0.489154577255249
1745585658.3461514,sound,0.02258014678955078
1745585658.388274,humidity,0.3865971565246582
1745585658.6503847,pressure,0.5884861946105957
1745585658.6691403,light,0.3492422103881836
1745585659.2367532,weather,0.4896535873413086
1745585659.3471045,sound,0.022955894470214844
1745585659.3890493,humidity,0.3868436813354492
1745585659.6509964,pressure,0.5884416103363037
1745585659.6698916,light,0.3496408462524414
1745585660.2376823,weather,0.4901762008666992
1745585660.3478732,sound,0.02332758903503418
1745585660.3901024,humidity,0.3872394561767578
1745585660.65165,pressure,0.5887057781219482
1745585660.6707087,light,0.3496522903442383
1745585661.2384017,weather,0.4899773597717285
1745585661.348789,sound,0.0236055850982666
1745585661.3911476,humidity,0.38782191276550293
1745585661.6523533,pressure,0.5889420509338379
1745585661.6713674,light,0.35000014305114746
1745585662.2391567,weather,0.4902076721191406
1745585662.3496976,sound,0.023589611053466797
1745585662.3920977,humidity,0.3880925178527832
1745585662.6530309,pressure,0.5892350673675537
1745585662.6721432,light,0.3502504825592041
1745585663.239858,weather,0.49041295051574707
1745585663.3505404,sound,0.023247718811035156
1745585663.3929734,humidity,0.38840818405151367
1745585663.653762,pressure,0.5896289348602295
1745585663.6728265,light,0.35021281242370605
1745585664.240691,weather,0.49084925651550293
1745585664.3513644,sound,0.023458480834960938
1745585664.3938518,humidity,0.38838934898376465
1745585664.6547973,pressure,0.5902273654937744
1745585664.6732976,light,0.3496713638305664
1745585665.2416008,weather,0.4909501075744629
1745585665.3522468,sound,0.02364182472229004
1745585665.3946114,humidity,0.3888566493988037
1745585665.6559083,pressure,0.5907988548278809
1745585665.6740851,light,0.3499257564544678
1745585666.2423854,weather,0.49138951301574707
1745585666.3531556,sound,0.023545503616333008
1745585666.3954694,humidity,0.38917016983032227
1745585666.6571522,pressure,0.5915675163269043
1745585666.6749105,light,0.35040855407714844
1745585667.2433646,weather,0.49173426628112793
1745585667.353912,sound,0.02355670928955078
1745585667.3962307,humidity,0.3893113136291504
1745585667.6580768,pressure,0.5920259952545166
1745585667.6758423,light,0.3508567810058594
1745585668.2442195,weather,0.49144887924194336
1745585668.3547828,sound,0.023921966552734375
1745585668.397063,humidity,0.3896670341491699
1745585668.65887,pressure,0.592416524887085
1745585668.6774101,light,0.35140538215637207
1745585669.2454104,weather,0.49228739738464355
1745585669.3554635,sound,0.023845195770263672
1745585669.3978047,humidity,0.38995957374572754
1745585669.6594641,pressure,0.5925030708312988
1745585669.6783018,light,0.352222204208374
1745585670.2460992,weather,0.49233365058898926
1745585670.3560708,sound,0.024062395095825195
1745585670.3985062,humidity,0.39018702507019043
1745585670.6602716,pressure,0.5928387641906738
1745585670.678979,light,0.3520846366882324
1745585671.2470338,weather,0.49281764030456543
1745585671.3570943,sound,0.024587631225585938
1745585671.3991766,humidity,0.3900763988494873
1745585671.660955,pressure,0.5931646823883057
1745585671.679924,light,0.351672887802124
1745585672.2478967,weather,0.49306225776672363
1745585672.357797,sound,0.024893999099731445
1745585672.4001632,humidity,0.39027833938598633
1745585672.661833,pressure,0.5934922695159912
1745585672.6810207,light,0.3523745536804199
1745585673.2486145,weather,0.49355125427246094
1745585673.358684,sound,0.025357484817504883
1745585673.4007633,humidity,0.3907175064086914
1745585673.662699,pressure,0.5939481258392334
1745585673.681726,light,0.35285234451293945
1745585674.2494583,weather,0.49372363090515137
1745585674.3592694,sound,0.023663997650146484
1745585674.4016407,humidity,0.3908405303955078
1745585674.6637306,pressure,0.593860387802124
1745585674.6828725,light,0.3534665107727051
1745585675.2502995,weather,0.4941065311431885
1745585675.3602717,sound,0.023920536041259766
1745585675.4027624,humidity,0.3911871910095215
1745585675.6646075,pressure,0.5943629741668701
1745585675.6838586,light,0.3535604476928711
1745585676.2509913,weather,0.4943540096282959
1745585676.360989,sound,0.024178504943847656
1745585676.403671,humidity,0.3918581008911133
1745585676.6657863,pressure,0.5948610305786133
1745585676.6847267,light,0.35414624214172363
1745585677.251873,weather,0.49448728561401367
1745585677.3615432,sound,0.0240938663482666
1745585677.4045455,humidity,0.39230775833129883
1745585677.666568,pressure,0.595198392868042
1745585677.6857803,light,0.3540031909942627
1745585678.2525742,weather,0.49469757080078125
1745585678.363103,sound,0.025094032287597656
1745585678.4053504,humidity,0.3914332389831543
1745585678.6672044,pressure,0.595379114151001
1745585678.6866956,light,0.3547987937927246
1745585679.2533329,weather,0.49477672576904297
1745585679.3641686,sound,0.02567577362060547
1745585679.4065475,humidity,0.3916780948638916
1745585679.66802,pressure,0.595841646194458
1745585679.6873648,light,0.35511183738708496
1745585680.2541542,weather,0.494997501373291
1745585680.364904,sound,0.025985240936279297
1745585680.4073057,humidity,0.3919649124145508
1745585680.6687026,pressure,0.5951344966888428
1745585680.688014,light,0.35520410537719727
1745585681.2551768,weather,0.4957234859466553
1745585681.3656178,sound,0.026076078414916992
1745585681.4082608,humidity,0.3924374580383301
1745585681.6700063,pressure,0.5954711437225342
1745585681.6888509,light,0.3554549217224121
1745585682.256015,weather,0.49580883979797363
1745585682.3667045,sound,0.026316165924072266
1745585682.408994,humidity,0.3925302028656006
1745585682.6711335,pressure,0.5956897735595703
1745585682.6897657,light,0.35577845573425293
1745585683.2571127,weather,0.4963057041168213
1745585683.3675866,sound,0.02692699432373047
1745585683.4098926,humidity,0.3927035331726074
1745585683.671936,pressure,0.5958967208862305
1745585683.6907284,light,0.35643458366394043
1745585684.258753,weather,0.49759507179260254
1745585684.3686244,sound,0.02724003791809082
1745585684.4106789,humidity,0.39299750328063965
1745585684.6727417,pressure,0.5955612659454346
1745585684.6912317,light,0.3562157154083252
1745585685.2597358,weather,0.49777722358703613
1745585685.369512,sound,0.02782583236694336
1745585685.4115987,humidity,0.3932797908782959
1745585685.673564,pressure,0.5956566333770752
1745585685.6929057,light,0.3574082851409912
1745585686.2605703,weather,0.49817585945129395
1745585686.3701422,sound,0.027977705001831055
1745585686.4127371,humidity,0.39412879943847656
1745585686.674149,pressure,0.5955898761749268
1745585686.6937234,light,0.35755062103271484
1745585687.2613993,weather,0.49842143058776855
1745585687.3709676,sound,0.028007030487060547
1745585687.4137695,humidity,0.3947422504425049
1745585687.6748304,pressure,0.5958092212677002
1745585687.694542,light,0.35791778564453125
1745585688.2624662,weather,0.4988267421722412
1745585688.3717663,sound,0.028255939483642578
1745585688.4144788,humidity,0.39476561546325684
1745585688.6756873,pressure,0.5957648754119873
1745585688.695604,light,0.35851049423217773
1745585689.2640066,weather,0.4999663829803467
1745585689.372589,sound,0.028510332107543945
1745585689.415502,humidity,0.39498233795166016
1745585689.6766055,pressure,0.5964870452880859
1745585689.696408,light,0.35877323150634766
1745585690.2647927,weather,0.5002956390380859
1745585690.3735547,sound,0.029102563858032227
1745585690.416145,humidity,0.395357608795166
1745585690.6773233,pressure,0.5966460704803467
1745585690.697125,light,0.35894322395324707
1745585691.265722,weather,0.5006837844848633
1745585691.3740993,sound,0.029030799865722656
1745585691.4168077,humidity,0.3955962657928467
1745585691.6781206,pressure,0.5969126224517822
1745585691.6979187,light,0.359285831451416
1745585692.26655,weather,0.5011277198791504
1745585692.3747818,sound,0.02921748161315918
1745585692.4175465,humidity,0.3957698345184326
1745585692.6792874,pressure,0.5974490642547607
1745585692.6990528,light,0.3593111038208008
1745585693.2674987,weather,0.5014262199401855
1745585693.3756416,sound,0.02957463264465332
1745585693.4184592,humidity,0.3960764408111572
1745585693.6800792,pressure,0.597914457321167
1745585693.7000158,light,0.3596312999725342
1745585694.2683623,weather,0.5019960403442383
1745585694.376365,sound,0.029774904251098633
1745585694.4193342,humidity,0.39646387100219727
1745585694.680848,pressure,0.5981979370117188
1745585694.7006333,light,0.3596956729888916
1745585695.2693326,weather,0.5022385120391846
1745585695.3774014,sound,0.029886960983276367
1745585695.4200742,humidity,0.39664387702941895
1745585695.6816342,pressure,0.5981283187866211
1745585695.70164,light,0.3598289489746094
1745585696.270106,weather,0.5026195049285889
1745585696.3781934,sound,0.03013753890991211
1745585696.4207323,humidity,0.3968348503112793
1745585696.6822326,pressure,0.5983195304870605
1745585696.702553,light,0.36014604568481445
1745585697.2710254,weather,0.5030195713043213
1745585697.3788695,sound,0.029912471771240234
1745585697.4216454,humidity,0.39730191230773926
1745585697.682924,pressure,0.598466157913208
1745585697.7039397,light,0.360504150390625
1745585698.2718403,weather,0.503265380859375
1745585698.379872,sound,0.030119657516479492
1745585698.4225113,humidity,0.39746880531311035
1745585698.6837397,pressure,0.5985758304595947
1745585698.7047849,light,0.36128854751586914
1745585699.274067,weather,0.504957914352417
1745585699.3811538,sound,0.03066229820251465
1745585699.4235191,humidity,0.3978908061981201
1745585699.6843681,pressure,0.5988013744354248
1745585699.7056522,light,0.36159396171569824
1745585700.275463,weather,0.5056657791137695
1745585700.3822894,sound,0.031507253646850586
1745585700.4245858,humidity,0.39867115020751953
1745585700.6852763,pressure,0.5972757339477539
1745585700.7073371,light,0.3625781536102295
1745585701.2763054,weather,0.5058698654174805
1745585701.3834894,sound,0.031821250915527344
1745585701.4255116,humidity,0.3990135192871094
1745585701.6860194,pressure,0.5971512794494629
1745585701.7086575,light,0.3633747100830078
1745585702.2771938,weather,0.5062272548675537
1745585702.3843243,sound,0.032343387603759766
1745585702.426366,humidity,0.3992950916290283
1745585702.6866918,pressure,0.5970451831817627
1745585702.7099457,light,0.36408162117004395
1745585703.277895,weather,0.5065305233001709
1745585703.385264,sound,0.03285980224609375
1745585703.4273658,humidity,0.3997211456298828
1745585703.6873052,pressure,0.5970683097839355
1745585703.710853,light,0.36432933807373047
1745585704.278725,weather,0.5067212581634521
1745585704.385998,sound,0.03308916091918945
1745585704.4280853,humidity,0.4000544548034668
1745585704.6882067,pressure,0.5970394611358643
1745585704.7118897,light,0.36482882499694824
1745585705.2799442,weather,0.5073168277740479
1745585705.386887,sound,0.03347206115722656
1745585705.4288504,humidity,0.4003562927246094
1745585705.6890876,pressure,0.5972354412078857
1745585705.712638,light,0.36516547203063965
1745585706.2809691,weather,0.5077240467071533
1745585706.3879328,sound,0.033712148666381836
1745585706.429912,humidity,0.40093231201171875
1745585706.6897671,pressure,0.597318172454834
1745585706.7136683,light,0.36560678482055664
1745585707.2817695,weather,0.5082461833953857
1745585707.3888068,sound,0.03425002098083496
1745585707.4311326,humidity,0.40167856216430664
1745585707.690782,pressure,0.5976593494415283
1745585707.714925,light,0.3663163185119629
1745585708.282696,weather,0.508620023727417
1745585708.389731,sound,0.034375905990600586
1745585708.4319046,humidity,0.40087413787841797
1745585708.6915064,pressure,0.5978927612304688
1745585708.7158012,light,0.36692285537719727
1745585709.2835364,weather,0.5089843273162842
1745585709.3904,sound,0.03461432456970215
1745585709.432785,humidity,0.40136241912841797
1745585709.6919754,pressure,0.5980846881866455
1745585709.7164817,light,0.36708688735961914
1745585710.2843325,weather,0.5092732906341553
1745585710.3910713,sound,0.0348668098449707
1745585710.4338126,humidity,0.40150022506713867
1745585710.6925619,pressure,0.5982770919799805
1745585710.7170715,light,0.3671720027923584
1745585711.2849925,weather,0.5093929767608643
1745585711.3919303,sound,0.0346982479095459
1745585711.4348373,humidity,0.4016900062561035
1745585711.6933656,pressure,0.598297119140625
1745585711.7187955,light,0.3682878017425537
1745585712.2858515,weather,0.5097441673278809
1745585712.392858,sound,0.03525876998901367
1745585712.4358861,humidity,0.40210556983947754
1745585712.694242,pressure,0.5986659526824951
1745585712.7196774,light,0.36873769760131836
1745585713.2867308,weather,0.5098075866699219
1745585713.393783,sound,0.03575730323791504
1745585713.4366653,humidity,0.4025306701660156
1745585713.694931,pressure,0.5986330509185791
1745585713.7202864,light,0.3689110279083252
1745585714.2874467,weather,0.5093109607696533
1745585714.394858,sound,0.03585195541381836
1745585714.4373684,humidity,0.4028129577636719
1745585714.695718,pressure,0.5989155769348145
1745585714.7211666,light,0.36928796768188477
1745585715.2881787,weather,0.5095160007476807
1745585715.395673,sound,0.03579354286193848
1745585715.4382334,humidity,0.40326571464538574
1745585715.6964707,pressure,0.599123477935791
1745585715.7223666,light,0.37008118629455566
1745585716.2891972,weather,0.5100440979003906
1745585716.3967133,sound,0.03629565238952637
1745585716.4390597,humidity,0.4028506278991699
1745585716.697141,pressure,0.5992903709411621
1745585716.723197,light,0.37044644355773926
1745585717.2898927,weather,0.5103182792663574
1745585717.3975732,sound,0.036702632904052734
1745585717.4397826,humidity,0.40286731719970703
1745585717.6982036,pressure,0.5995445251464844
1745585717.7242434,light,0.37056899070739746
1745585718.2906182,weather,0.5105636119842529
1745585718.3985188,sound,0.03671884536743164
1745585718.440392,humidity,0.4029974937438965
1745585718.6992276,pressure,0.6002068519592285
1745585718.7250721,light,0.3711702823638916
1745585719.2912118,weather,0.5106816291809082
1745585719.399579,sound,0.03708481788635254
1745585719.442319,humidity,0.40355849266052246
1745585719.7000067,pressure,0.6006984710693359
1745585719.7259572,light,0.37150096893310547
1745585720.2916908,weather,0.5106871128082275
1745585720.4004896,sound,0.03756427764892578
1745585720.4436853,humidity,0.4045908451080322
1745585720.7014766,pressure,0.6015465259552002
1745585720.7268696,light,0.3719003200531006
1745585721.2923717,weather,0.5106301307678223
1745585721.401285,sound,0.03791308403015137
1745585721.444621,humidity,0.40497565269470215
1745585721.7024577,pressure,0.6021652221679688
1745585721.727614,light,0.37166452407836914
1745585722.2932832,weather,0.5095186233520508
1745585722.4021606,sound,0.0381617546081543
1745585722.445365,humidity,0.40531063079833984
1745585722.7031565,pressure,0.6024742126464844
1745585722.7285082,light,0.37203311920166016
1745585723.2944682,weather,0.5102217197418213
1745585723.4030492,sound,0.03840136528015137
1745585723.4460788,humidity,0.4055004119873047
1745585723.7040257,pressure,0.6025395393371582
1745585723.7292943,light,0.3722493648529053
1745585724.2960482,weather,0.5109150409698486
1745585724.4038744,sound,0.03884553909301758
1745585724.4468238,humidity,0.4057600498199463
1745585724.7047577,pressure,0.6024630069732666
1745585724.7301338,light,0.37268805503845215
1745585725.296818,weather,0.5113470554351807
1745585725.404902,sound,0.0391383171081543
1745585725.4476929,humidity,0.4056119918823242
1745585725.7053692,pressure,0.60270094871521
1745585725.7309213,light,0.3726339340209961
1745585726.2975726,weather,0.5113611221313477
1745585726.4060028,sound,0.03908395767211914
1745585726.4488592,humidity,0.4058654308319092
1745585726.7059681,pressure,0.6025958061218262
1745585726.7316954,light,0.37307000160217285
1745585727.298691,weather,0.5118122100830078
1745585727.4068215,sound,0.03972673416137695
1745585727.4500234,humidity,0.40663671493530273
1745585727.7069113,pressure,0.6028711795806885
1745585727.732668,light,0.37313389778137207
1745585728.299541,weather,0.511298418045044
1745585728.407697,sound,0.04026937484741211
1745585728.4508927,humidity,0.40685319900512695
1745585728.707798,pressure,0.6032390594482422
1745585728.733697,light,0.3738880157470703
1745585729.300232,weather,0.5113921165466309
1745585729.4087136,sound,0.04031229019165039
1745585729.4517024,humidity,0.407259464263916
1745585729.708777,pressure,0.6034808158874512
1745585729.7346005,light,0.3743772506713867
1745585730.3008413,weather,0.5116627216339111
1745585730.4096022,sound,0.04097890853881836
1745585730.452946,humidity,0.408078670501709
1745585730.7097757,pressure,0.6041703224182129
1745585730.7352498,light,0.3744697570800781
1745585731.3015907,weather,0.5114090442657471
1745585731.4102137,sound,0.041094303131103516
1745585731.453989,humidity,0.40747833251953125
1745585731.7108457,pressure,0.6037774085998535
1745585731.7359047,light,0.3744173049926758
1745585732.3023212,weather,0.5115728378295898
1745585732.4112408,sound,0.04157280921936035
1745585732.4546132,humidity,0.40601611137390137
1745585732.7120032,pressure,0.6039078235626221
1745585732.736703,light,0.3747246265411377
1745585733.3030167,weather,0.511702299118042
1745585733.4122472,sound,0.04229164123535156
1745585733.4552333,humidity,0.4062638282775879
1745585733.7129006,pressure,0.6041958332061768
1745585733.7377021,light,0.37549448013305664
1745585734.303718,weather,0.5117433071136475
1745585734.413062,sound,0.04271364212036133
1745585734.4560778,humidity,0.40628790855407715
1745585734.7139843,pressure,0.6047024726867676
1745585734.738403,light,0.3756577968597412
1745585735.3043623,weather,0.5117692947387695
1745585735.4139054,sound,0.0429685115814209
1745585735.4568086,humidity,0.4063384532928467
1745585735.7147453,pressure,0.6050186157226562
1745585735.7392395,light,0.375744104385376
1745585736.3050437,weather,0.5118207931518555
1745585736.41455,sound,0.043100595474243164
1745585736.457885,humidity,0.4064610004425049
1745585736.7154531,pressure,0.6051406860351562
1745585736.7399242,light,0.37586164474487305
1745585737.3059592,weather,0.5116510391235352
1745585737.415197,sound,0.04297208786010742
1745585737.4601579,humidity,0.40811634063720703
1745585737.71617,pressure,0.6053564548492432
1745585737.7406623,light,0.37622857093811035
1745585738.306875,weather,0.5119485855102539
1745585738.41588,sound,0.04331707954406738
1745585738.461165,humidity,0.40870213508605957
1745585738.7170246,pressure,0.6058459281921387
1745585738.7414536,light,0.37637948989868164
1745585739.3075912,weather,0.5121934413909912
1745585739.4165761,sound,0.04341602325439453
1745585739.461878,humidity,0.4089033603668213
1745585739.7179375,pressure,0.6063532829284668
1745585739.7421453,light,0.3765883445739746
1745585740.308404,weather,0.5123586654663086
1745585740.4172685,sound,0.043700456619262695
1745585740.4629097,humidity,0.40922045707702637
1745585740.7187166,pressure,0.6066091060638428
1745585740.7433121,light,0.37694573402404785
1745585741.3091643,weather,0.5124881267547607
1745585741.4183936,sound,0.04402518272399902
1745585741.463613,humidity,0.40911412239074707
1745585741.7207072,pressure,0.6080968379974365
1745585741.7437952,light,0.3768162727355957
1745585742.3100777,weather,0.5129635334014893
1745585742.4194074,sound,0.044606685638427734
1745585742.4665592,humidity,0.41171717643737793
1745585742.721894,pressure,0.6086392402648926
1745585742.7464712,light,0.3789393901824951
1745585743.3111148,weather,0.5122244358062744
1745585743.42048,sound,0.04499030113220215
1745585743.4675329,humidity,0.4122629165649414
1745585743.7226665,pressure,0.6088101863861084
1745585743.74711,light,0.37916111946105957
1745585744.3120902,weather,0.512516975402832
1745585744.421534,sound,0.04559779167175293
1745585744.4682965,humidity,0.41240906715393066
1745585744.7235093,pressure,0.6085054874420166
1745585744.747882,light,0.37948155403137207
1745585745.312887,weather,0.5125937461853027
1745585745.4222186,sound,0.04604911804199219
1745585745.469159,humidity,0.4129469394683838
1745585745.7242281,pressure,0.6076669692993164
1745585745.748663,light,0.3797440528869629
1745585746.313665,weather,0.5130300521850586
1745585746.4230123,sound,0.04634594917297363
1745585746.4699743,humidity,0.4129316806793213
1745585746.7253492,pressure,0.6080794334411621
1745585746.7494664,light,0.3798084259033203
1745585747.3147585,weather,0.5118999481201172
1745585747.4238489,sound,0.04677462577819824
1745585747.4708107,humidity,0.4135119915008545
1745585747.7258835,pressure,0.6081454753875732
1745585747.7503145,light,0.3802006244659424
1745585748.3156693,weather,0.5125198364257812
1745585748.4249053,sound,0.047266244888305664
1745585748.4716394,humidity,0.41306543350219727
1745585748.7265782,pressure,0.6075456142425537
1745585748.750907,light,0.3802938461303711
1745585749.3166115,weather,0.5128316879272461
1745585749.426048,sound,0.04740190505981445
1745585749.4726748,humidity,0.41345787048339844
1745585749.7272227,pressure,0.6076357364654541
1745585749.7517445,light,0.3804190158843994
1745585750.3179529,weather,0.5137081146240234
1745585750.4269655,sound,0.04812502861022949
1745585750.473491,humidity,0.41379213333129883
1745585750.7282085,pressure,0.6079909801483154
1745585750.753021,light,0.38085079193115234
1745585751.318621,weather,0.5138287544250488
1745585751.427661,sound,0.04807138442993164
1745585751.47469,humidity,0.414172887802124
1745585751.7286298,pressure,0.6080925464630127
1745585751.7536361,light,0.38075685501098633
1745585752.3192818,weather,0.5135586261749268
1745585752.4285426,sound,0.04827690124511719
1745585752.4751902,humidity,0.4144132137298584
1745585752.7293453,pressure,0.6074278354644775
1745585752.7541263,light,0.38091325759887695
1745585753.3203511,weather,0.5141801834106445
1745585753.4292445,sound,0.048477888107299805
1745585753.476044,humidity,0.4148447513580322
1745585753.7302723,pressure,0.6078150272369385
1745585753.7547724,light,0.3811194896697998
1745585754.4301076,sound,0.04888153076171875
1745585754.4768896,humidity,0.41538476943969727
1745585754.731096,pressure,0.6081221103668213
1745585754.7555757,light,0.38115882873535156
1745585755.4307764,sound,0.04908633232116699
1745585755.4775348,humidity,0.41555142402648926
1745585755.7318451,pressure,0.6082663536071777
1745585755.7562678,light,0.3814723491668701
1745585756.4315705,sound,0.04930758476257324
1745585756.4786367,humidity,0.4160592555999756
1745585756.732698,pressure,0.6086633205413818
1745585756.7570825,light,0.3817431926727295
1745585757.4323976,sound,0.04967784881591797
1745585757.47911,humidity,0.41631174087524414
1745585757.7334478,pressure,0.6086487770080566
1745585757.7580616,light,0.38221216201782227
1745585758.4335763,sound,0.050220489501953125
1745585758.4799592,humidity,0.4163227081298828
1745585758.7589717,light,0.3826718330383301
1745585759.4344735,sound,0.05069780349731445
1745585759.4820042,humidity,0.4173269271850586
1745585759.7601485,light,0.38323354721069336
1745585760.4842951,humidity,0.41955995559692383
1745585760.7613091,light,0.3838667869567871
1745585761.4851134,humidity,0.41957616806030273
1745585761.7620168,light,0.3838517665863037
1745585762.7626154,light,0.3836236000061035
1745585763.7634826,light,0.38384246826171875
1745585764.7644668,light,0.3845055103302002
